<?xml version="1.0" encoding="UTF-8"?>
<!DOCTYPE article PUBLIC "-//NLM//DTD JATS (Z39.96) Journal Archiving and Interchange DTD with MathML3 v1.3 20210610//EN" "http://jats.nlm.nih.gov/publishing/1.3/JATS-archivearticle1-3-mathml3.dtd">
<article xmlns:mml="http://www.w3.org/1998/Math/MathML" xmlns:xlink="http://www.w3.org/1999/xlink" xmlns:xsi="http://www.w3.org/2001/XMLSchema-instance" xmlns:ali="http://www.niso.org/schemas/ali/1.0/" dtd-version="1.3" xml:lang="en" id="main">
<front>
<article-meta>
<article-id pub-id-type="doi">10.25080/VPNX1595</article-id>
<title-group>
<article-title>Evaluating Probabilistic Forecasters with sktime and tsbootstrap — Easy-to-Use, Configurable Frameworks for Reproducible Science</article-title>
<alt-title alt-title-type="running-head">Evaluating Probabilistic Forecasters with sktime and tsbootstrap</alt-title>
</title-group>
<contrib-group>
<contrib contrib-type="author">
<contrib-id contrib-id-type="orcid">https://orcid.org/0000-0002-1923-0848</contrib-id>
<name name-style="western"><surname>Heidrich</surname><given-names>Benedikt</given-names></name>
<role vocab="credit" vocab-identifier="https://credit.niso.org/" vocab-term="Conceptualization" vocab-term-identifier="https://credit.niso.org/contributor-roles/conceptualization/">Conceptualization</role>
<role vocab="credit" vocab-identifier="https://credit.niso.org/" vocab-term="Writing – original draft" vocab-term-identifier="https://credit.niso.org/contributor-roles/writing-original-draft/">Writing – original draft</role>
<role vocab="credit" vocab-identifier="https://credit.niso.org/" vocab-term="Software" vocab-term-identifier="https://credit.niso.org/contributor-roles/software/">Software</role>
<role vocab="credit" vocab-identifier="https://credit.niso.org/" vocab-term="Visualization" vocab-term-identifier="https://credit.niso.org/contributor-roles/visualization/">Visualization</role>
<role vocab="credit" vocab-identifier="https://credit.niso.org/" vocab-term="Writing – review &amp; editing" vocab-term-identifier="https://credit.niso.org/contributor-roles/writing-review-editing/">Writing – review &amp; editing</role>
<role vocab="credit" vocab-identifier="https://credit.niso.org/" vocab-term="Investigation" vocab-term-identifier="https://credit.niso.org/contributor-roles/investigation/">Investigation</role>
<xref ref-type="aff" rid="aff-1"/>
<email>benedikt.heidrich@sktime.net</email>
</contrib>
<contrib contrib-type="author" corresp="yes">
<contrib-id contrib-id-type="orcid">https://orcid.org/0000-0002-3645-4501</contrib-id>
<name name-style="western"><surname>Gilda</surname><given-names>Sankalp</given-names></name>
<role vocab="credit" vocab-identifier="https://credit.niso.org/" vocab-term="Conceptualization" vocab-term-identifier="https://credit.niso.org/contributor-roles/conceptualization/">Conceptualization</role>
<role vocab="credit" vocab-identifier="https://credit.niso.org/" vocab-term="Writing – original draft" vocab-term-identifier="https://credit.niso.org/contributor-roles/writing-original-draft/">Writing – original draft</role>
<role vocab="credit" vocab-identifier="https://credit.niso.org/" vocab-term="Software" vocab-term-identifier="https://credit.niso.org/contributor-roles/software/">Software</role>
<role vocab="credit" vocab-identifier="https://credit.niso.org/" vocab-term="Visualization" vocab-term-identifier="https://credit.niso.org/contributor-roles/visualization/">Visualization</role>
<role vocab="credit" vocab-identifier="https://credit.niso.org/" vocab-term="Writing – review &amp; editing" vocab-term-identifier="https://credit.niso.org/contributor-roles/writing-review-editing/">Writing – review &amp; editing</role>
<role vocab="credit" vocab-identifier="https://credit.niso.org/" vocab-term="Investigation" vocab-term-identifier="https://credit.niso.org/contributor-roles/investigation/">Investigation</role>
<xref ref-type="aff" rid="aff-2"/>
<email>sankalp@developyours.com</email>
</contrib>
<contrib contrib-type="author">
<name name-style="western"><surname>Kiraly</surname><given-names>Franz</given-names></name>
<role vocab="credit" vocab-identifier="https://credit.niso.org/" vocab-term="Conceptualization" vocab-term-identifier="https://credit.niso.org/contributor-roles/conceptualization/">Conceptualization</role>
<role vocab="credit" vocab-identifier="https://credit.niso.org/" vocab-term="Writing – original draft" vocab-term-identifier="https://credit.niso.org/contributor-roles/writing-original-draft/">Writing – original draft</role>
<role vocab="credit" vocab-identifier="https://credit.niso.org/" vocab-term="Software" vocab-term-identifier="https://credit.niso.org/contributor-roles/software/">Software</role>
<role vocab="credit" vocab-identifier="https://credit.niso.org/" vocab-term="Visualization" vocab-term-identifier="https://credit.niso.org/contributor-roles/visualization/">Visualization</role>
<role vocab="credit" vocab-identifier="https://credit.niso.org/" vocab-term="Writing – review &amp; editing" vocab-term-identifier="https://credit.niso.org/contributor-roles/writing-review-editing/">Writing – review &amp; editing</role>
<role vocab="credit" vocab-identifier="https://credit.niso.org/" vocab-term="Project administration" vocab-term-identifier="https://credit.niso.org/contributor-roles/project-administration/">Project administration</role>
<xref ref-type="aff" rid="aff-1"/>
<email>franz.kiraly@sktime.net</email>
</contrib>
</contrib-group>
<aff id="aff-1">
<institution-wrap>
<institution>sktime</institution>
</institution-wrap>
</aff>
<aff id="aff-2">
<institution-wrap>
<institution>DevelopYours, LLC</institution>
</institution-wrap>
</aff>
<permissions>
<ali:free_to_read/>
<license xlink:href="https://creativecommons.org/licenses/by/4.0/">
<ali:license_ref>https://creativecommons.org/licenses/by/4.0/</ali:license_ref>
<license-p>This is an open access article distributed under the terms of the <ext-link ext-link-type="uri" xlink:href="http://creativecommons.org/licenses/by/4.0/">Creative Commons Attribution License</ext-link>, which permits unrestricted use, distribution, and reproduction in any medium, provided the original author and source are credited.</license-p>
</license>
</permissions>
<abstract>
<p>Evaluating probabilistic forecasts is complex and essential across various domains, yet no comprehensive software framework exists to simplify this task. Despite extensive literature on evaluation methodologies, current practices are fragmented and often lack reproducibility. To address this gap, we introduce a reproducible experimental workflow for evaluating probabilistic forecasting algorithms using the sktime package. Our framework features a unified software API for forecasting algorithms, a simple specification language for complex algorithms, including meta-algorithms like bootstrapping, probabilistic performance metrics, and standardized evaluation workflows. We demonstrate the framework’s efficacy through a study evaluating prediction intervals added to point forecasts. Our results highlight the improved prediction accuracy and reliability of combined approaches. We provide reusable code and invite contributions from the research community to extend our experiments and tackle computational challenges for broader studies.</p>
</abstract>
<kwd-group>
<kwd>time series</kwd>
<kwd>machine learning</kwd>
<kwd>benchmarking</kwd>
</kwd-group>
</article-meta>
</front>
<body>
<sec id="sec-1">
<label>1</label>
<title>Introduction</title>
<p>Making probabilistic forecasts is challenging, and evaluating probabilistic forecasts, or the algorithms that produce them, is even more difficult.</p>
<p>A significant body of literature focuses on developing robust meta-methodologies for evaluation. This includes evaluation metrics such as the Continuous Ranked Probability Score (<abbrev alt="Continuous Ranked Probability Score">CRPS</abbrev>) (<xref ref-type="bibr" rid="ref-19">Gneiting &amp; Katzfuss, 2014</xref>) and their properties, like properness, as well as benchmarking setups and competitions like the Makridakis competitions (<xref ref-type="bibr" rid="ref-15">Makridakis <italic>et al.</italic>, 2020</xref>; <xref ref-type="bibr" rid="ref-16">Makridakis <italic>et al.</italic>, 2022</xref>). This meta-field builds upon a broader primary field that develops methodologies for algorithms producing probabilistic forecasts, encompassing classical methods, uncertainty estimation techniques like bootstrap or conformal intervals, and modern deep learning and foundation models (<xref ref-type="bibr" rid="ref-21">Chen <italic>et al.</italic>, 2020</xref>; <xref ref-type="bibr" rid="ref-20">Nowotarski &amp; Weron, 2018</xref>; <xref ref-type="bibr" rid="ref-17">Rasul <italic>et al.</italic>, 2023</xref>; <xref ref-type="bibr" rid="ref-18">Das <italic>et al.</italic>, 2023</xref>).</p>
<p>Despite the critical importance of evaluating probabilistic forecasts in various domains, including finance, energy, healthcare, and climate science, no comprehensive software framework or interface design has emerged to cover all these needs with a simple workflow or specification language. For instance, the reproducing code for the Makridakis competitions—while extensive in scope—relies on forecasts generated from disparate software interfaces. Similar issues are found in other benchmarking studies, where code availability is often limited or nonexistent (<xref ref-type="bibr" rid="ref-33">Semmelrock <italic>et al.</italic>, 2023</xref>; <xref ref-type="bibr" rid="ref-34">Király <italic>et al.</italic>, 2018</xref>). This lack of unified interfaces makes it challenging for practitioners in both industry and academia to contribute to or verify the growing body of evidence.</p>
<p>To address these limitations, we present a simple, reproducible experimental workflow for evaluating probabilistic forecasting algorithms using <monospace>sktime</monospace> (<xref ref-type="bibr" rid="ref-13">Király <italic>et al.</italic>, 2024</xref>). As of 2024, the <monospace>sktime</monospace> package provides the most comprehensive collection of time series-related algorithms in unified interfaces and stands out as the only major, non-commercially governed framework for time series forecasting.</p>
<p>The key components of this reproducible benchmarking framework are:</p>
<list list-type="bullet">
<list-item>
<p>A unified software API for forecasting algorithms, mirroring a unified mathematical interface.</p>
</list-item><list-item>
<p>Composite forecasters (meta-algorithms), such as adding prediction intervals via time series bootstrapping, which themselves follow the same forecasting interface from both software and mathematical perspectives.</p>
</list-item><list-item>
<p>A first-order language that allows for the unambiguous specification of even complex forecasting algorithms.</p>
</list-item><list-item>
<p>A unified software API for probabilistic performance metrics, covering metrics for distribution as well as interval or quantile forecasts.</p>
</list-item><list-item>
<p>A standardized workflow for obtaining benchmark result tables for combinations of algorithms, metrics, and experimental setups.</p>
</list-item>
</list>
<p>To demonstrate the efficacy and ease of use of <monospace>sktime</monospace> in benchmarking probabilistic forecasters, we conducted a small study exploring the performance of various meta-algorithms (wrappers) that add prediction intervals to point forecasters. We investigated a range of forecasters, including Naive Forecasting and AutoTheta models (<xref ref-type="bibr" rid="ref-22">Spiliotis <italic>et al.</italic>, 2020</xref>), along with probabilistic wrappers such as Conformal Intervals and BaggingForecaster with different bootstrapping methods. For the bootstrapping methods, we use the <monospace>tsbootstrap</monospace> library (<xref ref-type="bibr" rid="ref-11">Gilda, 2024</xref>; <xref ref-type="bibr" rid="ref-12">Gilda <italic>et al.</italic>, 2024</xref>).</p>
<p>The study’s goal was to evaluate the effectiveness of these combined approaches in improving prediction accuracy and reliability.</p>
<p>We conducted experiments on several common datasets, including Australian electricity demand (<xref ref-type="bibr" rid="ref-9">Godahewa <italic>et al.</italic>, 2021</xref>), sunspot activity (<xref ref-type="bibr" rid="ref-7">Godahewa <italic>et al.</italic>, 2021</xref>), and US births (<xref ref-type="bibr" rid="ref-8">Godahewa <italic>et al.</italic>, 2021</xref>). These datasets represent different time frequencies and characteristics.</p>
<p>Our paper is accompanied by easily reusable code, and we invite the open research and open-source communities to contribute to extending our experiments or using our code to set up their own. As is often the case in modern data science, computational power is a limiting factor, so we hope to leverage the SciPy conference to plan a more comprehensive set of studies.</p>
<p>The remainder of this paper is organized as follows: In <xref ref-type="sec" rid="sec-9">Section 3</xref>, we describe the forecasting methods and probabilistic wrappers used in our experiments. <xref ref-type="sec" rid="sec-17">Section 4.2</xref> provides an overview of the datasets used for evaluation. In <xref ref-type="sec" rid="sec-18">Section 4.3</xref>, we present the experimental results and discuss the performance of the combined approaches. Finally, in <xref ref-type="sec" rid="sec-22">Section 5</xref>, we conclude the paper and outline directions for future research.</p>
</sec>
<sec id="sec-2">
<label>2</label>
<title>sktime and tsbootstrap for Reproducible Experiments</title>
<p>In this section, we summarize the key design principles used for reproducible benchmarking in <monospace>sktime</monospace>. Thereby, from a software perspective, it is worth noting that <bold>sktime</bold> (<xref ref-type="bibr" rid="ref-28">Löning <italic>et al.</italic>, 2019</xref>; <xref ref-type="bibr" rid="ref-13">Király <italic>et al.</italic>, 2024</xref>) contains multiple native implementations, including naive methods, all probability wrappers, and pipeline composition, but also provides a unified interface across multiple packages in the time series ecosystem, e.g.:</p>
<list list-type="bullet">
<list-item>
<p><bold>tsbootstrap</bold> (<xref ref-type="bibr" rid="ref-11">Gilda, 2024</xref>; <xref ref-type="bibr" rid="ref-12">Gilda <italic>et al.</italic>, 2024</xref>): A library for time series bootstrapping methods, integrated with <monospace>sktime</monospace>.</p>
</list-item><list-item>
<p><bold>statsforecast</bold> (<xref ref-type="bibr" rid="ref-26">Federico Garza, 2022</xref>): A library for statistical and econometric forecasting methods, featuring the Auto-Theta algorithm.</p>
</list-item><list-item>
<p><bold>statsmodels</bold> (<xref ref-type="bibr" rid="ref-14">Perktold <italic>et al.</italic>, 2024</xref>): A foundational library for statistical methods, used for the deseasonalizer and various statistical primitives.</p>
</list-item>
</list>
<p>This hybrid use of <monospace>sktime</monospace> as a framework covering first-party (itself), second-party (<monospace>tsbootstrap</monospace>), and third-party (<monospace>statsmodels</monospace>, <monospace>statsforecast</monospace>) packages is significant. Credit goes to the maintainers and implementers of these packages for implementing the contained algorithms that we can interface.</p>
<sec id="sec-3">
<label>2.1</label>
<title>Unified Interface</title>
<p>In <monospace>sktime</monospace> and <monospace>tsbootstrap</monospace>, algorithms and mathematical objects are treated as first-class citizens. All objects of the same type, such as forecasters, follow the same interface. This consistency ensures that every forecaster is exchangeable with any other. The same holds for all bootstrapping methods in <monospace>tsbootstrap</monospace>. Thus, they are easily exchangeable enabling simple and fast experimentation.</p>
<p>Forecasters are objects with <monospace>fit</monospace> and <monospace>predict</monospace> methods, allowing both the target time series (endogenous data) and the time series that influence the target time series (exogenous data) to be passed. For example, the following code (<xref ref-type="custom" rid="code-1" custom-type="code">Program 1</xref>) specifies a forecaster, fits it, and makes predictions.</p>
<boxed-text id="code-1" content-type="code">
<label>Program 1:</label>
<code language="python"># importing the necessary modules
from sktime.datasets import load_airline
from sktime.forecasting.naive import NaiveForecaster

# load exemplary data
y = load_airline()

# specifying the forecasting algorithm
forecaster = NaiveForecaster(strategy="last", sp=12)

# fitting the forecaster -- forecast y into the future, 3 steps ahead
forecaster.fit(y, fh=[1, 2, 3])

# querying predictions
y_pred = forecaster.predict()</code>
<caption>
<p>Exemplary code for fitting and predicting with a forecaster</p>
</caption>
</boxed-text>
<p>A crucial design element in the above is that line 9 can specify any forecaster - for instance, <monospace>ARIMA</monospace> or <monospace>ExponentialSmoothing</monospace>, and the rest of the code will work without modification.</p>
<p>Currently, <monospace>sktime</monospace> supports the construction of 82 individual forecasters. Some of these are implemented directly in sktime, but sktime also provides adapters providing a unified API to forecasting routines from other libraries, such as gluonts and prophet. Each forecaster is parametric, with configurations ranging from 1 to 47 parameters across different forecasters. A list of forecasters can be obtained or filtered via the <monospace>all_estimators</monospace> utility.</p>
<boxed-text id="code-2" content-type="code">
<label>Program 2:</label>
<code language="python">from sktime.registry import all_estimators

# get all forecasters
all_forecasters = all_estimators("forecaster")

# get all forecasters that support prediction intervals
all_estimators("forecaster", filter_tags={"capability:pred_int": True})</code>
<caption>
<p>Code to list all forecaster and all probabilistic forecasters (tag=capability:pred_int)</p>
</caption>
</boxed-text>
<p>To better filter the forecasters (as well as the other estimators such as classifiers and regressors) based on their properties and capabilities and to control their behaviour, <monospace>sktime</monospace> implements a tag system. Each estimator, such as a forecaster, has a dict <monospace>_tags</monospace>, with a string as a key describing the name and a value of an arbitrary type describing the property. This type system enables an easy identification of all probabilistic forecasters, since they are tagged with the <monospace>"capability:pred_int"</monospace> tag. Currently, 45 of the 82 forecasters support probabilistic prediction modes (<xref ref-type="custom" rid="code-2" custom-type="code">Program 2</xref>), such as prediction intervals, quantile predictions, or full distributional predictions:</p>
<boxed-text id="code-3" content-type="code">
<label>Program 3:</label>
<code language="python"># importing the necessary modules
from sktime.datasets import load_airline
from sktime.forecasting.naive import NaiveForecaster

# load exemplary data
y = load_airline()

# specifying the forecasting algorithm
forecaster = NaiveForecaster(strategy="last", sp=12)

# fitting the forecaster -- forecast y into the future, 3 steps ahead
forecaster.fit(y, fh=[1, 2, 3])

# making interval predictions
y_pred_int = forecaster.predict_interval()
# making distribution predictions
y_pred_proba = forecaster.predict_proba()</code>
<caption>
<p>Exemplary probabilistic forecast with NaiveForecaster</p>
</caption>
</boxed-text>
<p>More details can be found in the official tutorials (an overview of notebooks and tutorials is provided on our <ext-link ext-link-type="uri" xlink:href="https://www.sktime.net/en/latest/users.html">homepage</ext-link>). Creating algorithms with compatible APIs is straightforward.</p>
<p><monospace>sktime</monospace> and <monospace>tsbootstrap</monospace> provide fill-in <ext-link ext-link-type="uri" xlink:href="https://github.com/sktime/sktime/tree/main/extension_templates">extension templates</ext-link> for creating algorithms in a compatible interface, which can be shared in a third-party code base and indexed by <monospace>sktime</monospace>, or contributed directly to <monospace>sktime</monospace>.</p>
</sec>
<sec id="sec-4">
<label>2.2</label>
<title>Reproducible Specification Language</title>
<p>All objects in <monospace>sktime</monospace> are uniquely specified by their construction string, which serves as a reproducible blueprint. Algorithms are intended to be stable and uniquely referenced across versions; full replicability can be achieved by freezing Python environment versions and setting random seeds.</p>
<p>For example, the specification string <monospace>NaiveForecaster(strategy="last", sp=12)</monospace> uniquely specifies a native implementation of the seasonal last-value-carried-forecaster, with seasonality parameter 12.</p>
<p>Typical <monospace>sktime</monospace> code specifies the forecaster as Python code, but it can also be used as a string to store or share specifications. The <monospace>registry.craft</monospace> utility converts a Python string into an <monospace>sktime</monospace> object, ensuring easy reproducibility:</p>
<boxed-text id="code-4" content-type="code"><code language="python">from sktime.registry import craft
forecaster = craft('NaiveForecaster(strategy="last", sp=12)')</code>
<caption>
<p>Code to craft a forecaster from a string</p>
</caption>
</boxed-text>
<p>which can be used to copy a full specification from a research paper and immediately construct the respective algorithm in a Python environment, even if full code has not been shared by the author.</p>
<p>This approach makes it extremely easy to share specifications reproducibly, simplifying the often convoluted process of describing algorithms in research papers.</p>
</sec>
<sec id="sec-5">
<label>2.3</label>
<title>Meta-Algorithms and Composability</title>
<p><monospace>sktime</monospace> provides not only simple algorithms as objects in unified interfaces but also meta-algorithms, such as data processing pipelines or algorithms that add interval forecast capability to existing forecasting algorithms. Importantly, these composites also follow unified interfaces.</p>
<p>This leads to a compositional specification language with rich combinatorial flexibility. For example, the following code adds conformal prediction interval estimates to the <monospace>NaiveForecaster</monospace> (<xref ref-type="custom" rid="code-5" custom-type="code">Program 5</xref>):</p>
<boxed-text id="code-5" content-type="code">
<label>Program 5:</label>
<code language="python"># importing the necessary modules
from sktime.datasets import load_airline
from sktime.forecasting.naive import NaiveForecaster
from sktime.forecasting.conformal import ConformalIntervals

# load exemplary data
y = load_airline()

# specifying the forecasting algorithm
forecaster = ConformalIntervals(NaiveForecaster(strategy="last", sp=12))

# fitting the forecaster -- forecast y into the future, 3 steps ahead
forecaster.fit(y, fh=[1, 2, 3])

# making interval predictions
y_pred_int = forecaster.predict_interval()</code>
<caption>
<p>Code to add conformal prediction intervals to a forecaster</p>
</caption>
</boxed-text>
<p>The conformal prediction interval fits multiple instances of the wrapped forecaster on parts of the time series using window sliding. In particular, each forecaster’s instance <inline-formula><alternatives><mml:math display="inline"><mml:mi>i</mml:mi></mml:math><tex-math><![CDATA[i]]></tex-math></alternatives></inline-formula> is fit on the time series <inline-formula><alternatives><mml:math display="inline"><mml:msub><mml:mi>y</mml:mi><mml:mrow><mml:mn>1</mml:mn><mml:mo>:</mml:mo><mml:msub><mml:mi>t</mml:mi><mml:mi>i</mml:mi></mml:msub></mml:mrow></mml:msub></mml:math><tex-math><![CDATA[y_{1:t_i}]]></tex-math></alternatives></inline-formula>, where <inline-formula><alternatives><mml:math display="inline"><mml:msub><mml:mi>t</mml:mi><mml:mi>i</mml:mi></mml:msub><mml:mo mathvariant="normal">≠</mml:mo><mml:msub><mml:mi>t</mml:mi><mml:mi>j</mml:mi></mml:msub></mml:math><tex-math><![CDATA[t_i \neq t_j]]></tex-math></alternatives></inline-formula>. Afterwards, the residuals are computed on the remaining time series <inline-formula><alternatives><mml:math display="inline"><mml:msub><mml:mi>y</mml:mi><mml:mrow><mml:msub><mml:mi>t</mml:mi><mml:mrow><mml:mi>i</mml:mi><mml:mo>+</mml:mo><mml:mn>1</mml:mn></mml:mrow></mml:msub><mml:mo>:</mml:mo><mml:mi>n</mml:mi></mml:mrow></mml:msub></mml:math><tex-math><![CDATA[y_{t_{i+1}:n}]]></tex-math></alternatives></inline-formula>, where <inline-formula><alternatives><mml:math display="inline"><mml:mi>n</mml:mi></mml:math><tex-math><![CDATA[n]]></tex-math></alternatives></inline-formula> is the length of the time series. Out of these residuals, the prediction intervals are computed. The resulting algorithm possesses <monospace>fit</monospace>, <monospace>predict</monospace>, and - added by the wrapper - <monospace>predict_interval</monospace>, as well as the <monospace>capability:pred_int</monospace> tag.</p>
<p>Data transformation pipelines can be constructed similarly, or with an operator-based specification syntax (<xref ref-type="custom" rid="code-6" custom-type="code">Program 6</xref>):</p>
<boxed-text id="code-6" content-type="code">
<label>Program 6:</label>
<code language="python"># importing the necessary modules
from sktime.datasets import load_airline
from sktime.forecasting.naive import NaiveForecaster
from sktime.transformations.series.detrend import Deseasonalizer
from sktime.transformations.series.difference import Differencer

# load exemplary data
y = load_airline()

pipeline = Differencer() * Deseasonalizer(sp=12) * NaiveForecaster(strategy="last")

# fitting the forecaster -- forecast y into the future, 3 steps ahead
pipeline.fit(y, fh=[1, 2, 3])

# making interval predictions
y_pred_int = pipeline.predict()</code>
<caption>
<p>Code to construct a pipeline with a differencer and a seasonalizer</p>
</caption>
</boxed-text>
<p>This creates a forecasting algorithm that first computes differences, then remove the seasonality (deseasonalize) by assuming a periodicity of 12. Then the <monospace>NaiveForecaster(strategy="last")</monospace> uses the last value as prediction for the next value (last-value-carry-forward method). Finally it adds the seasonality back and inverts the first differences. As before, the resulting forecaster provides unified interface points and is interchangeable with other forecasters in <monospace>sktime</monospace>.</p>
</sec>
<sec id="sec-6">
<label>2.4</label>
<title>Probabilistic Metrics</title>
<p>In <monospace>sktime</monospace>, evaluation metrics are first-class citizens. Probabilistic metrics compare the ground truth time series with predictions, representing probabilistic objects such as predictive intervals or distributions. For example:</p>
<boxed-text id="code-7" content-type="code">
<label>Program 7:</label>
<code language="python"># importing the necessary modules
from sktime.datasets import load_airline
from sktime.forecasting.naive import NaiveForecaster
from sktime.performance_metrics.forecasting.probabilistic import CRPS
from sktime.split import temporal_train_test_split

# load exemplary data
y = load_airline()
y_train, y_test = temporal_train_test_split(y, test_size=36)

# specifying the forecasting algorithm
forecaster = NaiveForecaster(strategy="last", sp=12)

# fitting the forecaster -- forecast y into the future, 3 steps ahead
forecaster.fit(y_train, fh=y_test.index)

# making interval predictions
y_pred_int = forecaster.predict_interval()
# making distribution predictions
y_pred_proba = forecaster.predict_proba()

# Initialise the CRPS metric
crps = CRPS()

# Calculate the CRPS
crps(y_test, y_pred_proba)</code>
<caption>
<p>Code to make probabilistic forecasts and calculate the <abbrev alt="Continuous Ranked Probability Score">CRPS</abbrev></p>
</caption>
</boxed-text>
<p>Tags control the type of probabilistic prediction expected, such as <monospace>"scitype:y_pred"</monospace> with the value <monospace>"pred_proba"</monospace> for <abbrev alt="Continuous Ranked Probability Score">CRPS</abbrev>.</p>
</sec>
<sec id="sec-7">
<label>2.5</label>
<title>Benchmarking and Evaluation</title>
<p>Our benchmarking framework involves a standardized workflow for obtaining benchmark result tables for combinations of algorithms, metrics, and experimental setups. Here is an example of how to add forecasters and tasks:</p>
<boxed-text id="code-8" content-type="code">
<label>Program 8:</label>
<code language="python"># Example code to add forecasters and tasks

# Import the necessary modules
from sktime.benchmarking.forecasting import ForecastingBenchmark
from sktime.datasets import load_airline
from sktime.forecasting.naive import NaiveForecaster
from sktime.performance_metrics.forecasting.probabilistic import CRPS
from sktime.split import SlidingWindowSplitter

# Initialise the benchmark object
benchmark = ForecastingBenchmark()

# Add a forecaster to the benchmark
benchmark.add_estimator(
    estimator=NaiveForecaster(strategy="last", sp=12),
    estimator_id="naive_forecaster"
)

# Initialise the Splitter
cv_splitter = SlidingWindowSplitter(
    step_length=12,
    window_length=24,
    fh=range(12)
)

# Add a task to the benchmark
# A task is a combination of a dataset loader, a splitter, and a list of metrics
benchmark.add_task(
    load_airline,
    cv_splitter,
    [CRPS()]
)

# Run the benchmark
benchmark.run("result.csv")</code>
<caption>
<p>Example usage of the ForecastingBenchmark in sktime.</p>
</caption>
</boxed-text>
<p>This approach ensures that our benchmarking process is both comprehensive and reproducible.</p>
<fig id="figure-1">
<label>Figure 1:</label>
<caption>
<p>Benchmarking and evaluation framework</p>
</caption>
<graphic mimetype="image" mime-subtype="png" xlink:href="files/evaluationFramework-b56737a95a37e094616103b27f889793.png"/>
</fig>
</sec>
<sec id="sec-8">
<label>2.6</label>
<title>Prior Work</title>
<p>The design principles of <monospace>sktime</monospace> draw inspiration from several established machine learning frameworks. Notably, <monospace>scikit-learn</monospace> in Python (<xref ref-type="bibr" rid="ref-25">Pedregosa <italic>et al.</italic>, 2011</xref>), <monospace>mlr</monospace> in R (<xref ref-type="bibr" rid="ref-29">Bischl <italic>et al.</italic>, 2016</xref>), and Weka (<xref ref-type="bibr" rid="ref-23">Hall <italic>et al.</italic>, 2009</xref>) have pioneered the use of first-order specification languages and object-oriented design patterns for machine learning algorithms.</p>
<p><monospace>sktime</monospace> extends these foundational ideas by introducing specialized interfaces for time series forecasting, including both point and probabilistic forecasts. It also incorporates unique features such as:</p>
<list list-type="bullet">
<list-item>
<p>Probabilistic forecasters and associated metrics interfaces</p>
</list-item><list-item>
<p>Reproducibility patterns and APIs</p>
</list-item><list-item>
<p>Meta-algorithms for enhanced composability</p>
</list-item><list-item>
<p>Inhomogeneous API composition for flexible algorithmic design</p>
</list-item>
</list>
<p>Additionally, the <monospace>R/fable</monospace> package (<xref ref-type="bibr" rid="ref-24">O'Hara-Wild <italic>et al.</italic>, 2024</xref>) has contributed similar concepts specifically tailored to forecasting, which <monospace>sktime</monospace> has expanded upon or adapted to fit within its framework.</p>
<p>By leveraging and building upon these prior works, <monospace>sktime</monospace> offers a comprehensive and adaptable toolkit for time series forecasting, fostering reproducible research and facilitating extensive benchmarking and evaluation. For a detailed analysis of design patterns in AI framework packages and innovations in <monospace>sktime</monospace>, see (<xref ref-type="bibr" rid="ref-31">Király <italic>et al.</italic>, 2021</xref>).</p>
</sec>
</sec>
<sec id="sec-9">
<label>3</label>
<title>Algorithmic Setup</title>
<p>In this section, we describe the forecasting algorithms used in our experiments. Our methods combine traditional forecasting models with uncertainty estimation wrappers, showcasing the benchmarking and model specification capabilities of <monospace>sktime</monospace>. This study serves as an invitation to the scientific Python community to engage and contribute to a more systematic study with reproducible specifications.</p>
<sec id="sec-10">
<label>3.1</label>
<title>Forecasting Pipeline</title>
<p>Each forecaster is wrapped in a <monospace>Differencer</monospace> and a <monospace>Deseasonalizer</monospace> as preprocessing steps to improve stationarity. These preprocessors are necessary because some forecasters require the time series to be stationary (i.e., the properties of the time series at time <inline-formula><alternatives><mml:math display="inline"><mml:mi>t</mml:mi><mml:mo>+</mml:mo><mml:mn>1</mml:mn></mml:math><tex-math><![CDATA[t+1]]></tex-math></alternatives></inline-formula>, <inline-formula><alternatives><mml:math display="inline"><mml:mi>t</mml:mi><mml:mo>+</mml:mo><mml:mn>2</mml:mn></mml:math><tex-math><![CDATA[t+2]]></tex-math></alternatives></inline-formula>, ..., <inline-formula><alternatives><mml:math display="inline"><mml:mi>t</mml:mi><mml:mo>+</mml:mo><mml:mi>n</mml:mi></mml:math><tex-math><![CDATA[t+n]]></tex-math></alternatives></inline-formula> do not depend on the observation at time <inline-formula><alternatives><mml:math display="inline"><mml:mi>t</mml:mi></mml:math><tex-math><![CDATA[t]]></tex-math></alternatives></inline-formula> (<xref ref-type="bibr" rid="ref-27">Hyndman &amp; Athanasopoulos, 2018</xref>)) and non-seasonal.</p>
<list list-type="bullet">
<list-item>
<p><monospace>Differencer</monospace>: Computes first differences, which are inverted after forecasting by cumulative summing.</p>
</list-item><list-item>
<p><monospace>Deseasonalizer(sp=data_sp)</monospace>: Removes the seasonal component, which is added back after forecasting. It estimates the trend by applying a convolution filter to the data, removing the trend, and then averaging the de-trended series for each period to return the seasonal component.</p>
</list-item>
</list>
<p>All used forecasters are point forecasters, i.e., for each time step they provide one value (point), and no information about the uncertainty of the forecast. Thus, they are combined with one of the probabilistic wrappers to generate prediction intervals or quantile forecasts.</p>
<fig id="figure-2">
<label>Figure 2:</label>
<caption>
<p>The forecasting pipeline used for all the forecasters</p>
</caption>
<graphic mimetype="image" mime-subtype="png" xlink:href="files/Pipeline-edc5e6cb663b1a5e64a6258a13250fae.png"/>
</fig>
<p>The partial pipeline specification, illustrated in <xref ref-type="fig" rid="figure-2">Figure 2</xref>, is:</p>
<code language="python">Differencer() * Deseasonalizer(sp=data_sp) * wrapper(forecaster)</code>
<p>where variable parts are <monospace>wrapper</monospace>, <monospace>forecaster</monospace>, and <monospace>data_sp</monospace>. These components are varied as described below. Note the code for running the whole benchmark is provided in the <xref ref-type="sec" rid="sec-15">Section 4</xref>.</p>
</sec>
<sec id="sec-11">
<label>3.2</label>
<title>Component Forecasting Models</title>
<p>We use several component forecasting models in this study, each with unique characteristics:</p>
<list list-type="bullet">
<list-item>
<p><monospace>NaiveForecaster(strategy, sp)</monospace>: Uses simple heuristics for forecasting. The <monospace>strategy</monospace> parameter allows selecting the type of algorithm:</p>
<list list-type="bullet">
<list-item>
<p><monospace>mean</monospace>: Uses the mean of the last <inline-formula><alternatives><mml:math display="inline"><mml:mi>N</mml:mi></mml:math><tex-math><![CDATA[N]]></tex-math></alternatives></inline-formula> values, with seasonal periodicity <monospace>sp</monospace> if passed.</p>
</list-item><list-item>
<p><monospace>last</monospace>: Uses the last observed, with seasonal periodicity <monospace>sp</monospace> if passed.</p>
</list-item><list-item>
<p><monospace>drift</monospace>: Fits a line between the first and last values of the considered window and extrapolates forward.</p>
</list-item>
</list>
</list-item><list-item>
<p><monospace>StatsForecastAutoTheta(sp)</monospace>: A variant of the Theta model of <xref ref-type="bibr" rid="ref-10">Assimakopoulos &amp; Nikolopoulos (2000)</xref> with automated parameter tuning, from the <monospace>statsforecast</monospace> library.</p>
</list-item>
</list>
</sec>
<sec id="sec-12">
<label>3.3</label>
<title>Probabilistic Wrappers</title>
<p>We use the following probabilistic wrappers to enhance the forecasting models:</p>
<list list-type="bullet">
<list-item>
<p><monospace>ConformalIntervals(forecaster, strategy)</monospace>: Uses conformal prediction methods <xref ref-type="bibr" rid="ref-2">Shafer &amp; Vovk (2008)</xref> to produce non-parametric prediction intervals. Variants of the method are selected by the <monospace>strategy</monospace> parameter: <bold>Empirical</bold> and <bold>Empirical Residual</bold> use training quantiles, with the latter using symmetrized residuals. <bold>Conformal</bold> implements the method of <xref ref-type="bibr" rid="ref-2">Shafer &amp; Vovk (2008)</xref>, and <bold>Conformal Bonferroni</bold> applies the Bonferroni correction (<xref ref-type="bibr" rid="ref-32">Sedgwick, 2012</xref>) .</p>
</list-item><list-item>
<p><monospace>BaggingForecaster(bootstrap_transformer, forecaster)</monospace>: Provides probabilistic forecasts by bootstrapping time series and aggregating the bootstrap forecasts (<xref ref-type="bibr" rid="ref-27">Hyndman &amp; Athanasopoulos, 2018</xref>; <xref ref-type="bibr" rid="ref-3">Bergmeir <italic>et al.</italic>, 2016</xref>). The <monospace>BaggingForecaster</monospace> takes a bootstrap algorithm <monospace>bootstrap_transformer</monospace>, a first-class object in <monospace>sktime</monospace>. Various bootstrap algorithms with their parameters are applied in the study.</p>
</list-item><list-item>
<p><monospace>NaiveVariance(forecaster)</monospace>: Uses a sliding window to compute backtesting residuals, aggregated by forecasting horizon to a variance estimate. The mean is obtained from the wrapped forecaster, and variance from the pooled backtesting estimate.</p>
</list-item><list-item>
<p><monospace>SquaringResiduals(forecaster, residual_forecaster)</monospace>: Uses backtesting residuals on the training set, squares them, and fits the <monospace>residual_forecaster</monospace> to the squared residuals. Forecasts of <monospace>residual_forecaster</monospace> are used as variance predictions, with mean predictions from <monospace>forecaster</monospace>, to obtain a normal distributed forecast. In this study, <monospace>residual_forecaster</monospace> is always <monospace>NaiveForecaster(strategy="last")</monospace>.</p>
</list-item>
</list>
</sec>
<sec id="sec-13">
<label>3.4</label>
<title>Bootstrapping Techniques</title>
<p>Bootstrapping methods generate multiple resampled datasets from the original time series data, which can be used as part of wrappers to estimate prediction intervals or predictive distributions. In this study, we use bootstrap algorithms from <monospace>tsbootstrap</monospace> (<xref ref-type="bibr" rid="ref-12">Gilda <italic>et al.</italic>, 2024</xref>; <xref ref-type="bibr" rid="ref-11">Gilda, 2024</xref>), <monospace>sktime</monospace> (<xref ref-type="bibr" rid="ref-13">Király <italic>et al.</italic>, 2024</xref>), and <monospace>scikit-learn</monospace> (<xref ref-type="bibr" rid="ref-25">Pedregosa <italic>et al.</italic>, 2011</xref>) compatible framework library dedicated to time series bootstrap algorithms. <monospace>sktime</monospace> adapts these algorithms via the <monospace>TSBootstrapAdapter</monospace>, used as <monospace>bootstrap_transformer</monospace> in <monospace>BaggingForecaster</monospace>.</p>
<list list-type="bullet">
<list-item>
<p><monospace>MovingBlockBootstrap</monospace>: Divides the time series data into overlapping blocks of a fixed size and resamples these blocks to create new datasets. The block size is chosen to capture the dependence structure in the data.</p>
</list-item><list-item>
<p><monospace>BlockDistributionBootstrap</monospace>: Generates bootstrapped samples by fitting a distribution to the residuals of a model and then generating new residuals from the fitted distribution. This method assumes that the residuals follow a specific distribution, such as Gaussian or Poisson, and handles dependencies by resampling blocks of residuals. To create a new time series, the bootstrapped residuals are added to the model’s fitted values.</p>
</list-item><list-item>
<p><monospace>BlockResidualBootstrap</monospace>: Designed for time series data where a model is fit to the data, and the residuals (the difference between the observed and predicted data) are bootstrapped. This method is particularly useful when a good model fit is available for the data. The bootstrapped samples are created by adding the bootstrapped residuals to the model’s fitted values.</p>
</list-item><list-item>
<p><monospace>BlockStatisticPreservingBootstrap</monospace>: Generates bootstrapped time series data while preserving a specific statistic of the original data. This method handles dependencies by resampling blocks of data while ensuring that the preserved statistic remains consistent.</p>
</list-item>
</list>
<p>In this study, these bootstrapping techniques are used to estimate the distribution of forecasts and generate robust prediction intervals and predictive distributions as part of the <monospace>BaggingForecaster</monospace>.</p>
</sec>
<sec id="sec-14">
<label>3.5</label>
<title>Evaluation Metrics</title>
<p>We evaluate the performance of our forecasting models using the following metrics:</p>
<list list-type="bullet">
<list-item>
<p><monospace>CRPS</monospace> - Continuous Ranked Probability Score (<xref ref-type="bibr" rid="ref-6">Matheson &amp; Winkler, 1976</xref>) measures the accuracy of probabilistic forecasts by comparing the predicted distribution to the observed values. The <abbrev alt="Continuous Ranked Probability Score">CRPS</abbrev> for a real-valued forecast distribution <inline-formula><alternatives><mml:math display="inline"><mml:mi>d</mml:mi></mml:math><tex-math><![CDATA[d]]></tex-math></alternatives></inline-formula> and an observation <inline-formula><alternatives><mml:math display="inline"><mml:mi>y</mml:mi></mml:math><tex-math><![CDATA[y]]></tex-math></alternatives></inline-formula> can be defined as:</p>
<disp-formula id="eq-1">
<alternatives><mml:math display="block"><mml:mtext>CRPS</mml:mtext><mml:mo stretchy="false">(</mml:mo><mml:mi>d</mml:mi><mml:mo separator="true">,</mml:mo><mml:mi>y</mml:mi><mml:mo stretchy="false">)</mml:mo><mml:mo>=</mml:mo><mml:mi mathvariant="bold">E</mml:mi><mml:mrow><mml:mo fence="true">[</mml:mo><mml:mrow><mml:mo fence="true">∣</mml:mo><mml:mi>X</mml:mi><mml:mo>−</mml:mo><mml:mi>y</mml:mi><mml:mo fence="true">∣</mml:mo></mml:mrow><mml:mo fence="true">]</mml:mo></mml:mrow><mml:mo>−</mml:mo><mml:mfrac><mml:mn>1</mml:mn><mml:mn>2</mml:mn></mml:mfrac><mml:mi mathvariant="bold">E</mml:mi><mml:mrow><mml:mo fence="true">[</mml:mo><mml:mrow><mml:mo fence="true">∣</mml:mo><mml:mi>X</mml:mi><mml:mo>−</mml:mo><mml:msup><mml:mi>X</mml:mi><mml:mo mathvariant="normal" lspace="0em" rspace="0em">′</mml:mo></mml:msup><mml:mo fence="true">∣</mml:mo></mml:mrow><mml:mo fence="true">]</mml:mo></mml:mrow><mml:mo separator="true">,</mml:mo></mml:math><tex-math><![CDATA[\text{CRPS}(d, y) = \mathbf{E} \left[ \left| X - y \right| \right] - \frac{1}{2} \mathbf{E} \left[ \left| X - X' \right| \right],]]></tex-math></alternatives>
<label>(1)</label>
</disp-formula>
<p>where <inline-formula><alternatives><mml:math display="inline"><mml:mi>X</mml:mi></mml:math><tex-math><![CDATA[X]]></tex-math></alternatives></inline-formula> and <inline-formula><alternatives><mml:math display="inline"><mml:msup><mml:mi>X</mml:mi><mml:mo mathvariant="normal" lspace="0em" rspace="0em">′</mml:mo></mml:msup></mml:math><tex-math><![CDATA[X']]></tex-math></alternatives></inline-formula> are independent random variables with distribution <inline-formula><alternatives><mml:math display="inline"><mml:mi>d</mml:mi></mml:math><tex-math><![CDATA[d]]></tex-math></alternatives></inline-formula>.</p>
</list-item><list-item>
<p><monospace>PinballLoss</monospace> - the pinball loss, also known as quantile loss (<xref ref-type="bibr" rid="ref-30">Steinwart &amp; Christmann, 2011</xref>), evaluates the accuracy of quantile forecasts by penalizing deviations from the true values based on specified quantiles. For quantile forecasts <inline-formula><alternatives><mml:math display="inline"><mml:msub><mml:mover accent="true"><mml:mi>q</mml:mi><mml:mo>^</mml:mo></mml:mover><mml:mn>1</mml:mn></mml:msub><mml:mo separator="true">,</mml:mo><mml:mo>…</mml:mo><mml:mo separator="true">,</mml:mo><mml:msub><mml:mover accent="true"><mml:mi>q</mml:mi><mml:mo>^</mml:mo></mml:mover><mml:mi>k</mml:mi></mml:msub></mml:math><tex-math><![CDATA[\hat{q}_1, \dots, \hat{q}_k]]></tex-math></alternatives></inline-formula> at levels <inline-formula><alternatives><mml:math display="inline"><mml:msub><mml:mi>τ</mml:mi><mml:mn>1</mml:mn></mml:msub><mml:mo separator="true">,</mml:mo><mml:mo>…</mml:mo><mml:mo separator="true">,</mml:mo><mml:msub><mml:mi>τ</mml:mi><mml:mi>k</mml:mi></mml:msub></mml:math><tex-math><![CDATA[\tau_1, \dots, \tau_k]]></tex-math></alternatives></inline-formula> and an observation <inline-formula><alternatives><mml:math display="inline"><mml:mi>y</mml:mi></mml:math><tex-math><![CDATA[y]]></tex-math></alternatives></inline-formula>, the Pinball Loss is defined as:</p>
<disp-formula id="eq-2">
<alternatives><mml:math display="block"><mml:mi>L</mml:mi><mml:mo stretchy="false">(</mml:mo><mml:mover accent="true"><mml:mi>q</mml:mi><mml:mo>^</mml:mo></mml:mover><mml:mo separator="true">,</mml:mo><mml:mi>y</mml:mi><mml:mo stretchy="false">)</mml:mo><mml:mo>=</mml:mo><mml:mfrac><mml:mn>1</mml:mn><mml:mi>k</mml:mi></mml:mfrac><mml:munderover><mml:mo>∑</mml:mo><mml:mrow><mml:mi>i</mml:mi><mml:mo>=</mml:mo><mml:mn>1</mml:mn></mml:mrow><mml:mi>k</mml:mi></mml:munderover><mml:mi>max</mml:mi><mml:mo>⁡</mml:mo><mml:mrow><mml:mo fence="true">(</mml:mo><mml:msub><mml:mi>τ</mml:mi><mml:mi>i</mml:mi></mml:msub><mml:mo stretchy="false">(</mml:mo><mml:mi>y</mml:mi><mml:mo>−</mml:mo><mml:msub><mml:mover accent="true"><mml:mi>q</mml:mi><mml:mo>^</mml:mo></mml:mover><mml:mi>i</mml:mi></mml:msub><mml:mo stretchy="false">)</mml:mo><mml:mo separator="true">,</mml:mo><mml:mo stretchy="false">(</mml:mo><mml:mn>1</mml:mn><mml:mo>−</mml:mo><mml:msub><mml:mi>τ</mml:mi><mml:mi>i</mml:mi></mml:msub><mml:mo stretchy="false">)</mml:mo><mml:mo stretchy="false">(</mml:mo><mml:msub><mml:mover accent="true"><mml:mi>q</mml:mi><mml:mo>^</mml:mo></mml:mover><mml:mi>i</mml:mi></mml:msub><mml:mo>−</mml:mo><mml:mi>y</mml:mi><mml:mo stretchy="false">)</mml:mo><mml:mo fence="true">)</mml:mo></mml:mrow></mml:math><tex-math><![CDATA[L(\hat{q}, y) = \frac{1}{k} \sum_{i=1}^k \max \left(\tau_i (y - \hat{q}_i), (1 - \tau_i) (\hat{q}_i - y)\right)]]></tex-math></alternatives>
<label>(2)</label>
</disp-formula>
<p>The experiment uses the Pinball Loss at quantiles 0.05, and 0.95.</p>
</list-item><list-item>
<p><monospace>AUCalibration</monospace> - The Area between the calibration curve and the diagonal assesses how well the prediction intervals capture the true values. For observations <inline-formula><alternatives><mml:math display="inline"><mml:msub><mml:mi>y</mml:mi><mml:mn>1</mml:mn></mml:msub><mml:mo separator="true">,</mml:mo><mml:mo>…</mml:mo><mml:mo separator="true">,</mml:mo><mml:msub><mml:mi>y</mml:mi><mml:mi>n</mml:mi></mml:msub></mml:math><tex-math><![CDATA[y_1, \dots, y_n]]></tex-math></alternatives></inline-formula> and corresponding distributional predictions with quantile functions <inline-formula><alternatives><mml:math display="inline"><mml:msub><mml:mi>Q</mml:mi><mml:mn>1</mml:mn></mml:msub><mml:mo separator="true">,</mml:mo><mml:mo>…</mml:mo><mml:mo separator="true">,</mml:mo><mml:msub><mml:mi>Q</mml:mi><mml:mi>n</mml:mi></mml:msub></mml:math><tex-math><![CDATA[Q_1, \dots, Q_n]]></tex-math></alternatives></inline-formula> (where <inline-formula><alternatives><mml:math display="inline"><mml:msub><mml:mi>Q</mml:mi><mml:mi>i</mml:mi></mml:msub><mml:mo>=</mml:mo><mml:msubsup><mml:mi>F</mml:mi><mml:mi>i</mml:mi><mml:mrow><mml:mo>−</mml:mo><mml:mn>1</mml:mn></mml:mrow></mml:msubsup></mml:math><tex-math><![CDATA[Q_i = F^{-1}_i]]></tex-math></alternatives></inline-formula> for the cdf <inline-formula><alternatives><mml:math display="inline"><mml:msub><mml:mi>F</mml:mi><mml:mi>i</mml:mi></mml:msub></mml:math><tex-math><![CDATA[F_i]]></tex-math></alternatives></inline-formula>), the <abbrev alt="Area Under Calibration Curve">AUC</abbrev>alibration is defined as:</p>
<disp-formula id="eq-3">
<alternatives><mml:math display="block"><mml:mtext>AUC</mml:mtext><mml:mo stretchy="false">(</mml:mo><mml:msub><mml:mi>Q</mml:mi><mml:mo>:</mml:mo></mml:msub><mml:mo separator="true">,</mml:mo><mml:msub><mml:mi>y</mml:mi><mml:mo>:</mml:mo></mml:msub><mml:mo stretchy="false">)</mml:mo><mml:mo>=</mml:mo><mml:mfrac><mml:mn>1</mml:mn><mml:mi>N</mml:mi></mml:mfrac><mml:munderover><mml:mo>∑</mml:mo><mml:mrow><mml:mi>i</mml:mi><mml:mo>=</mml:mo><mml:mn>1</mml:mn></mml:mrow><mml:mi>N</mml:mi></mml:munderover><mml:mrow><mml:mo fence="true">∣</mml:mo><mml:msub><mml:mi>c</mml:mi><mml:mrow><mml:mo stretchy="false">(</mml:mo><mml:mi>i</mml:mi><mml:mo stretchy="false">)</mml:mo></mml:mrow></mml:msub><mml:mo>−</mml:mo><mml:mfrac><mml:mi>i</mml:mi><mml:mi>N</mml:mi></mml:mfrac><mml:mo fence="true">∣</mml:mo></mml:mrow><mml:mo separator="true">,</mml:mo></mml:math><tex-math><![CDATA[\text{AUC} (Q_:, y_:) = \frac{1}{N} \sum_{i=1}^N \left| c_{(i)} - \frac{i}{N}\right|,]]></tex-math></alternatives>
<label>(3)</label>
</disp-formula>
<p>where <inline-formula><alternatives><mml:math display="inline"><mml:msub><mml:mi>c</mml:mi><mml:mi>i</mml:mi></mml:msub><mml:mo>:</mml:mo><mml:mo>=</mml:mo><mml:msub><mml:mi>Q</mml:mi><mml:mi>i</mml:mi></mml:msub><mml:mo stretchy="false">(</mml:mo><mml:msub><mml:mi>y</mml:mi><mml:mi>i</mml:mi></mml:msub><mml:mo stretchy="false">)</mml:mo><mml:mo separator="true">,</mml:mo></mml:math><tex-math><![CDATA[c_i := Q_i(y_i),]]></tex-math></alternatives></inline-formula> and <inline-formula><alternatives><mml:math display="inline"><mml:msub><mml:mi>c</mml:mi><mml:mrow><mml:mo stretchy="false">(</mml:mo><mml:mi>i</mml:mi><mml:mo stretchy="false">)</mml:mo></mml:mrow></mml:msub></mml:math><tex-math><![CDATA[c_{(i)}]]></tex-math></alternatives></inline-formula> is the <inline-formula><alternatives><mml:math display="inline"><mml:mi>i</mml:mi></mml:math><tex-math><![CDATA[i]]></tex-math></alternatives></inline-formula>-th order statistic of <inline-formula><alternatives><mml:math display="inline"><mml:msub><mml:mi>c</mml:mi><mml:mn>1</mml:mn></mml:msub><mml:mo separator="true">,</mml:mo><mml:mo>…</mml:mo><mml:mo separator="true">,</mml:mo><mml:msub><mml:mi>c</mml:mi><mml:mi>N</mml:mi></mml:msub></mml:math><tex-math><![CDATA[c_1, \dots, c_N]]></tex-math></alternatives></inline-formula>.</p>
</list-item><list-item>
<p><monospace>IntervalWidth</monospace> - width of prediction intervals, or sharpness measures the concentration of the prediction intervals. More concentrated intervals indicate higher confidence in the forecasts. Sharpness is desirable because it indicates precise predictions. Sharpness is calculated as the average width of the prediction intervals.</p>
</list-item><list-item>
<p><monospace>EmpiricalCoverage</monospace> - Empirical coverage measures how much of the observations are within the predicted interval. It is computed as the proportion of observations that fall within the prediction, providing a direct measure of the reliability of the intervals. A prediction interval ranging from the 5th to the 95th quantile should cover 90% of the observations. I.e., the empirical coverage should be close to 0.9.</p>
</list-item><list-item>
<p><monospace>runtime</monospace> - Besides metrics that assess the quality of the forecast, average runtime for an individual fit/interence run is also reported. Runtime measures the computational efficiency of the forecasting methods, which is crucial for practical applications.</p>
</list-item>
</list>
</sec>
</sec>
<sec id="sec-15">
<label>4</label>
<title>Experiments</title>
<p>In this section, we describe the experimental setup, the datasets, the evaluation metrics, and the experimental procedures. We explain how the experiments are designed to compare the performance of different forecasting methods.</p>
<sec id="sec-16">
<label>4.1</label>
<title>Experimental Setup</title>
<p>To perform the benchmarking study, we use the framework described in <xref ref-type="sec" rid="sec-9">Section 3</xref>. The benchmarking compares different probabilistic wrappers on different datasets and with different forecasters regarding <abbrev alt="Continuous Ranked Probability Score">CRPS</abbrev>, Pinball Loss, <abbrev alt="Area Under Calibration Curve">AUC</abbrev>alibration, and Runtime.</p>
<p>To enable easy replication of the experiments, we provide for each used forecaster, and wrapper the hyperparameters by providing the used Python object instantiation in <xref ref-type="table" rid="table-1">Table 1</xref>. Note, that the parameter seasonal periodicity (sp) is dataset dependent and is set to 48 for the Australian Electricity Dataset and 1 for the other datasets.</p>
<p>To create the cross validation folds, we use the <monospace>SlidingWindowSplitter</monospace> from <monospace>sktime</monospace>. The instantiation of the splitter for each dataset is shown in <xref ref-type="table" rid="table-3">Table 3</xref>. <xref ref-type="fig" rid="figure-3">Figure 3</xref> is showing the resulting cross validation folds for the tree datasets. The properties of the datasets are summarized in <xref ref-type="table" rid="table-2">Table 2</xref>.</p>
<fig id="figure-3">
<label>(a)</label>
<caption>
<p>
<label>Figure 3:</label>
The splits used for the evaluation on the three datasets. Blue indicates the training data, and orange indicates the test data. The splits are created using the parameters from <xref ref-type="table" rid="table-2">Table 2</xref> and <xref ref-type="table" rid="table-3">Table 3</xref></p>
</caption>
<fig id="figure-4">
<caption>
<p>Australian Electricity Demand</p>
</caption>
<graphic mimetype="image" mime-subtype="png" xlink:href="files/AusElecSplit-6a6fd7cec0b5982f5bda2bad6bdcc468.png"/>
</fig>
<fig id="figure-5">
<label>(b)</label>
<caption>
<p>Sunspot Activity</p>
</caption>
<graphic mimetype="image" mime-subtype="png" xlink:href="files/SunspotSplit-0934e535e38ade74ba1e03217ef48584.png"/>
</fig>
<fig id="figure-6">
<label>(c)</label>
<caption>
<p>US Births</p>
</caption>
<graphic mimetype="image" mime-subtype="png" xlink:href="files/USBirthSplit-75f3dbd4113af53e3280c54328193e4e.png"/>
</fig>
</fig>
</sec>
<sec id="sec-17">
<label>4.2</label>
<title>Datasets</title>
<p>We evaluate our forecasting methods and probabilistic wrappers on several diverse time series datasets, each offering unique characteristics:</p>
<list list-type="bullet">
<list-item>
<p><bold>Australian Electricity Demand (<xref ref-type="bibr" rid="ref-9">Godahewa <italic>et al.</italic>, 2021</xref>)</bold>: Half-hourly electricity demand data for five states of Australia: Victoria, New South Wales, Queensland, Tasmania, and South Australia, useful for high-frequency data evaluation.</p>
</list-item><list-item>
<p><bold>Sunspot Activity (<xref ref-type="bibr" rid="ref-7">Godahewa <italic>et al.</italic>, 2021</xref>)</bold>: Weekly observations of sunspot numbers, ideal for testing forecasting robustness on long-term periodic patterns.</p>
</list-item><list-item>
<p><bold>US Births (<xref ref-type="bibr" rid="ref-8">Godahewa <italic>et al.</italic>, 2021</xref>)</bold>: Daily birth records in the United States, with a clear seasonal pattern, suitable for daily data performance assessment.</p>
</list-item>
</list>
<table-wrap id="table-1">
<label>Table 1:</label>
<caption>
<p>The table lists the specification strings for the estimators used in the study. Note that a full pipeline consists of pre-processing, wrapper, and base forecaster, as detailed in <xref ref-type="sec" rid="sec-9">Section 3</xref>.  Some of the parameters are determined by the used dataset: sp is 48 for the Autralian Electricity Dataset and 1 for the other. The sample_freq is 0.005 for the Australian Electricity Dataset and 0.1 for the other.</p>
</caption>
<table>
<tbody>
<tr><td>Role</td><td>Name</td><td>Hyperparameters</td></tr>
<tr><td>Base Forecaster</td><td>Naive last</td><td><monospace>NaiveForecaster(strategy="last", sp=sp)</monospace></td></tr>
<tr><td>Base Forecaster</td><td>Naive mean</td><td><monospace>NaiveForecaster(strategy="mean", sp=sp)</monospace></td></tr>
<tr><td>Base Forecaster</td><td>Naive drift</td><td><monospace>NaiveForecaster(strategy="drift", sp=sp)</monospace></td></tr>
<tr><td>Base Forecaster</td><td>Theta</td><td><monospace>StatsForecastAutoTheta(season_length=sp)</monospace></td></tr>
<tr><td>Wrapper</td><td><abbrev alt="Conformal Interval">CI</abbrev> Empirical</td><td><monospace>ConformalIntervals(forecaster, sample_frac=sample_frac)</monospace></td></tr>
<tr><td>Wrapper</td><td><abbrev alt="Conformal Interval">CI</abbrev> Empirical residuals</td><td><monospace>ConformalIntervals(forecaster, sample_frac=sample_frac, method="empirical_residual")</monospace></td></tr>
<tr><td>Wrapper</td><td><abbrev alt="Conformal Interval">CI</abbrev> Conformal</td><td><monospace>ConformalIntervals(forecaster, sample_frac=sample_frac, method="conformal")</monospace></td></tr>
<tr><td>Wrapper</td><td><abbrev alt="Conformal Interval">CI</abbrev> Bonferroni</td><td><monospace>ConformalIntervals(forecaster, sample_frac=sample_frac, method="conformal_bonferroni")</monospace></td></tr>
<tr><td>Wrapper</td><td>BaggingForecaster</td><td><monospace>BaggingForecaster(ts_bootstrap_adapter, forecaster))</monospace></td></tr>
<tr><td>Wrapper</td><td>Naive Variance</td><td><monospace>NaiveVariance(forecaster, initial_window=14*sp))</monospace></td></tr>
<tr><td>Wrapper</td><td>Squaring Residuals</td><td><monospace>SquaringResiduals(forecaster, initial_window=14*sp))</monospace></td></tr>
<tr><td>Forecasting Pipeline</td><td>Pipeline</td><td><monospace>Differencer(1) * Deaseasonalizer(sp=sp) * Wrapper</monospace></td></tr>
<tr><td>ts_bootstrap_adapter</td><td>TSBootstrapAdapter</td><td><monospace>TSBootstrapAdapter(tsbootsrap)</monospace></td></tr>
<tr><td>tsbootstrap</td><td>Moving Block Bootstrap</td><td><monospace>MovingBlockBootstrap()</monospace></td></tr>
<tr><td>tsbootstrap</td><td>Block Residual Bootstrap</td><td><monospace>BlockDistributionBootstrap()</monospace></td></tr>
<tr><td>tsbootstrap</td><td>Block Statistic Preserving Bootstrap</td><td><monospace>BlockStatisticPreservingBootstrap()</monospace></td></tr>
<tr><td>tsbootstrap</td><td>Block Distribution Bootstrap</td><td><monospace>BlockDistributionBootstrap()</monospace></td></tr>
</tbody>
</table>
</table-wrap>
<table-wrap id="table-2">
<label>Table 2:</label>
<caption>
<p>To perform the evaluation, we used three datasets. Due to the different frequencies and lengths, we used different parameters for the Sliding Window Splitter to create the cross-validation folds. This table presents the parameters used for each dataset.</p>
</caption>
<table>
<tbody>
<tr><td>Dataset</td><td>Forecast Horizon</td><td>Step Width</td><td>Window Size</td><td>Cutout Period</td><td>Number of Folds</td><td>Seasonal Periodicity</td></tr>
<tr><td>Australian Electricity Demand</td><td>48</td><td>1440</td><td>1440</td><td>Last Year</td><td>12</td><td>48</td></tr>
<tr><td>Sunspot Activity</td><td>28</td><td>395</td><td>365</td><td>Last 40 Years</td><td>12</td><td>1</td></tr>
<tr><td>US Births</td><td>28</td><td>395</td><td>365</td><td>Whole Time Series</td><td>12</td><td>1</td></tr>
</tbody>
</table>
</table-wrap>
<table-wrap id="table-3">
<label>Table 3:</label>
<caption>
<p>The code instantiation of the cross-validation splits used for the evaluation on the three datasets. The parameters are taken from <xref ref-type="table" rid="table-2">Table 2</xref>.</p>
</caption>
<table>
<tbody>
<tr><td>Dataset</td><td>CV splitter</td></tr>
<tr><td>Australian Electricity Demand</td><td><monospace>SlidingWindowSplitter(step_length=48*30, window_length=48*30,fh=range(48))</monospace></td></tr>
<tr><td>Sunspot Activity</td><td><monospace>SlidingWindowSplitter(step_length=395, window_length=365,fh=range(28))</monospace></td></tr>
<tr><td>US Births</td><td><monospace>SlidingWindowSplitter(step_length=395, window_length=365,fh=range(28))</monospace></td></tr>
</tbody>
</table>
</table-wrap>
</sec>
<sec id="sec-18">
<label>4.3</label>
<title>Results</title>
<p> In this section, we present the results of our experiments. We evaluate the performance of the forecasting methods combined with probabilistic wrappers on the datasets described in <xref ref-type="sec" rid="sec-17">Section 4.2</xref>.</p>
<p>To increase the conciseness, we calculated the rank of each probabilistic wrapper for each combination of forecaster, metric, and dataset. Afterwards, for each metric, probabilistic wrapper and dataset, we have calculated the average across all forecasters and time series. In the following, we present the results for each dataset separately, except for the runtime, which is the same for all three experiments. Thus, we describe it only for the Australian Electricity Demand dataset.</p>
<sec id="sec-19">
<label>4.3.1</label>
<title>Performance on Australian Electricity Demand</title>
<p>The results for the Australian electricity demand dataset are summarized in <xref ref-type="table" rid="table-4">Table 4</xref>. We compare the performance of different forecasting models and probabilistic wrappers using the previously described evaluation metrics.</p>
<p>The ranked based evaluation show that diverse results regarding the different metrics. E.g. while <abbrev alt="Conformal Interval">CI</abbrev> Empirical Residual performs best on <abbrev alt="Continuous Ranked Probability Score">CRPS</abbrev>, it is only mediocre regarding the Pinball Loss and the <abbrev alt="Area Under Calibration Curve">AUC</abbrev>alibration. On PinballLoss, the best method is <abbrev alt="Conformal Interval">CI</abbrev> Empirical and on <abbrev alt="Area Under Calibration Curve">AUC</abbrev>alibration, it is Moving Block Bootstrap. Regarding the runtime, the fastest method is the fallback probabilistic prediction of the base forecaster. The slowest methods are NaiveVariance and SquaringResiduals. Furthermore, it seems that the ConformalIntervals are slightly faster than the BaggingForecasters.</p>
<table-wrap id="table-4">
<label>Table 4:</label>
<caption>
<p>Performance of forecasting methods on the Australian electricity demand dataset</p>
</caption>
<table>
<tbody>
<tr><td>Wrapper</td><td align="right"><abbrev alt="Continuous Ranked Probability Score">CRPS</abbrev></td><td align="right">Pinball Loss</td><td align="right"><abbrev alt="Area Under Calibration Curve">AUC</abbrev>alibration</td><td align="right">Runtime</td></tr>
<tr><td>Fallback</td><td align="right">9.45</td><td align="right">9.66</td><td align="right">5.61</td><td align="right">1.00</td></tr>
<tr><td>Naive Variance</td><td align="right">7.75</td><td align="right">7.20</td><td align="right">7.15</td><td align="right">10.00</td></tr>
<tr><td>Squaring Residuals</td><td align="right">7.45</td><td align="right">6.20</td><td align="right">5.05</td><td align="right">11.00</td></tr>
<tr><td>Block Distribution Bootstrap</td><td align="right">4.08</td><td align="right">3.15</td><td align="right">6.82</td><td align="right">7.83</td></tr>
<tr><td>Block Residual Bootstrap</td><td align="right">4.30</td><td align="right">5.58</td><td align="right">5.84</td><td align="right">8.32</td></tr>
<tr><td>Block Statistic Preserving Bootstrap</td><td align="right">4.25</td><td align="right">5.87</td><td align="right">6.15</td><td align="right">7.29</td></tr>
<tr><td>Moving Block Bootstrap</td><td align="right">6.12</td><td align="right">6.51</td><td align="right">4.26</td><td align="right">6.00</td></tr>
<tr><td><abbrev alt="Conformal Interval">CI</abbrev> Conformal</td><td align="right">5.75</td><td align="right">5.40</td><td align="right">5.69</td><td align="right">3.92</td></tr>
<tr><td><abbrev alt="Conformal Interval">CI</abbrev> Empirical</td><td align="right">3.79</td><td align="right">2.63</td><td align="right">6.97</td><td align="right">3.30</td></tr>
<tr><td><abbrev alt="Conformal Interval">CI</abbrev> Empirical Residual</td><td align="right">2.37</td><td align="right">5.42</td><td align="right">5.35</td><td align="right">3.49</td></tr>
<tr><td><abbrev alt="Conformal Interval">CI</abbrev> Bonferroni</td><td align="right">10.50</td><td align="right">8.05</td><td align="right">6.70</td><td align="right">3.70</td></tr>
</tbody>
</table>
</table-wrap>
</sec>
<sec id="sec-20">
<label>4.3.2</label>
<title>Performance on Sunspot Activity</title>
<p><xref ref-type="table" rid="table-5">Table 5</xref> shows the performance of our methods on the sunspot activity dataset. The long-term periodic patterns in this dataset provide a challenging test for our forecasting models.</p>
<p>The ranked based evaluation show that BaggingForecaster with the Block Distribution Bootstrap scores clearly best regarding the <abbrev alt="Continuous Ranked Probability Score">CRPS</abbrev> and Pinball Loss, and <abbrev alt="Area Under Calibration Curve">AUC</abbrev>alibration.</p>
<table-wrap id="table-5">
<label>Table 5:</label>
<caption>
<p>Performance of forecasting methods on the sunspot activity dataset</p>
</caption>
<table>
<tbody>
<tr><td>Wrapper</td><td align="right"><abbrev alt="Continuous Ranked Probability Score">CRPS</abbrev></td><td align="right">PinballLoss</td><td align="right"><abbrev alt="Area Under Calibration Curve">AUC</abbrev>alibration</td><td align="right">Runtime</td></tr>
<tr><td>Fallback</td><td align="right">9.00</td><td align="right">7.25</td><td align="right">9.50</td><td align="right">1.00</td></tr>
<tr><td>Naive Variance</td><td align="right">6.50</td><td align="right">6.25</td><td align="right">7.75</td><td align="right">10.00</td></tr>
<tr><td>Squaring Residuals</td><td align="right">8.00</td><td align="right">8.00</td><td align="right">4.75</td><td align="right">11.00</td></tr>
<tr><td>Block Distribution Bootstrap</td><td align="right">1.00</td><td align="right">1.00</td><td align="right">3.00</td><td align="right">7.25</td></tr>
<tr><td>Block Residual Bootstrap</td><td align="right">6.00</td><td align="right">6.25</td><td align="right">5.00</td><td align="right">6.75</td></tr>
<tr><td>Block Statistic Preserving Bootstrap</td><td align="right">5.50</td><td align="right">7.00</td><td align="right">2.50</td><td align="right">6.25</td></tr>
<tr><td>Moving Block Bootstrap</td><td align="right">5.75</td><td align="right">5.75</td><td align="right">7.50</td><td align="right">5.00</td></tr>
<tr><td><abbrev alt="Conformal Interval">CI</abbrev> Conformal</td><td align="right">4.75</td><td align="right">4.50</td><td align="right">6.75</td><td align="right">4.50</td></tr>
<tr><td><abbrev alt="Conformal Interval">CI</abbrev> Empirical</td><td align="right">5.50</td><td align="right">4.00</td><td align="right">7.25</td><td align="right">4.50</td></tr>
<tr><td><abbrev alt="Conformal Interval">CI</abbrev> Empirical Residual</td><td align="right">3.50</td><td align="right">8.00</td><td align="right">6.25</td><td align="right">4.25</td></tr>
<tr><td><abbrev alt="Conformal Interval">CI</abbrev> Bonferroni</td><td align="right">10.50</td><td align="right">8.00</td><td align="right">5.75</td><td align="right">5.50</td></tr>
</tbody>
</table>
</table-wrap>
</sec>
<sec id="sec-21">
<label>4.3.3</label>
<title>Performance on US Births</title>
<p>The results for the US births dataset are presented in <xref ref-type="table" rid="table-6">Table 6</xref>. This dataset, with its clear seasonal pattern, allows us to assess the models’ ability to handle daily data. The ranked based evaluation show that BaggingForecaster with the Block Distribution Bootstrap scores best regarding the <abbrev alt="Continuous Ranked Probability Score">CRPS</abbrev> and Pinball Loss. Regarding the <abbrev alt="Area Under Calibration Curve">AUC</abbrev>alibration, the best score is achieved by <abbrev alt="Conformal Interval">CI</abbrev> Conformal.</p>
<table-wrap id="table-6">
<label>Table 6:</label>
<caption>
<p>Performance of forecasting methods on the US births dataset</p>
</caption>
<table>
<tbody>
<tr><td>Wrapper</td><td align="right"><abbrev alt="Continuous Ranked Probability Score">CRPS</abbrev></td><td align="right">PinballLoss</td><td align="right"><abbrev alt="Area Under Calibration Curve">AUC</abbrev>alibration</td><td align="right">Runtime</td></tr>
<tr><td>Fallback</td><td align="right">9.25</td><td align="right">9.50</td><td align="right">7.88</td><td align="right">1.00</td></tr>
<tr><td>Naive Variance</td><td align="right">6.25</td><td align="right">5.75</td><td align="right">6.25</td><td align="right">10.00</td></tr>
<tr><td>Squaring Residuals</td><td align="right">9.50</td><td align="right">8.50</td><td align="right">6.50</td><td align="right">11.00</td></tr>
<tr><td>Block Distribution Bootstrap</td><td align="right">1.00</td><td align="right">1.00</td><td align="right">8.25</td><td align="right">7.25</td></tr>
<tr><td>Block Residual Bootstrap</td><td align="right">3.75</td><td align="right">5.75</td><td align="right">5.50</td><td align="right">7.00</td></tr>
<tr><td>Block Statistic Preserving Bootstrap</td><td align="right">5.50</td><td align="right">6.00</td><td align="right">7.38</td><td align="right">6.25</td></tr>
<tr><td>Moving Block Bootstrap</td><td align="right">5.75</td><td align="right">5.25</td><td align="right">5.12</td><td align="right">4.75</td></tr>
<tr><td><abbrev alt="Conformal Interval">CI</abbrev> Conformal</td><td align="right">6.00</td><td align="right">6.00</td><td align="right">4.75</td><td align="right">4.25</td></tr>
<tr><td><abbrev alt="Conformal Interval">CI</abbrev> Empirical</td><td align="right">5.50</td><td align="right">4.50</td><td align="right">4.88</td><td align="right">4.75</td></tr>
<tr><td><abbrev alt="Conformal Interval">CI</abbrev> Empirical Residual</td><td align="right">3.00</td><td align="right">6.00</td><td align="right">5.00</td><td align="right">5.25</td></tr>
<tr><td><abbrev alt="Conformal Interval">CI</abbrev> Bonferroni</td><td align="right">10.50</td><td align="right">7.75</td><td align="right">4.50</td><td align="right">4.50</td></tr>
</tbody>
</table>
</table-wrap>
</sec>
</sec>
</sec>
<sec id="sec-22">
<label>5</label>
<title>Discussion and Conclusion</title>
<p>Our experiments demonstrate that the benchmarking framework in <monospace>sktime</monospace> provides an easy-to-use solution for reproducible benchmarks. We showed this by conducting simple benchmark studies of probabilistic wrappers for point forecasts on three different systems and make the corresponding code available at: <ext-link ext-link-type="uri" xlink:href="https://github.com/sktime/code_for_paper_scipyconf24/tree/main">https://github.com/sktime/code_for_paper_scipyconf24/tree/main</ext-link>.</p>
<p>Regarding our benchmark study, we note that this is a limited study primarily aimed at showcasing the capabilities of the proposed framework. Therefore, future work should include a comprehensive hyperparameter search to identify the best parameters for the probabilistic wrappers. Additionally, further bootstrapping methods need to be explored, as well as other wrappers such as generative neural networks, including Generative Adversarial Networks, Variational Autoencoders, or Invertible Neural Networks (<xref ref-type="bibr" rid="ref-4">Phipps <italic>et al.</italic>, 2024</xref>; <xref ref-type="bibr" rid="ref-5">Wang <italic>et al.</italic>, 2020</xref>).</p>
<p>Besides extending the range of wrappers, we also plan to include additional point forecasters as base models, such as AutoARIMA, in our study. Furthermore, the number of examined datasets should be expanded to provide a more comprehensive evaluation. Finally, we did not perform a grid search on the hyperparameters for the wrappers, which means that with different hyperparameters, their performance and runtime might change.</p>
<p>In conclusion, the <monospace>sktime</monospace> evaluation modules enable the performance of reproducible forecasting benchmarks. We demonstrated its applicability in a small benchmarking study that compares different probabilistic wrappers for point forecasters. In future work, we aim to collaborate with the scientific community to integrate more wrappers and conduct a broader benchmark study on this topic.</p>
</sec>
</body>
<back>
<ref-list>
<ref id="ref-19">
<element-citation publication-type="journal">
<article-title>Probabilistic forecasting</article-title>
<person-group person-group-type="author">
<name><surname>Gneiting</surname><given-names>Tilmann</given-names></name>
<name><surname>Katzfuss</surname><given-names>Matthias</given-names></name>
</person-group><source>Annual Review of Statistics and Its Application</source><year iso-8601-date="2014">2014</year><pub-id pub-id-type="doi">https://doi.org/10.1146/annurev-statistics-062713-085831</pub-id><volume>1</volume><fpage>125</fpage><lpage>151</lpage></element-citation>
</ref>
<ref id="ref-15">
<element-citation publication-type="journal">
<article-title>The M4 Competition: 100,000 time series and 61 forecasting methods</article-title>
<person-group person-group-type="author">
<name><surname>Makridakis</surname><given-names>Spyros</given-names></name>
<name><surname>Spiliotis</surname><given-names>Evangelos</given-names></name>
<name><surname>Assimakopoulos</surname><given-names>Vassilios</given-names></name>
</person-group><source>International Journal of Forecasting</source><year iso-8601-date="2020">2020</year><pub-id pub-id-type="doi">https://doi.org/10.1016/j.ijforecast.2019.04.014</pub-id><volume>36</volume><issue>1</issue><fpage>54</fpage><lpage>74</lpage></element-citation>
</ref>
<ref id="ref-16">
<element-citation publication-type="journal">
<article-title>M5 accuracy competition: Results, findings, and conclusions</article-title>
<person-group person-group-type="author">
<name><surname>Makridakis</surname><given-names>Spyros</given-names></name>
<name><surname>Spiliotis</surname><given-names>Evangelos</given-names></name>
<name><surname>Assimakopoulos</surname><given-names>Vassilios</given-names></name>
</person-group><source>International Journal of Forecasting</source><year iso-8601-date="2022">2022</year><pub-id pub-id-type="doi">https://doi.org/10.1016/j.ijforecast.2021.11.013</pub-id><volume>38</volume><issue>4</issue><fpage>1346</fpage><lpage>1364</lpage></element-citation>
</ref>
<ref id="ref-21">
<element-citation publication-type="journal">
<article-title>Probabilistic forecasting with temporal convolutional neural network</article-title>
<person-group person-group-type="author">
<name><surname>Chen</surname><given-names>Yitian</given-names></name>
<name><surname>Kang</surname><given-names>Yanfei</given-names></name>
<name><surname>Chen</surname><given-names>Yixiong</given-names></name>
<name><surname>Wang</surname><given-names>Zizhuo</given-names></name>
</person-group><source>Neurocomputing</source><year iso-8601-date="2020">2020</year><pub-id pub-id-type="doi">https://doi.org/10.1016/j.neucom.2020.03.011</pub-id><volume>399</volume><fpage>491</fpage><lpage>501</lpage></element-citation>
</ref>
<ref id="ref-20">
<element-citation publication-type="journal">
<article-title>Recent advances in electricity price forecasting: A review of probabilistic forecasting</article-title>
<person-group person-group-type="author">
<name><surname>Nowotarski</surname><given-names>Jakub</given-names></name>
<name><surname>Weron</surname><given-names>Rafał</given-names></name>
</person-group><source>Renewable and Sustainable Energy Reviews</source><year iso-8601-date="2018">2018</year><pub-id pub-id-type="doi">https://doi.org/10.1016/j.rser.2017.05.234</pub-id><volume>81</volume><fpage>1548</fpage><lpage>1568</lpage></element-citation>
</ref>
<ref id="ref-17">
<element-citation publication-type="journal">
<article-title>Lag-llama: Towards foundation models for time series forecasting</article-title>
<person-group person-group-type="author">
<name><surname>Rasul</surname><given-names>Kashif</given-names></name>
<name><surname>Ashok</surname><given-names>Arjun</given-names></name>
<name><surname>Williams</surname><given-names>Andrew Robert</given-names></name>
<name><surname>Khorasani</surname><given-names>Arian</given-names></name>
<name><surname>Adamopoulos</surname><given-names>George</given-names></name>
<name><surname>Bhagwatkar</surname><given-names>Rishika</given-names></name>
<name><surname>Biloš</surname><given-names>Marin</given-names></name>
<name><surname>Ghonia</surname><given-names>Hena</given-names></name>
<name><surname>Hassen</surname><given-names>Nadhir Vincent</given-names></name>
<name><surname>Schneider</surname><given-names>Anderson</given-names></name>
<name><surname>others</surname></name>
</person-group><source>arXiv preprint arXiv:2310.08278</source><year iso-8601-date="2023">2023</year><pub-id pub-id-type="doi">https://doi.org/10.48550/arXiv.2310.08278</pub-id></element-citation>
</ref>
<ref id="ref-18">
<element-citation publication-type="journal">
<article-title>A decoder-only foundation model for time-series forecasting</article-title>
<person-group person-group-type="author">
<name><surname>Das</surname><given-names>Abhimanyu</given-names></name>
<name><surname>Kong</surname><given-names>Weihao</given-names></name>
<name><surname>Sen</surname><given-names>Rajat</given-names></name>
<name><surname>Zhou</surname><given-names>Yichen</given-names></name>
</person-group><source>arXiv preprint arXiv:2310.10688</source><year iso-8601-date="2023">2023</year><pub-id pub-id-type="doi">https://doi.org/10.48550/arXiv.2310.10688</pub-id></element-citation>
</ref>
<ref id="ref-33">
<element-citation publication-type="document">
<article-title>Reproducibility in Machine Learning-Driven Research</article-title>
<person-group person-group-type="author">
<name><surname>Semmelrock</surname><given-names>Harald</given-names></name>
<name><surname>Kopeinik</surname><given-names>Simone</given-names></name>
<name><surname>Theiler</surname><given-names>Dieter</given-names></name>
<name><surname>Ross-Hellauer</surname><given-names>Tony</given-names></name>
<name><surname>Kowald</surname><given-names>Dominik</given-names></name>
</person-group><year iso-8601-date="2023">2023</year><pub-id pub-id-type="doi">https://doi.org/10.48550/arXiv.2307.10320</pub-id></element-citation>
</ref>
<ref id="ref-34">
<element-citation publication-type="document">
<article-title>NIPS - Not Even Wrong? A Systematic Review of Empirically Complete Demonstrations of Algorithmic Effectiveness in the Machine Learning and Artificial Intelligence Literature</article-title>
<person-group person-group-type="author">
<name><surname>Király</surname><given-names>Franz J</given-names></name>
<name><surname>Mateen</surname><given-names>Bilal</given-names></name>
<name><surname>Sonabend</surname><given-names>Raphael</given-names></name>
</person-group><year iso-8601-date="2018">2018</year><pub-id pub-id-type="doi">https://doi.org/10.48550/arXiv.1812.07519</pub-id></element-citation>
</ref>
<ref id="ref-13">
<element-citation publication-type="software">
<article-title>sktime/sktime: v0.29.0</article-title>
<person-group person-group-type="author">
<name><surname>Király</surname><given-names>Franz</given-names></name>
<name><surname>Löning</surname><given-names>Markus</given-names></name>
<name><surname>Bagnall</surname><given-names>Tony</given-names></name>
<name><surname>Middlehurst</surname><given-names>Matthew</given-names></name>
<name><surname>Ganesh</surname><given-names>Sajaysurya</given-names></name>
<name><surname>Walter</surname><given-names>Martin</given-names></name>
<name><surname>Oastler</surname><given-names>George</given-names></name>
<name><surname>Lines</surname><given-names>Jason</given-names></name>
<name><surname>Ray</surname><given-names>Anirban</given-names></name>
<name><surname>ViktorKaz</surname></name>
<name><surname>Mentel</surname><given-names>Lukasz</given-names></name>
<name><surname>Heidrich</surname><given-names>Benedikt</given-names></name>
<name><surname>Mishra</surname><given-names>Sagar</given-names></name>
<name><surname>chrisholder</surname></name>
<name><surname>Bartling</surname><given-names>Daniel</given-names></name>
<name><surname>Tsaprounis</surname><given-names>Leonidas</given-names></name>
<name><surname>RNKuhns</surname></name>
<name><surname>Gilbert</surname><given-names>Ciaran</given-names></name>
<name><surname>Baichoo</surname><given-names>Mirae</given-names></name>
<name><surname>Akmal</surname><given-names>Hazrul</given-names></name>
<name><surname>Guzal</surname></name>
<name><surname>Owoseni</surname><given-names>Taiwo</given-names></name>
<name><surname>Rockenschaub</surname><given-names>Patrick</given-names></name>
<name><surname>shell</surname></name>
<name><surname>Alavi</surname><given-names>Sami</given-names></name>
<name><surname>jesellier</surname></name>
<name><surname>Manani</surname><given-names>Kishan</given-names></name>
<name><surname>Schäfer</surname><given-names>Patrick</given-names></name>
<name><surname>Khrapov</surname><given-names>Stanislav</given-names></name>
</person-group><year iso-8601-date="2024">2024</year><pub-id pub-id-type="doi">10.5281/zenodo.11095261</pub-id></element-citation>
</ref>
<ref id="ref-22">
<element-citation publication-type="journal">
<article-title>Generalizing the theta method for automatic forecasting</article-title>
<person-group person-group-type="author">
<name><surname>Spiliotis</surname><given-names>Evangelos</given-names></name>
<name><surname>Assimakopoulos</surname><given-names>Vassilios</given-names></name>
<name><surname>Makridakis</surname><given-names>Spyros</given-names></name>
</person-group><source>European Journal of Operational Research</source><year iso-8601-date="2020">2020</year><pub-id pub-id-type="doi">https://doi.org/10.1016/j.ejor.2020.01.007</pub-id><volume>284</volume><issue>2</issue><fpage>550</fpage><lpage>558</lpage></element-citation>
</ref>
<ref id="ref-11">
<element-citation publication-type="software">
<article-title>tsbootstrap</article-title>
<person-group person-group-type="author">
<name><surname>Gilda</surname><given-names>Sankalp</given-names></name>
</person-group><year iso-8601-date="2024">2024</year><pub-id pub-id-type="doi">10.5281/zenodo.10866090</pub-id></element-citation>
</ref>
<ref id="ref-12">
<element-citation publication-type="document">
<article-title>tsbootstrap: Enhancing Time Series Analysis with Advanced Bootstrapping Techniques</article-title>
<person-group person-group-type="author">
<name><surname>Gilda</surname><given-names>Sankalp</given-names></name>
<name><surname>Heidrich</surname><given-names>Benedikt</given-names></name>
<name><surname>Kiraly</surname><given-names>Franz</given-names></name>
</person-group><year iso-8601-date="2024">2024</year><pub-id pub-id-type="doi">https://doi.org/10.48550/arXiv.2404.15227</pub-id></element-citation>
</ref>
<ref id="ref-9">
<element-citation publication-type="dataset">
<article-title>Australian Electricity Demand Dataset</article-title>
<person-group person-group-type="author">
<name><surname>Godahewa</surname><given-names>Rakshitha</given-names></name>
<name><surname>Bergmeir</surname><given-names>Christoph</given-names></name>
<name><surname>Webb</surname><given-names>Geoff</given-names></name>
<name><surname>Hyndman</surname><given-names>Rob</given-names></name>
<name><surname>Montero-Manso</surname><given-names>Pablo</given-names></name>
</person-group><year iso-8601-date="2021">2021</year><pub-id pub-id-type="doi">10.5281/zenodo.4659727</pub-id></element-citation>
</ref>
<ref id="ref-7">
<element-citation publication-type="dataset">
<article-title>Sunspot Daily Dataset (without Missing Values)</article-title>
<person-group person-group-type="author">
<name><surname>Godahewa</surname><given-names>Rakshitha</given-names></name>
<name><surname>Bergmeir</surname><given-names>Christoph</given-names></name>
<name><surname>Webb</surname><given-names>Geoff</given-names></name>
<name><surname>Hyndman</surname><given-names>Rob</given-names></name>
<name><surname>Montero-Manso</surname><given-names>Pablo</given-names></name>
</person-group><year iso-8601-date="2021">2021</year><pub-id pub-id-type="doi">10.5281/zenodo.4654722</pub-id></element-citation>
</ref>
<ref id="ref-8">
<element-citation publication-type="dataset">
<article-title>US Births Dataset</article-title>
<person-group person-group-type="author">
<name><surname>Godahewa</surname><given-names>Rakshitha</given-names></name>
<name><surname>Bergmeir</surname><given-names>Christoph</given-names></name>
<name><surname>Webb</surname><given-names>Geoff</given-names></name>
<name><surname>Hyndman</surname><given-names>Rob</given-names></name>
<name><surname>Montero-Manso</surname><given-names>Pablo</given-names></name>
</person-group><year iso-8601-date="2021">2021</year><pub-id pub-id-type="doi">10.5281/zenodo.4656049</pub-id></element-citation>
</ref>
<ref id="ref-28">
<element-citation publication-type="journal">
<article-title>sktime: A unified interface for machine learning with time series</article-title>
<person-group person-group-type="author">
<name><surname>Löning</surname><given-names>Markus</given-names></name>
<name><surname>Bagnall</surname><given-names>Anthony</given-names></name>
<name><surname>Ganesh</surname><given-names>Sajaysurya</given-names></name>
<name><surname>Kazakov</surname><given-names>Viktor</given-names></name>
<name><surname>Lines</surname><given-names>Jason</given-names></name>
<name><surname>Király</surname><given-names>Franz J</given-names></name>
</person-group><source>arXiv preprint arXiv:1909.07872</source><year iso-8601-date="2019">2019</year><pub-id pub-id-type="doi">https://doi.org/10.48550/arXiv.1909.07872</pub-id></element-citation>
</ref>
<ref id="ref-26">
<element-citation publication-type="document">
<article-title>StatsForecast: Lightning fast forecasting with statistical and econometric models</article-title>
<person-group person-group-type="author">
<name><surname>Federico Garza</surname></name>
</person-group><year iso-8601-date="2022">2022</year></element-citation>
</ref>
<ref id="ref-14">
<element-citation publication-type="software">
<article-title>statsmodels/statsmodels: Release 0.14.2</article-title>
<person-group person-group-type="author">
<name><surname>Perktold</surname><given-names>Josef</given-names></name>
<name><surname>Seabold</surname><given-names>Skipper</given-names></name>
<name><surname>Sheppard</surname><given-names>Kevin</given-names></name>
<name><surname>ChadFulton</surname></name>
<name><surname>Shedden</surname><given-names>Kerby</given-names></name>
<name><surname>jbrockmendel</surname></name>
<name><surname>grana6</surname></name>
<name><surname>Quackenbush</surname><given-names>Peter</given-names></name>
<name><surname>Arel-Bundock</surname><given-names>Vincent</given-names></name>
<name><surname>McKinney</surname><given-names>Wes</given-names></name>
<name><surname>Langmore</surname><given-names>Ian</given-names></name>
<name><surname>Baker</surname><given-names>Bart</given-names></name>
<name><surname>Gommers</surname><given-names>Ralf</given-names></name>
<name><surname>yogabonito</surname></name>
<name><surname>scherrer</surname></name>
<name><surname>Zhurko</surname><given-names>Yauhen</given-names></name>
<name><surname>Brett</surname><given-names>Matthew</given-names></name>
<name><surname>Giampieri</surname><given-names>Enrico</given-names></name>
<name><surname>yl565</surname></name>
<name><surname>Millman</surname><given-names>Jarrod</given-names></name>
<name><surname>Hobson</surname><given-names>Paul</given-names></name>
<name><surname>Vincent</surname></name>
<name><surname>Roy</surname><given-names>Pamphile</given-names></name>
<name><surname>Augspurger</surname><given-names>Tom</given-names></name>
<name><surname>tvanzyl</surname></name>
<name><surname>alexbrc</surname></name>
<name><surname>Hartley</surname><given-names>Tyler</given-names></name>
<name><surname>Perez</surname><given-names>Fernando</given-names></name>
<name><surname>Tamiya</surname><given-names>Yuji</given-names></name>
<name><surname>Halchenko</surname><given-names>Yaroslav</given-names></name>
</person-group><year iso-8601-date="2024">2024</year><pub-id pub-id-type="doi">10.5281/zenodo.10984387</pub-id></element-citation>
</ref>
<ref id="ref-25">
<element-citation publication-type="journal">
<article-title>Scikit-learn: Machine learning in Python</article-title>
<person-group person-group-type="author">
<name><surname>Pedregosa</surname><given-names>Fabian</given-names></name>
<name><surname>Varoquaux</surname><given-names>Gaël</given-names></name>
<name><surname>Gramfort</surname><given-names>Alexandre</given-names></name>
<name><surname>Michel</surname><given-names>Vincent</given-names></name>
<name><surname>Thirion</surname><given-names>Bertrand</given-names></name>
<name><surname>Grisel</surname><given-names>Olivier</given-names></name>
<name><surname>Blondel</surname><given-names>Mathieu</given-names></name>
<name><surname>Prettenhofer</surname><given-names>Peter</given-names></name>
<name><surname>Weiss</surname><given-names>Ron</given-names></name>
<name><surname>Dubourg</surname><given-names>Vincent</given-names></name>
<name><surname>others</surname></name>
</person-group><source>the Journal of machine Learning research</source><year iso-8601-date="2011">2011</year><pub-id pub-id-type="doi">https://doi.org/10.48550/arXiv.1201.0490</pub-id><volume>12</volume><fpage>2825</fpage><lpage>2830</lpage></element-citation>
</ref>
<ref id="ref-29">
<element-citation publication-type="journal">
<article-title>mlr: Machine Learning in R</article-title>
<person-group person-group-type="author">
<name><surname>Bischl</surname><given-names>Bernd</given-names></name>
<name><surname>Lang</surname><given-names>Michel</given-names></name>
<name><surname>Kotthoff</surname><given-names>Lars</given-names></name>
<name><surname>Schiffner</surname><given-names>Julia</given-names></name>
<name><surname>Richter</surname><given-names>Jakob</given-names></name>
<name><surname>Studerus</surname><given-names>Erich</given-names></name>
<name><surname>Casalicchio</surname><given-names>Giuseppe</given-names></name>
<name><surname>Jones</surname><given-names>Zachary M.</given-names></name>
</person-group><source>Journal of Machine Learning Research</source><year iso-8601-date="2016">2016</year><pub-id pub-id-type="doi">https://doi.org/10.48550/arXiv.1609.06146</pub-id><volume>17</volume><issue>170</issue><fpage>1</fpage><lpage>5</lpage></element-citation>
</ref>
<ref id="ref-23">
<element-citation publication-type="journal">
<article-title>The WEKA data mining software: an update</article-title>
<person-group person-group-type="author">
<name><surname>Hall</surname><given-names>Mark</given-names></name>
<name><surname>Frank</surname><given-names>Eibe</given-names></name>
<name><surname>Holmes</surname><given-names>Geoffrey</given-names></name>
<name><surname>Pfahringer</surname><given-names>Bernhard</given-names></name>
<name><surname>Reutemann</surname><given-names>Peter</given-names></name>
<name><surname>Witten</surname><given-names>Ian H.</given-names></name>
</person-group><source>SIGKDD Explor. Newsl.</source><year iso-8601-date="2009">2009</year><pub-id pub-id-type="doi">10.1145/1656274.1656278</pub-id><volume>11</volume><issue>1</issue><fpage>10</fpage><lpage>18</lpage>
<issn>1931-0145</issn>
</element-citation>
</ref>
<ref id="ref-24">
<element-citation publication-type="report">
<article-title>fable: Forecasting Models for Tidy Time Series</article-title>
<person-group person-group-type="author">
<name><surname>O'Hara-Wild</surname><given-names>Mitchell</given-names></name>
<name><surname>Hyndman</surname><given-names>Rob</given-names></name>
<name><surname>Wang</surname><given-names>Earo</given-names></name>
</person-group><year iso-8601-date="2024">2024</year></element-citation>
</ref>
<ref id="ref-31">
<element-citation publication-type="journal">
<article-title>Designing machine learning toolboxes: Concepts, principles and patterns</article-title>
<person-group person-group-type="author">
<name><surname>Király</surname><given-names>Franz J</given-names></name>
<name><surname>Löning</surname><given-names>Markus</given-names></name>
<name><surname>Blaom</surname><given-names>Anthony</given-names></name>
<name><surname>Guecioueur</surname><given-names>Ahmed</given-names></name>
<name><surname>Sonabend</surname><given-names>Raphael</given-names></name>
</person-group><source>arXiv preprint arXiv:2101.04938</source><year iso-8601-date="2021">2021</year><pub-id pub-id-type="doi">https://doi.org/10.48550/arXiv.2101.04938</pub-id></element-citation>
</ref>
<ref id="ref-27">
<element-citation publication-type="book">
<article-title>Forecasting: principles and practice</article-title>
<person-group person-group-type="author">
<name><surname>Hyndman</surname><given-names>Rob J</given-names></name>
<name><surname>Athanasopoulos</surname><given-names>George</given-names></name>
</person-group><year iso-8601-date="2018">2018</year></element-citation>
</ref>
<ref id="ref-10">
<element-citation publication-type="journal">
<article-title>The theta model: a decomposition approach to forecasting</article-title>
<person-group person-group-type="author">
<name><surname>Assimakopoulos</surname><given-names>V.</given-names></name>
<name><surname>Nikolopoulos</surname><given-names>K.</given-names></name>
</person-group><source>International Journal of Forecasting</source><year iso-8601-date="2000">2000</year><pub-id pub-id-type="doi">https://doi.org/10.1016/S0169-2070(00)00066-2</pub-id><volume>16</volume><issue>4</issue><fpage>521</fpage><lpage>530</lpage>
<issn>0169-2070</issn>
</element-citation>
</ref>
<ref id="ref-2">
<element-citation publication-type="journal">
<article-title>A tutorial on conformal prediction.</article-title>
<person-group person-group-type="author">
<name><surname>Shafer</surname><given-names>Glenn</given-names></name>
<name><surname>Vovk</surname><given-names>Vladimir</given-names></name>
</person-group><source>Journal of Machine Learning Research</source><year iso-8601-date="2008">2008</year><pub-id pub-id-type="doi">https://doi.org/10.48550/arXiv.0706.3188</pub-id><volume>9</volume><issue>3</issue></element-citation>
</ref>
<ref id="ref-32">
<element-citation publication-type="journal">
<article-title>Multiple significance tests: the Bonferroni correction</article-title>
<person-group person-group-type="author">
<name><surname>Sedgwick</surname><given-names>Philip</given-names></name>
</person-group><source>BMJ</source><year iso-8601-date="2012">2012</year><pub-id pub-id-type="doi">10.1136/bmj.e509</pub-id><volume>344</volume>
<issn>0959-8138</issn>
</element-citation>
</ref>
<ref id="ref-3">
<element-citation publication-type="journal">
<article-title>Bagging exponential smoothing methods using STL decomposition and Box–Cox transformation</article-title>
<person-group person-group-type="author">
<name><surname>Bergmeir</surname><given-names>Christoph</given-names></name>
<name><surname>Hyndman</surname><given-names>Rob J.</given-names></name>
<name><surname>Benítez</surname><given-names>José M.</given-names></name>
</person-group><source>International Journal of Forecasting</source><year iso-8601-date="2016">2016</year><pub-id pub-id-type="doi">https://doi.org/10.1016/j.ijforecast.2015.07.002</pub-id><volume>32</volume><issue>2</issue><fpage>303</fpage><lpage>312</lpage>
<issn>0169-2070</issn>
</element-citation>
</ref>
<ref id="ref-6">
<element-citation publication-type="journal">
<article-title>Scoring Rules for Continuous Probability Distributions</article-title>
<person-group person-group-type="author">
<name><surname>Matheson</surname><given-names>James E.</given-names></name>
<name><surname>Winkler</surname><given-names>Robert L.</given-names></name>
</person-group><source>Management Science</source><year iso-8601-date="1976">1976</year><pub-id pub-id-type="doi">10.1287/mnsc.22.10.1087</pub-id><volume>22</volume><issue>10</issue><fpage>1087</fpage><lpage>1096</lpage></element-citation>
</ref>
<ref id="ref-30">
<element-citation publication-type="journal">
<article-title>Estimating conditional quantiles with the help of the pinball loss</article-title>
<person-group person-group-type="author">
<name><surname>Steinwart</surname><given-names>Ingo</given-names></name>
<name><surname>Christmann</surname><given-names>Andreas</given-names></name>
</person-group><year iso-8601-date="2011">2011</year><pub-id pub-id-type="doi">https://doi.org/10.48550/arXiv.1102.2101</pub-id></element-citation>
</ref>
<ref id="ref-4">
<element-citation publication-type="journal">
<article-title>Generating probabilistic forecasts from arbitrary point forecasts using a conditional invertible neural network</article-title>
<person-group person-group-type="author">
<name><surname>Phipps</surname><given-names>Kaleb</given-names></name>
<name><surname>Heidrich</surname><given-names>Benedikt</given-names></name>
<name><surname>Turowski</surname><given-names>Marian</given-names></name>
<name><surname>Wittig</surname><given-names>Moritz</given-names></name>
<name><surname>Mikut</surname><given-names>Ralf</given-names></name>
<name><surname>Hagenmeyer</surname><given-names>Veit</given-names></name>
</person-group><source>Applied Intelligence</source><year iso-8601-date="2024">2024</year><pub-id pub-id-type="doi">https://doi.org/10.1007/s10489-024-05346-9</pub-id><fpage>1</fpage><lpage>29</lpage></element-citation>
</ref>
<ref id="ref-5">
<element-citation publication-type="journal">
<article-title>Modeling load forecast uncertainty using generative adversarial networks</article-title>
<person-group person-group-type="author">
<name><surname>Wang</surname><given-names>Yi</given-names></name>
<name><surname>Hug</surname><given-names>Gabriela</given-names></name>
<name><surname>Liu</surname><given-names>Zijie</given-names></name>
<name><surname>Zhang</surname><given-names>Ning</given-names></name>
</person-group><source>Electric Power Systems Research</source><year iso-8601-date="2020">2020</year><pub-id pub-id-type="doi">https://doi.org/10.1016/j.epsr.2020.106732</pub-id><volume>189</volume><fpage>106732</fpage>
<issn>0378-7796</issn>
</element-citation>
</ref>
</ref-list>
</back>
</article>
