<?xml version="1.0" encoding="UTF-8"?>
<!DOCTYPE article PUBLIC "-//NLM//DTD JATS (Z39.96) Journal Archiving and Interchange DTD with MathML3 v1.3 20210610//EN" "http://jats.nlm.nih.gov/publishing/1.3/JATS-archivearticle1-3-mathml3.dtd">
<article xmlns:mml="http://www.w3.org/1998/Math/MathML" xmlns:xlink="http://www.w3.org/1999/xlink" xmlns:xsi="http://www.w3.org/2001/XMLSchema-instance" xmlns:ali="http://www.niso.org/schemas/ali/1.0/" dtd-version="1.3" xml:lang="en" id="main">
<front>
<article-meta>
<article-id pub-id-type="doi">10.25080/FVWM4182</article-id>
<title-group>
<article-title>geosnap: The Geospatial Neighborhood Analysis Package</article-title>
<subtitle>Open Tools for Urban, Regional, and Neighborhood Science</subtitle>
</title-group>
<contrib-group>
<contrib contrib-type="author" corresp="yes">
<contrib-id contrib-id-type="orcid">https://orcid.org/0000-0001-7520-2238</contrib-id>
<name name-style="western"><surname>Knaap</surname><given-names>Elijah</given-names></name>
<xref ref-type="aff" rid="aff-1"/><xref ref-type="aff" rid="aff-2"/>
<email>eknaap@sdsu.edu</email>
</contrib>
<contrib contrib-type="author">
<contrib-id contrib-id-type="orcid">https://orcid.org/0000-0001-5857-9762</contrib-id>
<name name-style="western"><surname>Rey</surname><given-names>Sergio</given-names></name>
<xref ref-type="aff" rid="aff-1"/><xref ref-type="aff" rid="aff-2"/>
<email>srey@sdsu.edu</email>
</contrib>
</contrib-group>
<aff id="aff-1">
<institution-wrap>
<institution>San Diego State University</institution>
</institution-wrap>
</aff>
<aff id="aff-2">
<institution-wrap>
<institution>Center for Open Geographical Science</institution>
</institution-wrap>
</aff>
<permissions>
<ali:free_to_read/>
<license xlink:href="https://creativecommons.org/licenses/by/4.0/">
<ali:license_ref>https://creativecommons.org/licenses/by/4.0/</ali:license_ref>
<license-p>This is an open access article distributed under the terms of the <ext-link ext-link-type="uri" xlink:href="http://creativecommons.org/licenses/by/4.0/">Creative Commons Attribution License</ext-link>, which permits unrestricted use, distribution, and reproduction in any medium, provided the original author and source are credited.</license-p>
</license>
</permissions>
<abstract>
<p>Understanding neighborhood context is critical for social science research, public
policy analysis, and urban planning. The social meaning, formal definition, and formal
operationalization of “neighborhood” depends on the study or application, however, so
neighborhood analysis and modeling requires both flexibility and adherence to a formal
pipeline. Maintaining that balance is challenging for a variety of reasons. To address
those challenges, <monospace>geosnap</monospace>, the Geospatial Neighborhood Analysis Package provides a
suite of tools for exploring, modeling, and visualizing the social context and spatial
extent of neighborhoods and regions over time. It brings together state-of-the-art
techniques from geodemographics, regionalization, spatial data science, and
segregation analysis to support social science research, public policy analysis, and
urban planning. It provides a simple interface tailored to formal analysis of
spatiotemporal urban data.</p>
</abstract>
<kwd-group>
<kwd>spatial-analysis</kwd>
<kwd>geodemographics</kwd>
<kwd>boundary-harmonization</kwd>
<kwd>neighborhood-dynamics</kwd>
<kwd>segregation</kwd>
</kwd-group>
</article-meta>
</front>
<body>
<sec id="sec-1">
<label>1</label>
<title>Introduction</title>
<p>Quantitative research focusing on cities, neighborhoods, and regions is in high
demand. On the practical side, city planners, Non-Governmental Organizations
(NGOs), and commercial businesses all have increasing access to georeferenced
datasets and spatial analyses can turn these data into more efficient,
equitable, and profitable, decision-making (<xref ref-type="bibr" rid="ref-9">Cortes <italic>et al.</italic>, 2020</xref>; <xref ref-type="bibr" rid="ref-11">Finio &amp; Knaap, 2022</xref>; <xref ref-type="bibr" rid="ref-20">Kang <italic>et al.</italic>, 2021</xref>; <xref ref-type="bibr" rid="ref-22">Knaap, 2017</xref>; <xref ref-type="bibr" rid="ref-23">Knaap &amp; Rey, 2023</xref>; <xref ref-type="bibr" rid="ref-39">Rey &amp; Knaap, 2022</xref>; <xref ref-type="bibr" rid="ref-47">Wei <italic>et al.</italic>, 2022</xref>). On the academic side, many of the
era’s pressing problems are spatial or urban in form, requiring
bespoke statistical methods and simulation techniques to produce accurate
inferences. Thus, while data science teams in industries across the planet race
to conquer geospatial data science few practitioners have expertise in the
appropriate data sources, modeling frameworks, or data management techniques
necessary for wrangling and synthesizing urban data.</p>
<p>To address these challenges we introduce <monospace>geosnap</monospace>, the geospatial neighborhood analysis
package, which is a unique Python package sitting at the intersection of spatial science
and practical application. In doing so, it provides a bridge between formal spatial
analysis and the applied fields of neighborhood change, access to
opportunity, and the social determinants of health. The package provides fast
and efficient access to hundreds of socioeconomic, infrastructure, and environmental
quality indicators that allow researchers to move from zero data to an informative model
in a few short lines of code.</p>
<p>It is organized into layers for data acquisition, analysis, and visualization, and
includes tools for harmonizing disparate datasets into consistent geographic boundaries,
creating “geodemographic typologies” that summarize and predict multidimensional
segregation over time, and network analysis tools that generate rapid (locally
computed) service areas and travel isochrones. We expect the tool will be immediately
useful for any analyst studying urban areas.</p>
</sec>
<sec id="sec-2">
<label>2</label>
<title>The Geospatial Neighborhood Analysis Package (geosnap)</title>
<p><monospace>geosnap</monospace> provides a suite of tools for exploring, modeling, and visualizing the social
context and spatial extent of neighborhoods and regions over time. It brings together
state-of-the-art techniques from geodemographics, regionalization, spatial data science,
and segregation measurement to support social science research, public policy analysis, and
urban planning. It provides a simple interface tailored to formal analysis of
spatiotemporal urban data, and its primary features include</p>
<list list-type="bullet">
<list-item>
<p>Quick access to a large database of commonly used neighborhood indicators from
U.S. providers including the U.S. Census, the Environmental Protection Agency
(EPA), Longitudinal Household-Employment Dynamics (LEHD), the National Center
for Education Statistics (NCES), and National Land Cover Database (NLCD),
streamed efficiently from the cloud or stored for repeated use.</p>
</list-item><list-item>
<p>Fast, efficient tooling for standardizing data from multiple time periods into a
shared geographic representation appropriate for spatiotemporal analysis</p>
</list-item><list-item>
<p>Analytical methods for understanding sociospatial structure in neighborhoods, cities,
and regions, using unsupervised ML from scikit-learn and spatial optimization from
PySAL</p>
</list-item><list-item>
<p>Classic and spatial analytic methods for diagnosing model fit, and locating (spatial)
statistical outliers</p>
</list-item><list-item>
<p>Novel techniques for understanding the evolution of neighborhoods over time, including
identifying hotspots of local neighborhood change, as well as modeling and simulating
neighborhood conditions into the future</p>
</list-item><list-item>
<p>Unique tools for measuring segregation dynamics over space and time</p>
</list-item><list-item>
<p>Bespoke visualization methods for understanding travel commute-sheds, business
service-areas, and neighborhood change over time</p>
</list-item>
</list>
<p>The package is organized into four layers providing different aspects of functionality,
namely <monospace>io</monospace> for data ingestion and storage, <monospace>analyze</monospace> for analysis and modeling
functions, <monospace>harmonize</monospace> for geographic boundary harmonization, and <monospace>viz</monospace> for
visualization.</p>
<code language="python">import geopandas as gpd
import matplotlib.pyplot as plt
import pandas as pd
from geosnap import DataStore
from geosnap import analyze as gaz
from geosnap import io as gio
from geosnap import visualize as gvz
from geosnap.harmonize import harmonize</code>
<sec id="sec-3">
<label>2.1</label>
<title>Data</title>
<p>Neighborhoods, cities, and regions can be characterized by a variety of data. Researchers use the social, environmental,
institutional, and economic conditions of the area to understand change in these places and the people who inhabit them. The geosnap
package tries to make the process of collecting and wrangling these various
publicly available datasets simpler, faster, and more reproducible by
repackaging the most commonly used into modern formats and serving (those we are
allowed to) over fast web protocols. This makes it much faster to conduct,
iterate, and share analyses for better urban research and public policy than the
typical method of gathering repeated datasets from disparate providers in old
formats. Of course, these datasets are generally just a starting place, designed
to be used alongside additional information unique to each study region.</p>
<p>Toward that end, many of the datasets used in social science and public policy research
in the U.S. are drawn from the same set of resources, like the Census, the Environmental
Protection Agency (EPA), the Bureau of Labor Statistics (BLS), or the National Center
for Education Statistics (NCES), to name a few. As researchers, we found ourselves
writing the same code to download the same data repeatedly. That works in some cases, but it is also cumbersome, and can
be extremely slow for even medium-sized datasets (tables with roughly 75 thousand rows and 400 columns representing Census Tracts in the USA can take several hours or even days to download from Census servers). While there are nice tools like
<ext-link ext-link-type="uri" xlink:href="https://github.com/cenpy-devs/cenpy">cenpy</ext-link> or
<ext-link ext-link-type="uri" xlink:href="https://walker-data.com/pygris/">pyrgris</ext-link>, these tools cannot overcome a basic
limitation of many government data providers, namely that they use old technology, e.g.,
File Transfer Protocol (FTP) and outdated file formats (like shapefiles).</p>
<p>Thus, rather than repetitively querying these slow servers, geosnap takes the
position that it is preferable to store repeatedly-used datasets in
<ext-link ext-link-type="uri" xlink:href="https://github.com/opengeospatial/geoparquet">highly-performant formats</ext-link>,
because they are usually small and fast enough to store on disk. When not on
disk, it makes sense to stream these datasets over
<ext-link ext-link-type="uri" xlink:href="https://aws.amazon.com/s3/">S3</ext-link>, where they can be read very quickly (and
directly). For that reason, geosnap maintains
<ext-link ext-link-type="uri" xlink:href="https://open.quiltdata.com/b/spatial-ucr">a public S3 bucket</ext-link>, thanks to the
<ext-link ext-link-type="uri" xlink:href="https://github.com/awslabs/open-data-registry">Amazon Open Data Registry</ext-link>, and
uses <ext-link ext-link-type="uri" xlink:href="https://www.quiltdata.com/">quilt</ext-link> to manage data under the hood. A
national-level dataset of more than 200 Census variables at the blockgroup scale
(n=220333), <italic>including geometries</italic> can be downloaded in under two minutes,
requires only 921MB of disk space, and can be read into GeoPandas in under four
seconds. A comparable dataset stored on the Census servers takes more than an
hour to download from the Census FTP servers in compressed format, requires more
than 15GB of uncompressed disk space, and is read into a GeoDataFrame in 6.48
seconds, including only the geometries.</p>
<p>The <monospace>DataStore</monospace> class is a quick way to access a large database of social, economic, and
environmental variables tabulated at various geographic levels. These data are not
required to use the package, and <monospace>geosnap</monospace> is capable of conducting analysis anywhere in
the globe, but these datasets are used so commonly in U.S.-centric research that
the developers of <monospace>geosnap</monospace> maintain this database as an additional layer.</p>
<code language="python">datasets = DataStore()</code>
<sec id="sec-4">
<label>2.1.1</label>
<title>Demographics</title>
<p>Over the last decade, one of the most useful resources for understanding socioeconomic
changes in U.S. neighborhoods over time has been the
<ext-link ext-link-type="uri" xlink:href="https://s4.ad.brown.edu/Projects/Diversity/researcher/bridging.htm">Longitudinal Tract Database (LTDB)</ext-link>,
which is used in studies of neighborhood change (<xref ref-type="bibr" rid="ref-27">Logan <italic>et al.</italic>, 2014</xref>). One of the most
recognized benefits of this dataset is that it standardizes boundaries for census
geographic units over time, providing a consistent set of units for time-series
analysis. A benefit of these data is the ease with which researchers
have access to hundreds of useful intermediate variables computed from raw Census data
(e.g. population rates by race and age). Unfortunately, the LTDB data is only available
for a subset of Census releases (and only at the tract level), so geosnap includes
tooling that computes the same variable set as LTDB, and it provides access to those
data for every release of the 5-year ACS at both the tract and blockgroup levels
(variable permitting). Note: following the Census convention, the 5-year releases are
labelled by the terminal year.</p>
<p>Unlike LTDB or the National Historical Geographic Information System
(<ext-link ext-link-type="uri" xlink:href="https://www.nhgis.org/">NHGIS</ext-link>), these datasets are created using code that collects raw
data from the Census FTP servers, computes intermediate variables according to the
codebook, and saves the original geometries-- and is
<ext-link ext-link-type="uri" xlink:href="https://github.com/oturns/geosnap/blob/main/tools/process_census_gdb.ipynb">fully open and reproducible</ext-link>.
This means that all assumptions are exposed, and the full data processing pipeline is
visible to any user or contributor to review, update, or send corrections. Geosnap’s
approach to data provenance reflects our view that open and transparent analysis is
always preferable to black boxes, and is a much better way to promote scientific
discovery. Further, by formalizing the pipeline using code, the tooling is re-run to
generate new datasets each time ACS or decennial Census data is released.</p>
<p>To load a dataset, e.g. 2010 tract-level census data, call it as a method to return a geodataframe. Geometries are available for all of the commonly used administrative units,
many of which have multiple time periods available:</p>
<list list-type="bullet">
<list-item>
<p>metropolitan statistical areas (MSAs)</p>
</list-item><list-item>
<p>states</p>
</list-item><list-item>
<p>counties</p>
</list-item><list-item>
<p>tracts</p>
</list-item><list-item>
<p>blockgroups</p>
</list-item><list-item>
<p>blocks</p>
</list-item>
</list>
<p>Datasets can be queried and subset using an appropriate Federal Information Processing
Series
<ext-link ext-link-type="uri" xlink:href="https://www.census.gov/library/reference/code-lists/ansi.html">(FIPS) Code</ext-link>,
which uniquely identifies every federally defined geographic unit in the U.S.</p>
<code language="python"># blockgroups in San Diego county from the 2014-2018 American Community Survey
# (San Diego county FIPS is 06073)
sd = gio.get_acs(datasets, year=2018, county_fips=['06073'])</code>
<p>There is also a table that maps counties to their constituent Metropolitan Statistical Areas (MSAs). Note that
blockgroups are not exposed directly, but are accessible as part of the ACS and the Environmental Protection Agency’s Environmental Justic Screening Tool (EJSCREEN)
data. If the dataset exists in the <monospace>DataStore</monospace> path, it will be loaded from disk,
otherwise it will be streamed from S3 (provided an internet connection is available).
The geosnap <monospace>io</monospace> module (aliased here as <monospace>gio</monospace>) has a set of functions for creating
datasets for different geographic regions and different time scales, as well as
functions that store remote datasets to disk for repeated use.</p>
</sec>
<sec id="sec-5">
<label>2.1.2</label>
<title>Environment</title>
<p>The Environmental Protection Agency (EPA)'s
<ext-link ext-link-type="uri" xlink:href="https://www.epa.gov/ejscreen">envrironmental justice screening tool (EJSCREEN)</ext-link> is a
national dataset that provides a wealth of environmental (and some demographic) data at
a blockgroup level. For a
full list of indicators
and their metadata, see <ext-link ext-link-type="uri" xlink:href="https://www.epa.gov/ejscreen/overview-environmental-indicators-ejscreen">this EPA page</ext-link>. This dataset includes important variables like
air toxics cancer risk, ozone concentration in the air, particulate matter, and proximity
to superfund sites.</p>
</sec>
<sec id="sec-6">
<label>2.1.3</label>
<title>Education</title>
<p>Geosnap provides access to two related educational data sources. The National Center for
Education Statistics
<ext-link ext-link-type="uri" xlink:href="https://nces.ed.gov/programs/edge/Geographic/DistrictBoundaries">(NCES)</ext-link> provides
geographic data for schools, school districts and (some time periods) of school
attendance boundaries. The
<ext-link ext-link-type="uri" xlink:href="https://exhibits.stanford.edu/data/catalog/db586ns4974">Stanford Education Data Archive</ext-link> (SEDA)
is a collection of standardized achievement data, available at multiple levels (from
state to district to school) with nearly complete national coverage. These data were
released by researchers at Stanford to “help us—scholars, policymakers, educators,
parents—learn how to improve educational opportunity for all children,” and are an
incredible resource for social science research. For more information on how to use the
SEDA data, see their website, or the
<ext-link ext-link-type="uri" xlink:href="https://edopportunity.org/">Educational Opportunity Project</ext-link>. These can be combined
quickly to visualize or conduct further spatial analyses of educational achievement at
multiple geographic scales.</p>
</sec>
<sec id="sec-7">
<label>2.1.4</label>
<title>Employment</title>
<p>The LEHD Origin-Destination Employment Statistics (LODES) data contain job
counts tabulated for home and workplace census block. These data are broken down by
industrial sector and a handful of demographic characteristics like race and
education. LODES also provides flow matrices that show the origin and
destination blockgroups, and the number of commuters who travel between the two.</p>
</sec>
</sec>
<sec id="sec-8">
<label>2.2</label>
<title>Harmonization</title>
<p>A common issue in spatial analysis is that geographic tabulation units can (and
often do) change over time. For instance the U.S. census boundary polygons like
tracts and blocks are re-drawn with each census to accomodate population growth
and change. That means it’s impossible to see if a given tract has changed over
time because the label assigned to each tract means something different in each
time period. To help solve that problem <monospace>geosnap</monospace> leverages the PySAL
<ext-link ext-link-type="uri" xlink:href="https://pysal.org/tobler"><monospace>tobler</monospace></ext-link> package to harmonize spatial boundaries
over time. We do so by calling the <monospace>harmonize()</monospace> function.</p>
<p>The simplest way to harmonize boundaries is to use areal interpolation, meaning we use
the area of overlap between consecutive years to create a weighted sum of intersecting
polygons. This approach assumes each polygon has constant density of each attribute so
its most useful when the polygons are small and homogenous.</p>
<p>When harmonizing boundaries over time, we need to distinguish between
<ext-link ext-link-type="uri" xlink:href="https://en.wikipedia.org/wiki/Intensive_and_extensive_properties">intensive and extensive</ext-link>
variables because each needs to be handled differently during the interpolation
process. An extensive variable is one whose "magnitude is additive for
subsystems, where “the system” this context, refers to the collection of
geographic units (which serve as statistical sampling units), and each
subsystem is a single geographic unit. Thus, geographically-extensive
attributes include those such as population counts, land area, or crop yield,
and geographically-intensive variables typically include ratio or interval
functions of extensive variables, e.g. density (total population <italic>per unit of
land</italic>), average income (total income <italic>per person</italic>), or the share of a particular
population subcategory (total population in category <italic>per unit of population</italic>).
Median income is a statistic (so intensive), whereas total population is a count
(extensive), so we make sure to pass each to the appropriate list.</p>
<p>To standardize the San Diego Census data into consistent boundaries
(specifically those defined in 2020), we can use the following code, focusing on
median contract rent and the share of Hispanic/Latino population in each unit:</p>
<sec id="sec-9">
<label>2.2.1</label>
<title>Harmonizing to a Common Census Boundary</title>
<code language="python">sd_harm20 = harmonize(
    sd,
    intensive_variables=["median_contract_rent", "p_hispanic_persons"],
    extensive_variables=["n_total_pop"],
    weights_method="area",
    target_year=2020,
)
gvz.plot_timeseries(
    sd_harm20,
    "median_contract_rent",
    title="Median Rent, 2010 Boundaries",
    cmap="Greens",
    dpi=200,
    figsize=(12, 10),
    nrows=2,
    ncols=2,
)
plt.tight_layout()</code>
<graphic mimetype="image" mime-subtype="png" xlink:href="files/harmonize-bc926f407e2ecc3541515cabc3634b84.png"/>
</sec>
<sec id="sec-10">
<label>2.2.2</label>
<title>Harmonizing to an Alternative Polygon</title>
<p>In some cases, it can be useful to discard the original boundaries altogether and
instead harmonize all time periods to a consistent geographic unit defined elsewhere
(like a school district, or congressional district, or a regular hexgrid).</p>
<code language="python">from tobler.util import h3fy
# create a hexgrid that covers the surface of the san diego dataframe
sd_hex = h3fy(sd[sd.year == 2010], resolution=7)
# interpolate the census data (source) to the hexgrid (target)
sd_hex_interp = harmonize(
    sd, target_gdf=sd_hex, intensive_variables=["median_contract_rent"]
)
# plot the result
gvz.plot_timeseries(
    sd_hex_interp,
    "median_contract_rent",
    title="Median Rent, Regular Hexgrid",
    dpi=200,
    cmap="Greens",
    figsize=(12, 10),
    nrows=2,
    ncols=2,
)
plt.tight_layout()
</code>
<graphic mimetype="image" mime-subtype="png" xlink:href="files/harmonize_hexgrid-73783f8542344c1ccdd33b1b23019d16.png"/><p>After the harmonization process, each polygon represents a distinct portion of the study
area whose boundaries are unchanging, and can be conceived as a discrete unit in
temporal analyses. That is, unlike the original decennial census data whose polygons are
different in each time period, the harmonized data can be used directly in studies of
neighborhood change, for example those using Markov-based methods (<xref ref-type="bibr" rid="ref-3">Agovino <italic>et al.</italic>, 2019</xref>; <xref ref-type="bibr" rid="ref-13">Gallo <italic>et al.</italic>, 2004</xref>; <xref ref-type="bibr" rid="ref-19">Kang &amp; Rey, 2018</xref>; <xref ref-type="bibr" rid="ref-37">Rey <italic>et al.</italic>, 2016</xref>; <xref ref-type="bibr" rid="ref-38">Rey, 2014</xref>) or
sequence-analysis methods (<xref ref-type="bibr" rid="ref-20">Kang <italic>et al.</italic>, 2021</xref>; <xref ref-type="bibr" rid="ref-25">Lee <italic>et al.</italic>, 2017</xref>) (both of which are built into <monospace>geosnap</monospace>).</p>
</sec>
</sec>
<sec id="sec-11">
<label>2.3</label>
<title>Analysis</title>
<sec id="sec-12">
<label>2.3.1</label>
<title>Geodemographic Clustering &amp; Regionalization</title>
<p><ext-link ext-link-type="uri" xlink:href="https://en.wikipedia.org/wiki/Geodemographic_segmentation">Geodemographic analysis</ext-link>,
which includes the application of unsupervised learning algorithms to demographic and
socioeconomic data, is a widely-used technique that falls under the broad umbrella of
“spatial data science”
(<xref ref-type="bibr" rid="ref-1">Abbas <italic>et al.</italic>, 2009</xref>; <xref ref-type="bibr" rid="ref-2">Adnan <italic>et al.</italic>, 2010</xref>; <xref ref-type="bibr" rid="ref-4">Anderson, 2010</xref>; <xref ref-type="bibr" rid="ref-10">De Sabbata &amp; Liu, 2019</xref>; <xref ref-type="bibr" rid="ref-42">Singleton &amp; Longley, 2009</xref>; <xref ref-type="bibr" rid="ref-43">Singleton &amp; Longley, 2009</xref>).
Technically there is no formal <italic>spatial analysis</italic> in traditional geodemographics,
however given its emphasis on geographic units of analysis (and subsequent mapping of
the results) it is often viewed as a first (if not requisite step) in exploratory
analyses of a particular study area.</p>
<p>The intellectual roots of geodemographics extend from analytical sociology and classic
studies from factorial ecology
(<xref ref-type="bibr" rid="ref-6">Berry, 1971</xref>; <xref ref-type="bibr" rid="ref-17">Hunter, 1972</xref>; <xref ref-type="bibr" rid="ref-24">Lebowitz, 1977</xref>; <xref ref-type="bibr" rid="ref-35">Perle, 1979</xref>; <xref ref-type="bibr" rid="ref-36">Rees, 1969</xref>) and
social area analysis
(<xref ref-type="bibr" rid="ref-5">Bell &amp; Greer, 1962</xref>; <xref ref-type="bibr" rid="ref-7">Brindley &amp; Raine, 1979</xref>; <xref ref-type="bibr" rid="ref-15">Green, 1971</xref>; <xref ref-type="bibr" rid="ref-41">Shevky &amp; Bell, 1955</xref>; <xref ref-type="bibr" rid="ref-46">Spielman &amp; Thill, 2008</xref>). Today,
geodemographic analysis is routinely applied in academic studies of neighborhood
segregation and neighborhood change, and used extremely frequently in industry,
particularly marketing where products like
<ext-link ext-link-type="uri" xlink:href="https://www.esri.com/en-us/arcgis/products/data/data-portfolio/tapestry-segmentation">tapestry</ext-link>
and
<ext-link ext-link-type="uri" xlink:href="https://www.experian.com/small-business/geodemographic-segmentation-mailing-lists">mosaic</ext-link>
are sold for their predictive power. Whereas social scientists often look at the
resulting map of neighborhood types and ask how these patterns came to be, practitioners
often look at the map and ask how they can use the patterns to inform better strategic
decisions.</p>
<p>In urban social science, a primary goal is often to study the social composition
of neighborhoods in a region (e.g. the racial and ethnic makeup, the
population’s age distribution and fertility rates, or the socioeconomic
disparities or commercial and industrial mix, to name only a few), and
understand whether they have changed over time (and where) and whether these
neighborhood types are consistent over time and across places. That requires a
common pipeline of collecting the same variable sets, standardizing them (often
within the same time period, so they can be pooled with other time periods) then
clustering the entire long-form dataset followed by further analysis and
visualization of the results. Most often, this process happens repeatedly using
different combinations of variables or different algorithms or cluster outputs
(and in different places at different times). Geosnap provides a set of tools to
simplify this pipeline making it trivial to construct, interrogate, and
visualize a large swath of models (e.g. using different subsets of variables)
for rapid exploration.</p>
<p>To create a simple geodemographic typology, use the <monospace>cluster</monospace> function from
geosnap’s <monospace>analyze</monospace> module and pass a geodataframe, a set of columns to include
in the cluster analysis, the algorithm to use and the number of clusters to fit
(though some algorithms require different arguments and/or discover the number
of clusters endogenously. By default, this will z-standardize all the input
columns, drop observations with missing values for input columns, realign the
geometries for the input data, and return a geodataframe with the cluster labels
as a new column (named after the clustering algorithm). Using the <monospace>return_model</monospace>
argument specifies that the underlying object from scikit-learn or PySAL’s
<monospace>spopt</monospace> package is returned for further diagnostic inspection.</p>
<code language="python"># collect data for the atlanta MSA (12060) at the tract level
atl = gio.get_acs(datasets, msa_fips="12060", years=2021, level="tract")
# create a neighborhood typology with 5 clusters via kmeans
atl_kmeans, atl_k_model = gaz.cluster(
    gdf=atl, method="kmeans", n_clusters=5, columns=columns, return_model=True
)</code>
<p>To understand what the clusters are identifying, another data visualization
technique is useful. Here, we rely on the Tufte-ian principle of “small
multiples” (i.e. where each bivariate visualization is repeatedly displayed,
conditional on a third variable (<xref ref-type="bibr" rid="ref-48">Tufte, 1983</xref>), and create a set of violin
plots that show how each variable is distributed across each of the clusters.
Each of the inset boxes shows a different variable, with cluster assignments on
the x-axis, and the variable itself on the y-axis The boxplot in the center
shows the median and inter-quartile range (IQR), and the “body” of the “violin”
is a kernel-density estimate reflected across the x-axis. In short, the fat
parts of the violin show where the bulk of the observations are located, and the
skinny “necks” show the long tails.</p>
<code language="python"># plot the distribution of each input variable grouped by cluster
gvz.plot_violins_by_cluster(atl_kmeans, columns, cluster_col="kmeans")</code>
<graphic mimetype="image" mime-subtype="png" xlink:href="files/violins-ea192f4a957e2ab9594982a26e5a0a71.png"/><p>Regionalization is a similar exercise that attempts to define groups of homogenous
tracts, but also enforces a contiguity constraint so that similar geographic units must
also be proximate to one another. As with geodemographic clustering, when carrying out a
regionalization exercise, we are searching for groups of observations (census tracts in
this case) which are similar in socioeconomic and demographic composition. If the goal
of geodemographics is to identify neighborhood <italic>types</italic> that could exist anywhere in the
region, the goal of regionalization is to identify <italic>specific neighborhoods</italic> that exist
at a distinct place in the region.</p>
<p>Following that concept, we can use constrained clustering to develop an
empirical version of geographically bounded neighborhoods, where the
neighborhoods are defined by internal social homogeneity. This is similar to the
historic and well-defined neighborhood zones in places like Chicago and
Pittsburgh. Similar to the cluster analysis above, the following cell creates a
regionalization solution, grouping observations in Los Angeles into categories
that are both socially and spatially distinct using a spatially-constrained
hierarchical clustering algorithm (with Ward’s linkage).</p>
<code language="python"># collect data for Los Angeles county
la = gio.get_acs(datasets, county_fips="06037", years=2021, level="tract")
# generate a regionalization using constrained hierarchical clustering
# return both the dataframe and the ModelResults class
la_ward_reg, la_ward_model = gaz.regionalize(
    gdf=la,
    method="ward_spatial",
    n_clusters=25,
    columns=columns,
    return_model=True,
    spatial_weights="queen",
)
# generate an interactive plot showing the regionalization solution
la_ward_reg[columns + ["geometry", "ward_spatial"]].explore(
    "ward_spatial", categorical=True, cmap="Accent", tiles="CartoDB Positron"
)</code>
<graphic mimetype="image" mime-subtype="png" xlink:href="files/la_regions-2bbd2a3f65e8ca12076acd207de31a39.png"/>
</sec>
<sec id="sec-13">
<label>2.3.2</label>
<title>Transitional Dynamics</title>
<p>With geosnap, it’s possible to look at temporal geodemographics without writing
much code. The package provides tools for scaling each dataset
within its own time period, adjusting currency values for inflation, and
ensuring that times, variables, and geometries stay aligned properly. Together
those tools make it easy to explore how different portions of the region
transition into different neighborhood types over time, and if desired, model
the evolution of neighborhood change as a spatial Markov process. The following
cell creates a neighborhood typology in Chicago using four mutually exclusive
race and ethnicity categories (defined by the U.S. Census) along with median
home values and household incomes, which yields a set of cluster labels that
change over time for each geographic unit. The <monospace>plot_timeseries</monospace> function
arranges the maps of neighborhood category labels in sequential order.</p>
<code language="python"># define a set of socioeconomic and demographic variables
columns = ['median_household_income', 'median_home_value', 'p_asian_persons', 'p_hispanic_persons', 'p_nonhisp_black_persons', 'p_nonhisp_white_persons']
# create a geodemographic typology using the Chicago data
chicago_ward = cluster(gdf=chicago, columns=columns, method='ward', n_clusters=5)
# plot the result
plot_timeseries(chicago_ward, 'ward', categorical=True, nrows=2, ncols=2, figsize=(12,16))
plt.tight_layout()</code>
<graphic mimetype="image" mime-subtype="png" xlink:href="files/transition_maps-f28b526f2cecf097d5efa56e4e9fdc14.png"/><p>In this example, the vast majority of tracts are assigned to the same geodemographic
type in each time period, but some transition into different types over time. The ones
that do transition tend to be those on the edges of large contiguous groups (i.e. change
tends to happen along the periphery and move inward, implying a certain kind of spatial
dynamic). Following, we can also use the sequence of labels to create a spatial Markov
transition model. These models examine how often one neighborhood type transitions into
another type, then how these transition rates change under different conditions of
spatial context.</p>
<p>Here, a key question of interest concerns whether there is spatial patterning in the
observed neighborhood transition. If neighborhood transitions are influenced by what
occurs nearby, then it suggests the potential influence of spatial spillovers. Although
there is nothing ‘natural’ about it, this phenomenon would be akin to classic
sociological models of neighborhood change from the 1920s
(<xref ref-type="bibr" rid="ref-32">Park <italic>et al.</italic>, 1925</xref>; <xref ref-type="bibr" rid="ref-33">Park, 1936</xref>; <xref ref-type="bibr" rid="ref-34">Park, 1952</xref>). Further, if there is evidence that space matters for
transitions, then any attempt to understand neighborhood processes in this region
<italic>should also consider the importance of spatial interaction</italic>.</p>
<p>A natural way to understand the transition matrix between two neighborhood types is to
plot the observed transition rates as a heatmap. The rows of the matrix define the
origin neighborhoods (i.e. the neighborhood type at <inline-formula><alternatives><mml:math display="inline"><mml:mi>i</mml:mi></mml:math><tex-math><![CDATA[i]]></tex-math></alternatives></inline-formula>) and the columns define the
“destination” neighborhood type (the neighborhood type at <inline-formula><alternatives><mml:math display="inline"><mml:mi>j</mml:mi></mml:math><tex-math><![CDATA[j]]></tex-math></alternatives></inline-formula>), for each of the types and
the values of the cells are the fraction of transitions between these two types over all
time periods:</p>
<disp-formula id="eq-1">
<alternatives><mml:math display="block"><mml:msub><mml:mover accent="true"><mml:mi>p</mml:mi><mml:mo>^</mml:mo></mml:mover><mml:mrow><mml:mi>i</mml:mi><mml:mo separator="true">,</mml:mo><mml:mi>j</mml:mi></mml:mrow></mml:msub><mml:mo>=</mml:mo><mml:mfrac><mml:msub><mml:mi>n</mml:mi><mml:mrow><mml:mi>i</mml:mi><mml:mo separator="true">,</mml:mo><mml:mi>j</mml:mi></mml:mrow></mml:msub><mml:mrow><mml:munderover><mml:mo>∑</mml:mo><mml:mrow><mml:mi>k</mml:mi><mml:mo>=</mml:mo><mml:mn>1</mml:mn></mml:mrow><mml:mi>k</mml:mi></mml:munderover><mml:msub><mml:mi>n</mml:mi><mml:mrow><mml:mi>i</mml:mi><mml:mo separator="true">,</mml:mo><mml:mi>k</mml:mi></mml:mrow></mml:msub></mml:mrow></mml:mfrac></mml:math><tex-math><![CDATA[\hat{p}_{i,j} = \frac{n_{i,j}}{\sum_{k=1}^k n_{i,k} }]]></tex-math></alternatives>
<label>(1)</label>
</disp-formula>
<code language="python"># plot the global and conditional transition matrices
from geosnap.visualize import plot_transition_matrix
plot_transition_matrix(chicago_ward, cluster_col='ward')</code>
<graphic mimetype="image" mime-subtype="png" xlink:href="files/transition_matrix-614fefa6a7b98d0e1dacc734ce3c4797.png"/><p>The “Global” heatmap in the upper left shows the overall transition rates
between all pairs of neighborhood clusters, and the successive heatmaps show the
transition rates conditional on different spatial contexts. The “Modal Neighbor
0” graph shows how the transition rates change when the most common unit
surrounding the focal unit is Type 0. The strong diagonal across all heatmaps
describes the likelihood of stability; that is, for any neighborhood type, the
most common transition is remaining in its same type. The fact that the
transition matrices are not the same provides superficial evidence that
conditional transition rates may differ. A formal significance test can be
conducted using the returned <monospace>ModelResults</monospace> class which stores the fitted model
instance from scikit-learn or <monospace>spopt</monospace> and includes some additional diagnostic
convenience methods (which shows significantly different transition dynamics in
this example).</p>
<p>Further, the transition rates can be used to simulate future conditions (note this
feature is still experimental). To simulate labels into the future, we determine the
spatial context for each unit (determined by its local neighborhood via a PySAL Graph)
and draw a new label from the conditional transition matrix implied by the units local
neighborhood. This amounts to a simple cellular automata model on an irregular lattice,
where there is only a single (stochastic) transition rule, whose transition
probabilities update each round.</p>
<graphic mimetype="image" mime-subtype="gif" xlink:href="files/chicago_predictions-5ff2dac3433f6e381a6dacf50114616a.gif"/>
</sec>
<sec id="sec-14">
<label>2.3.3</label>
<title>Travel Isochrones</title>
<p>As a package focused on “neighborhoods”, much of the functionality in geosnap is
organized around the concept of ‘endogenous’ neighborhoods. That is, it takes a
classical perspective on neighborhood formation: a “neighborhood” is defined loosely by
its social composition, and the dynamics of residential mobility mean that these
neighborhoods can grow, shrink, or transition entirely.</p>
<p>But two alternative concepts of “neighborhood” are also worth considering. The first,
posited by social scientists, is that each person or household can be conceptualized as
residing in <italic>its own</italic> neighborhood which extends outward from the person’s household
until some threshold distance. This neighborhood represents the boundary inside which we
might expect some social interaction to occur with one’s “neighbors”. The second is a
normative concept advocated by architects, urban designers, and planners (arguably still
the goal for <ext-link ext-link-type="uri" xlink:href="http://www.newurbanism.org">new urbanists</ext-link>): that a neighborhood is
<ext-link ext-link-type="uri" xlink:href="https://en.wikipedia.org/wiki/Neighbourhood_unit">a discrete pocket of infrastructure</ext-link>
organized as a small, self-contained economic unit. A common shorthand today is the “20
minute neighborhood” (<xref ref-type="bibr" rid="ref-8">Calafiore <italic>et al.</italic>, 2022</xref>).</p>
<graphic mimetype="image" mime-subtype="jpeg" xlink:href="files/7e5cd56e94753ce5a75b09c786d7f719.jpeg"/><p>The difference between these two perspectives is what defines the origin of the
neighborhood (the “town center” or the person’s home), and whether “neighborhood” is
universal to all neighbors or unique for each resident. Both of them rely abstractly on
the concept of an isochrone: the set of destinations accessible within a specified
travel budget. Defining an isochrone is a network routing problem, but its spatial
representation is usually depicted as a polygon that encloses the set of reachable
locations. That polygon is also sometimes called a walk-shed (or bike/transit/commute
etc. “shed”, depending on the particular mode of travel). For the person at the center
of the isochrone, whose “neighborhood” the isochrone represents, the polygon is
sometimes conceived as an “egohood” or “bespoke neighborhood”
(<xref ref-type="bibr" rid="ref-16">Hipp &amp; Boessen, 2013</xref>; <xref ref-type="bibr" rid="ref-21">Kim &amp; Hipp, 2019</xref>; <xref ref-type="bibr" rid="ref-23">Knaap &amp; Rey, 2023</xref>).</p>
<p>Urban transportation planning often adopts the term “isochrone” referring to a
line of equal time that demarcates an extent reachable within a certain travel
budget (e.g. the “20 minute neighborhood” can be depicted as a 20-minute
isochrone of equal travel time from a given origin. Travel isochrones are a
useful method for visualizing these bespoke concepts of the “neighborhood”, but
they can be computationally difficult to create because they require rapid
calculation of shortest-path distances in large travel networks. Fortunately, a
travel network is a special kind of network graph, and routing through the graph
can be increased dramatically using pre-processing techniques known as
contraction hierarchies that eliminate inconsequential nodes from the routing
problem (<xref ref-type="bibr" rid="ref-14">Geisberger <italic>et al.</italic>, 2012</xref>). <monospace>geosnap</monospace> uses the <monospace>pandana</monospace> library
(<xref ref-type="bibr" rid="ref-12">Foti <italic>et al.</italic>, 2012</xref>) which provides a Python interface to the contraction hierarchies
routine and works extremely fast on large travel networks. This means geosnap
can construct isochrones from massive network datasets in only a few seconds,
thanks to <monospace>pandana</monospace>.</p>
<code language="python"># download an openstreetmap network of the San Diego region
import quilt3 as q3
b = q3.Bucket("s3://spatial-ucr")
b.fetch("osm/metro_networks_8k/41740.h5", "./41740.h5")
# create a (routeable) pandana Network object
sd_network = pdna.Network.from_hdf5("41740.h5")
# select a single intersection as an example
example_origin = 1985327805
# create an isochrone polygon
iso = isochrones_from_id(example_origin, sd_network, threshold=1600 ) # network is expressed in meters
iso.explore()</code>
<graphic mimetype="image" mime-subtype="png" xlink:href="files/isochrone-968b86bbecad61f5d8a1b4b30e4b84ef.png"/><p>These accessibility isochrones can then be used as primitive units of inquiry in further
spatial analysis. For example the isochrones can be conceived as “service areas” that
define a reachable threshold accessible from a given provider (e.g., healthcare, social
services, or healthy food).</p>
</sec>
</sec>
<sec id="sec-15">
<label>2.4</label>
<title>Conclusion</title>
<p>In this paper we introduce the motivation and foundational design principles of the
geospatial neighborhood analysis package <monospace>geosnap</monospace>. Intended for researchers, public
policy professionals, urban planners, and spatial market analysts, among others, the
package allows for rapid development and exploration of different models of
“neighborhood”. This includes tools for data ingestion and filtering from commonly-used
public datasets in the U.S., as well as tools for boundary harmonization, transition
modeling, and travel-time visualization (all of which are applicable anywhere on the
globe).</p>
</sec>
</sec>
</body>
<back>
<ref-list>
<ref id="ref-9">
<element-citation publication-type="journal">
<article-title>An Open-Source Framework for Non-Spatial and Spatial Segregation Measures: The PySAL Segregation Module</article-title>
<person-group person-group-type="author">
<name><surname>Cortes</surname><given-names>Renan Xavier</given-names></name>
<name><surname>Rey</surname><given-names>Sergio</given-names></name>
<name><surname>Knaap</surname><given-names>Elijah</given-names></name>
<name><surname>Wolf</surname><given-names>Levi John</given-names></name>
</person-group><source>Journal of Computational Social Science</source><year iso-8601-date="2020">2020</year><pub-id pub-id-type="doi">10.1007/s42001-019-00059-3</pub-id><volume>3</volume><issue>1</issue><fpage>135</fpage><lpage>166</lpage>
<issn>2432-2717</issn>
</element-citation>
</ref>
<ref id="ref-11">
<element-citation publication-type="chapter">
<article-title>Smart Growth's Misbegotten Legacy: Gentrification</article-title>
<person-group person-group-type="author">
<name><surname>Finio</surname><given-names>Nicholas</given-names></name>
<name><surname>Knaap</surname><given-names>Elijah</given-names></name>
</person-group><source>Handbook on Smart Growth</source><year iso-8601-date="2022">2022</year><pub-id pub-id-type="doi">10.4337/9781789904697.00026</pub-id></element-citation>
</ref>
<ref id="ref-20">
<element-citation publication-type="journal">
<article-title>Changes in the Economic Status of Neighbourhoods in US Metropolitan Areas from 1980 to 2010: Stability, Growth and Polarisation</article-title>
<person-group person-group-type="author">
<name><surname>Kang</surname><given-names>Wei</given-names></name>
<name><surname>Knaap</surname><given-names>Elijah</given-names></name>
<name><surname>Rey</surname><given-names>Sergio</given-names></name>
</person-group><source>Urban Studies</source><year iso-8601-date="2021">2021</year><pub-id pub-id-type="doi">10.1177/00420980211042549</pub-id><fpage>004209802110425</fpage>
<issn>0042-0980</issn>
</element-citation>
</ref>
<ref id="ref-22">
<element-citation publication-type="journal">
<article-title>The Cartography of Opportunity: Spatial Data Science for Equitable Urban Policy</article-title>
<person-group person-group-type="author">
<name><surname>Knaap</surname><given-names>Elijah</given-names></name>
</person-group><source>Housing Policy Debate</source><year iso-8601-date="2017">2017</year><pub-id pub-id-type="doi">10.1080/10511482.2017.1331930</pub-id><volume>27</volume><issue>6</issue><fpage>913</fpage><lpage>940</lpage>
<issn>1051-1482</issn>
</element-citation>
</ref>
<ref id="ref-23">
<element-citation publication-type="journal">
<article-title>Segregated by Design? Street Network Topological Structure and the Measurement of Urban Segregation</article-title>
<person-group person-group-type="author">
<name><surname>Knaap</surname><given-names>Elijah</given-names></name>
<name><surname>Rey</surname><given-names>Sergio</given-names></name>
</person-group><source>Environment and Planning B: Urban Analytics and City Science</source><year iso-8601-date="2023">2023</year><pub-id pub-id-type="doi">10.1177/23998083231197956</pub-id><fpage>23998083231197956</fpage>
<issn>2399-8083, 2399-8091</issn>
</element-citation>
</ref>
<ref id="ref-39">
<element-citation publication-type="journal">
<article-title>The Legacy of Redlining: A Spatial Dynamics Perspective</article-title>
<person-group person-group-type="author">
<name><surname>Rey</surname><given-names>Sergio</given-names></name>
<name><surname>Knaap</surname><given-names>Elijah</given-names></name>
</person-group><source>International Regional Science Review</source><year iso-8601-date="2022">2022</year><pub-id pub-id-type="doi">10.1177/01600176221116566</pub-id><volume>0</volume><issue>0</issue>
<issn>0160-0176</issn>
</element-citation>
</ref>
<ref id="ref-47">
<element-citation publication-type="journal">
<article-title>Reducing Racial Segregation of Public School Districts</article-title>
<person-group person-group-type="author">
<name><surname>Wei</surname><given-names>Ran</given-names></name>
<name><surname>Feng</surname><given-names>Xin</given-names></name>
<name><surname>Rey</surname><given-names>Sergio</given-names></name>
<name><surname>Knaap</surname><given-names>Elijah</given-names></name>
</person-group><source>Socio-Economic Planning Sciences</source><year iso-8601-date="2022">2022</year><pub-id pub-id-type="doi">10.1016/j.seps.2022.101415</pub-id><fpage>101415</fpage>
<issn>00380121</issn>
</element-citation>
</ref>
<ref id="ref-27">
<element-citation publication-type="journal">
<article-title>Interpolating U.S. Decennial Census Tract Data from as Early as 1970 to 2010: A Longitudinal Tract Database</article-title>
<person-group person-group-type="author">
<name><surname>Logan</surname><given-names>John R</given-names></name>
<name><surname>Xu</surname><given-names>Zengwang</given-names></name>
<name><surname>Stults</surname><given-names>Brian J.</given-names></name>
</person-group><source>The Professional Geographer</source><year iso-8601-date="2014">2014</year><pub-id pub-id-type="doi">10.1080/00330124.2014.905156</pub-id><volume>66</volume><issue>3</issue><fpage>412</fpage><lpage>420</lpage>
<issn>1467-9272</issn>
</element-citation>
</ref>
<ref id="ref-3">
<element-citation publication-type="journal">
<article-title>Proximity Effects in Obesity Rates in the US: A Spatial Markov Chains Approach</article-title>
<person-group person-group-type="author">
<name><surname>Agovino</surname><given-names>Massimiliano</given-names></name>
<name><surname>Crociata</surname><given-names>Alessandro</given-names></name>
<name><surname>Sacco</surname><given-names>Pier Luigi</given-names></name>
</person-group><source>Social Science and Medicine</source><year iso-8601-date="2019">2019</year><pub-id pub-id-type="doi">10.1016/j.socscimed.2018.11.013</pub-id><volume>220</volume><fpage>301</fpage><lpage>311</lpage>
<issn>18735347</issn>
</element-citation>
</ref>
<ref id="ref-13">
<element-citation publication-type="journal">
<article-title>Space-Time Analysis of {\vphantom}GDP\vphantom{} Disparities across {\vphantom}European\vphantom{} {\vphantom}Regions\vphantom{}: A {\vphantom}Markov\vphantom{} Chains Approach</article-title>
<person-group person-group-type="author">
<name><surname>Gallo</surname><given-names>Julie Le</given-names></name>
<name><surname>Le Gallo</surname><given-names>Julie</given-names></name>
<name><surname>Gallo</surname><given-names>Julie Le</given-names></name>
<name><surname>Le Gallo</surname><given-names>Julie</given-names></name>
</person-group><source>International Regional Science Review</source><year iso-8601-date="2004">2004</year><pub-id pub-id-type="doi">10.1177/0160017603262402</pub-id><volume>27</volume><issue>2</issue><fpage>138</fpage><lpage>163</lpage></element-citation>
</ref>
<ref id="ref-19">
<element-citation publication-type="journal">
<article-title>Conditional and Joint Tests for Spatial Effects in Discrete {\vphantom}Markov\vphantom{} Chain Models of Regional Income Convergence</article-title>
<person-group person-group-type="author">
<name><surname>Kang</surname><given-names>Wei</given-names></name>
<name><surname>Rey</surname><given-names>Sergio J</given-names></name>
</person-group><source>Annals of Regional Science</source><year iso-8601-date="2018">2018</year><pub-id pub-id-type="doi">10.1007/s00168-017-0859-9</pub-id><volume>Forthcomin</volume></element-citation>
</ref>
<ref id="ref-37">
<element-citation publication-type="journal">
<article-title>The Properties of Tests for Spatial Effects in Discrete {\vphantom}Markov\vphantom{} Chain Models of Regional Income Distribution Dynamics</article-title>
<person-group person-group-type="author">
<name><surname>Rey</surname><given-names>Sergio J</given-names></name>
<name><surname>Kang</surname><given-names>Wei</given-names></name>
<name><surname>Wolf</surname><given-names>Levi</given-names></name>
</person-group><source>Journal of Geographical Systems</source><year iso-8601-date="2016">2016</year><pub-id pub-id-type="doi">10.1007/s10109-016-0234-x</pub-id><volume>18</volume><issue>4</issue><fpage>377</fpage><lpage>398</lpage>
<issn>1435-5949</issn>
</element-citation>
</ref>
<ref id="ref-38">
<element-citation publication-type="journal">
<article-title>Rank-Based Markov Chains for Regional Income Distribution Dynamics</article-title>
<person-group person-group-type="author">
<name><surname>Rey</surname><given-names>Sergio</given-names></name>
</person-group><source>Journal of Geographical Systems</source><year iso-8601-date="2014">2014</year><pub-id pub-id-type="doi">10.1007/s10109-013-0189-0</pub-id><volume>16</volume><issue>2</issue><fpage>115</fpage><lpage>137</lpage>
<issn>1435-5930</issn>
</element-citation>
</ref>
<ref id="ref-25">
<element-citation publication-type="journal">
<article-title>Neighborhood Trajectories of Low-Income U.S. Households: An Application of Sequence Analysis</article-title>
<person-group person-group-type="author">
<name><surname>Lee</surname><given-names>Kwan Ok</given-names></name>
<name><surname>Smith</surname><given-names>Richard</given-names></name>
<name><surname>Galster</surname><given-names>George</given-names></name>
</person-group><source>Journal of Urban Affairs</source><year iso-8601-date="2017">2017</year><pub-id pub-id-type="doi">10.1080/07352166.2016.1251154</pub-id><volume>39</volume><issue>3</issue><fpage>335</fpage><lpage>357</lpage>
<issn>0735-2166</issn>
</element-citation>
</ref>
<ref id="ref-1">
<element-citation publication-type="journal">
<article-title>Geodemographics – a Tool for Health Intelligence?</article-title>
<person-group person-group-type="author">
<name><surname>Abbas</surname><given-names>J.</given-names></name>
<name><surname>Ojo</surname><given-names>A.</given-names></name>
<name><surname>Orange</surname><given-names>S.</given-names></name>
</person-group><source>Public Health</source><year iso-8601-date="2009">2009</year><pub-id pub-id-type="doi">10.1016/j.puhe.2008.10.007</pub-id><volume>123</volume><issue>1</issue><fpage>e35</fpage><lpage>e39</lpage>
<issn>00333506</issn>
</element-citation>
</ref>
<ref id="ref-2">
<element-citation publication-type="journal">
<article-title>Towards Real-Time Geodemographics: Clustering Algorithm Performance for Large Multidimensional Spatial Databases</article-title>
<person-group person-group-type="author">
<name><surname>Adnan</surname><given-names>Muhammad</given-names></name>
<name><surname>Longley</surname><given-names>Paul A</given-names></name>
<name><surname>Singleton</surname><given-names>Alex D</given-names></name>
<name><surname>Brunsdon</surname><given-names>Chris</given-names></name>
</person-group><source>Transactions in GIS</source><year iso-8601-date="2010">2010</year><pub-id pub-id-type="doi">10.1111/j.1467-9671.2010.01197.x</pub-id><volume>14</volume><issue>3</issue><fpage>283</fpage><lpage>297</lpage>
<issn>13611682</issn>
</element-citation>
</ref>
<ref id="ref-4">
<element-citation publication-type="journal">
<article-title>Using Geodemographics to Measure and Explain Social and Environment Differences in Road Traffic Accident Risk</article-title>
<person-group person-group-type="author">
<name><surname>Anderson</surname><given-names>Tessa K</given-names></name>
</person-group><source>Environment and Planning A</source><year iso-8601-date="2010">2010</year><pub-id pub-id-type="doi">10.1068/a43157</pub-id><volume>42</volume><issue>9</issue><fpage>2186</fpage><lpage>2200</lpage>
<issn>0308-518X</issn>
</element-citation>
</ref>
<ref id="ref-10">
<element-citation publication-type="journal">
<article-title>Deep Learning Geodemographics with Autoencoders and Geographic Convolution</article-title>
<person-group person-group-type="author">
<name><surname>De Sabbata</surname><given-names>Stefano</given-names></name>
<name><surname>Liu</surname><given-names>Pengyuan</given-names></name>
</person-group><source>Proceedings of the 22nd AGILE conference on Geographic Information Science</source><year iso-8601-date="2019">2019</year></element-citation>
</ref>
<ref id="ref-42">
<element-citation publication-type="journal">
<article-title>Creating Open Source Geodemographics: Refining a National Classification of Census Output Areas for Applications in Higher Education</article-title>
<person-group person-group-type="author">
<name><surname>Singleton</surname><given-names>Alexander D.</given-names></name>
<name><surname>Longley</surname><given-names>Paul A.</given-names></name>
</person-group><source>Papers in Regional Science</source><year iso-8601-date="2009">2009</year><pub-id pub-id-type="doi">10.1111/j.1435-5957.2008.00197.x</pub-id><volume>88</volume><issue>3</issue><fpage>643</fpage><lpage>666</lpage>
<issn>10568190</issn>
</element-citation>
</ref>
<ref id="ref-43">
<element-citation publication-type="journal">
<article-title>Geodemographics, Visualisation, and Social Networks in Applied Geography</article-title>
<person-group person-group-type="author">
<name><surname>Singleton</surname><given-names>Alexander</given-names></name>
<name><surname>Longley</surname><given-names>Paul</given-names></name>
</person-group><source>Applied Geography</source><year iso-8601-date="2009">2009</year><pub-id pub-id-type="doi">10.1016/j.apgeog.2008.10.006</pub-id><volume>29</volume><issue>3</issue><fpage>289</fpage><lpage>298</lpage>
<issn>01436228</issn>
</element-citation>
</ref>
<ref id="ref-6">
<element-citation publication-type="journal">
<article-title>Introduction: The Logic and Limitations of Comparative Factorial Ecology</article-title>
<person-group person-group-type="author">
<name><surname>Berry</surname><given-names>Brian J. L.</given-names></name>
</person-group><source>Economic Geography</source><year iso-8601-date="1971">1971</year><pub-id pub-id-type="doi">10.2307/143204</pub-id><volume>47</volume><issue>4</issue><fpage>209</fpage>
<issn>00130095</issn>
</element-citation>
</ref>
<ref id="ref-17">
<element-citation publication-type="journal">
<article-title>Factorial Ecology: A Critique and Some Suggestions</article-title>
<person-group person-group-type="author">
<name><surname>Hunter</surname><given-names>Alfred A.</given-names></name>
</person-group><source>Demography</source><year iso-8601-date="1972">1972</year><pub-id pub-id-type="doi">10.2307/2060548</pub-id><volume>9</volume><issue>1</issue><fpage>107</fpage>
<issn>00703370</issn>
</element-citation>
</ref>
<ref id="ref-24">
<element-citation publication-type="journal">
<article-title>A Critical Examination of Factorial Ecology and Social Area Analysis for Epidemiological Research</article-title>
<person-group person-group-type="author">
<name><surname>Lebowitz</surname><given-names>Michael D.</given-names></name>
</person-group><source>Journal of the Arizona Academy of Science</source><year iso-8601-date="1977">1977</year><pub-id pub-id-type="doi">10.2307/40022220</pub-id><volume>12</volume><issue>2</issue><fpage>86</fpage><lpage>90</lpage>
<issn>0004-1378</issn>
</element-citation>
</ref>
<ref id="ref-35">
<element-citation publication-type="journal">
<article-title>Variable Mix and Factor Stability in Urban Ecology</article-title>
<person-group person-group-type="author">
<name><surname>Perle</surname><given-names>E. D.</given-names></name>
</person-group><source>Geographical Analysis</source><year iso-8601-date="1979">1979</year><pub-id pub-id-type="doi">10.1111/j.1538-4632.1979.tb00708.x</pub-id><volume>11</volume><issue>4</issue><fpage>410</fpage><lpage>414</lpage>
<issn>00167363</issn>
</element-citation>
</ref>
<ref id="ref-36">
<element-citation publication-type="journal">
<article-title>The Factorial Ecology of Calcutta</article-title>
<person-group person-group-type="author">
<name><surname>Rees</surname><given-names>Philip H.</given-names></name>
</person-group><source>American Journal of Sociology</source><year iso-8601-date="1969">1969</year><pub-id pub-id-type="doi">10.1086/224681</pub-id><volume>74</volume><issue>5</issue><fpage>445</fpage><lpage>491</lpage>
<issn>0002-9602</issn>
</element-citation>
</ref>
<ref id="ref-5">
<element-citation publication-type="journal">
<article-title>Social Area Analysis and Its Critics</article-title>
<person-group person-group-type="author">
<name><surname>Bell</surname><given-names>Wendell</given-names></name>
<name><surname>Greer</surname><given-names>Scott</given-names></name>
</person-group><source>The Pacific Sociological Review</source><year iso-8601-date="1962">1962</year><pub-id pub-id-type="doi">10.2307/1388270</pub-id><volume>5</volume><issue>1</issue><fpage>3</fpage><lpage>9</lpage>
<issn>00308919</issn>
</element-citation>
</ref>
<ref id="ref-7">
<element-citation publication-type="journal">
<article-title>Social Area Analysis and Planning Research</article-title>
<person-group person-group-type="author">
<name><surname>Brindley</surname><given-names>T.S.</given-names></name>
<name><surname>Raine</surname><given-names>J.W</given-names></name>
</person-group><source>Urban Studies</source><year iso-8601-date="1979">1979</year><pub-id pub-id-type="doi">10.1080/713702552</pub-id><volume>16</volume><issue>3</issue><fpage>273</fpage><lpage>289</lpage>
<issn>0042-0980</issn>
</element-citation>
</ref>
<ref id="ref-15">
<element-citation publication-type="journal">
<article-title>Social Area Analysis and Structural Effects</article-title>
<person-group person-group-type="author">
<name><surname>Green</surname><given-names>Bryan S. R.</given-names></name>
</person-group><source>Sociology</source><year iso-8601-date="1971">1971</year><volume>5</volume><issue>1</issue><fpage>1</fpage><lpage>19</lpage>
<issn>0038-0385</issn>
</element-citation>
</ref>
<ref id="ref-41">
<element-citation publication-type="book">
<article-title>Social Area Analysis; Theory, Illustrative Application and Computational Procedures</article-title>
<person-group person-group-type="author">
<name><surname>Shevky</surname><given-names>Eshref</given-names></name>
<name><surname>Bell</surname><given-names>Wendell</given-names></name>
</person-group><year iso-8601-date="1955">1955</year></element-citation>
</ref>
<ref id="ref-46">
<element-citation publication-type="journal">
<article-title>Social Area Analysis, Data Mining, and GIS</article-title>
<person-group person-group-type="author">
<name><surname>Spielman</surname><given-names>Seth E.</given-names></name>
<name><surname>Thill</surname><given-names>Jean-Claude</given-names></name>
</person-group><source>Computers, Environment and Urban Systems</source><year iso-8601-date="2008">2008</year><pub-id pub-id-type="doi">10.1016/j.compenvurbsys.2007.11.004</pub-id><volume>32</volume><issue>2</issue><fpage>110</fpage><lpage>122</lpage>
<issn>01989715</issn>
</element-citation>
</ref>
<ref id="ref-48">
<element-citation publication-type="book">
<article-title>The Visual Display of Quantitative Information</article-title>
<person-group person-group-type="author">
<name><surname>Tufte</surname><given-names>Edward R</given-names></name>
</person-group><year iso-8601-date="1983">1983</year><volume>2</volume></element-citation>
</ref>
<ref id="ref-32">
<element-citation publication-type="book">
<article-title>The City</article-title>
<person-group person-group-type="author">
<name><surname>Park</surname><given-names>Robert E.</given-names></name>
<name><surname>Burgess</surname><given-names>Ernest W</given-names></name>
<name><surname>McKenzie</surname><given-names>Roderick D</given-names></name>
<name><surname>Park</surname><given-names>Robert E.</given-names></name>
<name><surname>McKenzie</surname><given-names>Roderick D</given-names></name>
</person-group><year iso-8601-date="1925">1925</year></element-citation>
</ref>
<ref id="ref-33">
<element-citation publication-type="journal">
<article-title>Succession, an Ecological Concept</article-title>
<person-group person-group-type="author">
<name><surname>Park</surname><given-names>Robert E</given-names></name>
</person-group><source>American Sociological Review</source><year iso-8601-date="1936">1936</year><pub-id pub-id-type="doi">10.2307/2084475</pub-id><volume>1</volume><issue>2</issue><fpage>171</fpage>
<issn>00031224</issn>
</element-citation>
</ref>
<ref id="ref-34">
<element-citation publication-type="book">
<article-title>Human Communities; the City and Human Ecology</article-title>
<person-group person-group-type="author">
<name><surname>Park</surname><given-names>Robert Ezra</given-names></name>
</person-group><source>Collected papers, v. 2.</source><year iso-8601-date="1952">1952</year><pub-id pub-id-type="doi">10.2307/2087814</pub-id>
<issn>00031224</issn>
</element-citation>
</ref>
<ref id="ref-8">
<element-citation publication-type="journal">
<article-title>The 20-Minute City: An Equity Analysis of Liverpool City Region</article-title>
<person-group person-group-type="author">
<name><surname>Calafiore</surname><given-names>Alessia</given-names></name>
<name><surname>Dunning</surname><given-names>Richard</given-names></name>
<name><surname>Nurse</surname><given-names>Alex</given-names></name>
<name><surname>Singleton</surname><given-names>Alex</given-names></name>
</person-group><source>Transportation Research Part D: Transport and Environment</source><year iso-8601-date="2022">2022</year><pub-id pub-id-type="doi">10.1016/j.trd.2021.103111</pub-id><volume>102</volume><fpage>103111</fpage>
<issn>13619209</issn>
</element-citation>
</ref>
<ref id="ref-16">
<element-citation publication-type="journal">
<article-title>Egohoods as Waves Washing Across the City: A New Measure of “Neighborhoods”</article-title>
<person-group person-group-type="author">
<name><surname>Hipp</surname><given-names>John R.</given-names></name>
<name><surname>Boessen</surname><given-names>Adam</given-names></name>
</person-group><source>Criminology</source><year iso-8601-date="2013">2013</year><pub-id pub-id-type="doi">10.1111/1745-9125.12006</pub-id><volume>51</volume><issue>2</issue><fpage>287</fpage><lpage>327</lpage>
<issn>00111384</issn>
</element-citation>
</ref>
<ref id="ref-21">
<element-citation publication-type="book">
<article-title>Street Egohood: An Alternative Perspective of Measuring Neighborhood and Spatial Patterns of Crime</article-title>
<person-group person-group-type="author">
<name><surname>Kim</surname><given-names>Young-An</given-names></name>
<name><surname>Hipp</surname><given-names>John R.</given-names></name>
</person-group><source>Journal of Quantitative Criminology</source><year iso-8601-date="2019">2019</year><pub-id pub-id-type="doi">10.1007/s10940-019-09410-3</pub-id>
<issn>0748-4518</issn>
</element-citation>
</ref>
<ref id="ref-14">
<element-citation publication-type="journal">
<article-title>Exact Routing in Large Road Networks Using Contraction Hierarchies</article-title>
<person-group person-group-type="author">
<name><surname>Geisberger</surname><given-names>Robert</given-names></name>
<name><surname>Sanders</surname><given-names>Peter</given-names></name>
<name><surname>Schultes</surname><given-names>Dominik</given-names></name>
<name><surname>Vetter</surname><given-names>Christian</given-names></name>
</person-group><source>Transportation Science</source><year iso-8601-date="2012">2012</year><pub-id pub-id-type="doi">10.1287/trsc.1110.0401</pub-id><volume>46</volume><issue>3</issue><fpage>388</fpage><lpage>404</lpage>
<issn>15265447</issn>
</element-citation>
</ref>
<ref id="ref-12">
<element-citation publication-type="journal">
<article-title>A Generalized Computational Framework for Accessibility: From the Pedestrian to the Metropolitan Scale</article-title>
<person-group person-group-type="author">
<name><surname>Foti</surname><given-names>Fletcher</given-names></name>
<name><surname>Waddell</surname><given-names>Paul</given-names></name>
<name><surname>Luxen</surname><given-names>Dennis</given-names></name>
</person-group><source>4th Transportation Research Board Conference on Innovations in Travel Modeling (ITM)</source><year iso-8601-date="2012">2012</year><fpage>1</fpage><lpage>14</lpage></element-citation>
</ref>
</ref-list>
</back>
</article>
