<?xml version="1.0" encoding="UTF-8"?>
<!DOCTYPE article PUBLIC "-//NLM//DTD JATS (Z39.96) Journal Archiving and Interchange DTD with MathML3 v1.3 20210610//EN" "http://jats.nlm.nih.gov/publishing/1.3/JATS-archivearticle1-3-mathml3.dtd">
<article xmlns:mml="http://www.w3.org/1998/Math/MathML" xmlns:xlink="http://www.w3.org/1999/xlink" xmlns:xsi="http://www.w3.org/2001/XMLSchema-instance" xmlns:ali="http://www.niso.org/schemas/ali/1.0/" dtd-version="1.3" xml:lang="en" id="main">
<front>
<article-meta>
<article-id pub-id-type="doi">10.25080/FMKR8387</article-id>
<title-group>
<article-title>Scikit-build-core</article-title>
<subtitle>A modern build-backend for CPython C/C++/Fortran/Cython extensions</subtitle>
</title-group>
<contrib-group>
<contrib contrib-type="author" corresp="yes">
<contrib-id contrib-id-type="orcid">https://orcid.org/0000-0002-7833-783X</contrib-id>
<name name-style="western"><surname>Schreiner</surname><given-names>Henry</given-names></name>
<role vocab="credit" vocab-identifier="https://credit.niso.org/" vocab-term="Writing – original draft" vocab-term-identifier="https://credit.niso.org/contributor-roles/writing-original-draft/">Writing – original draft</role>
<xref ref-type="aff" rid="aff-1"/>
<email>henryfs@princeton.edu</email>
</contrib>
<contrib contrib-type="author" corresp="yes">
<contrib-id contrib-id-type="orcid">https://orcid.org/0000-0002-9688-8950</contrib-id>
<name name-style="western"><surname>Fillion-Robin</surname><given-names>Jean-Christophe</given-names></name>
<role vocab="credit" vocab-identifier="https://credit.niso.org/" vocab-term="Writing – original draft" vocab-term-identifier="https://credit.niso.org/contributor-roles/writing-original-draft/">Writing – original draft</role>
<xref ref-type="aff" rid="aff-2"/>
<email>jcfr@kitware.com</email>
</contrib>
<contrib contrib-type="author">
<contrib-id contrib-id-type="orcid">https://orcid.org/0000-0001-9475-3756</contrib-id>
<name name-style="western"><surname>McCormick</surname><given-names>Matt</given-names></name>
<role vocab="credit" vocab-identifier="https://credit.niso.org/" vocab-term="Writing – original draft" vocab-term-identifier="https://credit.niso.org/contributor-roles/writing-original-draft/">Writing – original draft</role>
<xref ref-type="aff" rid="aff-2"/>
<email>matt.mccormick@kitware.com</email>
</contrib>
</contrib-group>
<aff id="aff-1">
<institution-wrap>
<institution>Princeton University</institution>
</institution-wrap>
</aff>
<aff id="aff-2">
<institution-wrap>
<institution>Kitware Inc.</institution>
</institution-wrap>
</aff>
<permissions>
<ali:free_to_read/>
<license xlink:href="https://creativecommons.org/licenses/by/4.0/">
<ali:license_ref>https://creativecommons.org/licenses/by/4.0/</ali:license_ref>
<license-p>This is an open access article distributed under the terms of the <ext-link ext-link-type="uri" xlink:href="http://creativecommons.org/licenses/by/4.0/">Creative Commons Attribution License</ext-link>, which permits unrestricted use, distribution, and reproduction in any medium, provided the original author and source are credited.</license-p>
</license>
</permissions>
<abstract>
<p>Discover how scikit-build-core revolutionizes Python extension building with its seamless integration of CMake and Python packaging standards. Learn about its enhanced features for cross-compilation, multi-platform support, and simplified configuration, which enable writing binary extensions with pybind11, Nanobind, Fortran, Cython, C++, and more. Dive into the transition from the classic scikit-build to the robust scikit-build-core and explore its potential to streamline package distribution across various environments.</p>
</abstract>
<kwd-group>
<kwd>Build system</kwd>
<kwd>CMake</kwd>
</kwd-group>
</article-meta>
</front>
<body>
<sec id="sec-1">
<label>1</label>
<title>Introduction</title>
<p>Python packaging has evolved significantly in the last few years. Standards
have been written to allow the development of new build backends not
constrained by setuptool’s complex legacy. Build time dependencies, once
nearly impossible to rely on, are now the standard, and required for any build
system, including the original setuptools. And this new system is controlled by
one central location, the <monospace>pyproject.toml</monospace> file.</p>
<p>We present scikit-build-core: a new build system based on these standards that
brings together Python packaging and the CMake build system, the popular
general purpose build system for languages like C, C++, Fortran, Cython, and
CUDA. Together, this new system provides a simple entry point to building
extensions that still scales to major projects. This allows everyone to take
advantage of existing libraries and harness the performance available in these
languages.</p>
<p>We will look at creating a package with scikit-build-core. Then we will cover
some of it’s most interesting and innovative features. Then we will peer into
the design and internal workings. Finally, we will look at some of the packages
that adopted scikit-build-core. A lot of the ecosystem was improved, even
beyond scikit-build-core, as part of this project, so we will also highlight
some of that work.</p>
</sec>
<sec id="sec-2">
<label>2</label>
<title>History of packaging</title>
<p>Python has a long history compared to modern languages with first-party
packaging solutions; packaging wasn’t something that was considered important
for Python for quite a while. Python gained a standard library module to help
with packaging called <monospace>distutils</monospace> in Python 1.6 and 2.0, in the year 2000,
nearly ten years after the initial release. Distribution was difficult,
leading to packages containing large numbers of distinct modules (such as SciPy
(<xref ref-type="bibr" rid="ref-2">Virtanen <italic>et al.</italic>, 2020</xref>)) to reduce the number of packages one had to figure out how to
install, and “distributions” of Python to be created, such as the Enthought
distribution. This eventually led to the creation of Conda, a modular binary
package manager that was particularly good at (and written in) Python.</p>
<p>Several developments greatly improved Python’s packaging story, such the
addition of a new binary format, the “wheel” made distributing binaries easier.
This, along with new hardware and a changing installation landscape highlighted
an issue with putting a packaging tool in the standard library: you can’t
freely update the standard library. Third party “extensions” to distutils
appeared; the one that became the main tool for many years is setuptools. It
wasn’t long before setuptools became required; building directly with distutils
was too buggy, and setuptools was injecting patches into distutils when it
loaded.</p>
<p>Package installers, originally <monospace>easy_install</monospace> and then the more full-featured
<monospace>pip</monospace> came along. <monospace>pip</monospace> was tightly coupled to setuptools, and even helped it
out by making sure it’s injections to distutils were done, even if packages
didn’t import setuptools first or at all. Pip was directly and deeply tied to
setuptools; if you wanted to build a package, setuptools was the only answer.
Even if you make the <abbrev alt="Source Distribution, the way Python packages distribute source code">SDist</abbrev> (Python’s source distribution format) and wheel(s)
(Python’s binary distribution format) yourself, which was actually pretty easy,
as those were standardized, you couldn’t make sure that <monospace>pip</monospace> wouldn’t try to
use setuptools to build a wheel from an <abbrev alt="Source Distribution, the way Python packages distribute source code">SDist</abbrev>.</p>
<p>Faults in the organically grown distutils/setuptools quickly became apparent.
You couldn’t tell the installer to update setuptools from <monospace>setup.py</monospace>, because
it was just a Python file that was being run. It was hard to declare built-time
dependencies (though they really did try by running the Python file twice, the
first time with stubs). You couldn’t parse metadata without running the
setup.py. It was hard to extend the setuptools commands, and the entire API was
public, which meant it was really hard to fix something without breaking
everyone else.</p>
<p>Third party tools for building packages started showing up, like Flit and
Poetry. These worked by making a compatibility <monospace>setup.py</monospace> and injecting it into
the <abbrev alt="Source Distribution, the way Python packages distribute source code">SDist</abbrev>, just in case pip needed to build the wheel. This is when
standardization efforts, in the form of <abbrev alt="Python Enhancement Proposal">PEP</abbrev>s, began to change the packaging
landscape forever.</p>
<p><abbrev alt="Python Enhancement Proposal">PEP</abbrev> 517 (<xref ref-type="bibr" rid="ref-3">Smith &amp; Kluyver, 2015</xref>) defined an API for build-frontends (like pip) to talk to
build-backends (like setuptools). <abbrev alt="Python Enhancement Proposal">PEP</abbrev> 518 (<xref ref-type="bibr" rid="ref-4">Cannon <italic>et al.</italic>, 2015</xref>) defined an isolated build
environment, which would allow builders to download build dependencies, like a
specific version of setuptools or a plugin. Later, <abbrev alt="Python Enhancement Proposal">PEP</abbrev> 621 (<xref ref-type="bibr" rid="ref-5">Cannon <italic>et al.</italic>, 2020</xref>) would add a standard
way to define basic package metadata, and <abbrev alt="Python Enhancement Proposal">PEP</abbrev> 660 (<xref ref-type="bibr" rid="ref-6">Holth &amp; Bidoul, 2021</xref>) would add an API for editable
installs.</p>
<p>Python build backends started to appear. Most of the initial build backends
were were designed for Python-only packages. <monospace>flit-core</monospace>, <monospace>poetry-core</monospace>,
<monospace>pdm-backend</monospace>, and <monospace>hatchling</monospace> are some popular build backends that support
some or all of these <abbrev alt="Python Enhancement Proposal">PEP</abbrev>s. Setuptools also ended up gaining support for all
these <abbrev alt="Python Enhancement Proposal">PEP</abbrev>s, as well.</p>
<p>Compiled backends were a bit slower, but today we have several great choices.
<monospace>scikit-build-core</monospace> for CMake, <monospace>meson-python</monospace> for Meson, and <monospace>maturin</monospace> for
Cargo (Rust) are the most popular. <monospace>enscons</monospace> for SCons should get a special
mention as the first binary build backend, even though it is mostly a
historical curiosity at this point.</p>
<p>A side note on Conda: like most general package managers, it runs arbitrary
commands from a recipe to build and install the package, then it captures the
installed files. Many Python packages use the <monospace>pip install .</monospace> command, but any
commands can be placed here, including native CMake calls; as long files are
placed in the right place, the result can be used from conda installed Python.
Though packages doing this may forget to generate a <monospace>&amp;lt;package&gt;.dist-info</monospace>
directory, which is used by things like <monospace>importlib.metadata</monospace>.</p>
</sec>
<sec id="sec-3">
<label>3</label>
<title>Scikit-build (classic)</title>
<p>The original scikit-build (<xref ref-type="bibr" rid="ref-1">Fillion-Robin <italic>et al.</italic>, 2019</xref>) was released as PyCMake at SciPy
2014, and renamed two years later, at SciPy 2016, following the “scikit”
convention introduced by SciPy. Being developed well before the
packaging <abbrev alt="Python Enhancement Proposal">PEP</abbrev>s, it was designed as a wrapper around distutils and/or
setuptools. This design had flaws, but was the only way this could be done at
the time.</p>
<p>Because it was deeply tied to setuptools internals, updates to setuptools or
wheel often would break scikit-build. There were a lot of limitations of
setuptools that scikit-build couldn’t alleviate properly.</p>
<p>However, it did allow users to use a real build system (CMake) with their
Python projects. A notable example are two packages produced by the
scikit-build team: ninja and cmake redistributions on <abbrev alt="Python Package Index">PyPI</abbrev>. Users could pip
install <monospace>cmake</monospace> and <monospace>ninja</monospace> anywhere that wheels worked.</p>
<p>In 2021, a proposal was written and accepted by the <abbrev alt="National Science Foundation">NSF</abbrev> to fund development on
a new package, scikit-build-core, built on top of the packaging standards and
free from setuptools and other historical cruft. Work started in 2022, and the
first major package to switch was Awkward Array, at the end of that year.</p>
</sec>
<sec id="sec-4">
<label>4</label>
<title>Using scikit-build-core</title>
<sec id="sec-5">
<label>4.1</label>
<title>Binary Python package generation overview</title>
<p><xref ref-type="fig" rid="figure-1">Figure 1</xref> provides an overview of modern binary Python package generation. The package developer begins by defining the package structure, incorporating package source files, a CMakeLists.txt CMake configuration, and a pyproject.toml file adhering to <abbrev alt="Python Enhancement Proposal">PEP</abbrev> 517 specifications. To initiate the package build process, the developer employs a Build Frontend tool, such as <monospace>pip</monospace> or <monospace>build</monospace>, and may supply optional configuration parameters. The chosen Build Frontend then triggers the <abbrev alt="Python Enhancement Proposal">PEP</abbrev> 517 Build Backend, exemplified by scikit-build-core, which in turn employs CMake, managing configuration options appropriately. Utilizing a blend of build system introspection and configured options alongside the <italic>CMakeLists.txt</italic> logic, CMake generates a native build system configuration. This native build system, whether Ninja configuration files, Unix Makefiles, Visual Studio Project Files, etc., defines dependencies for the artifacts produced by the native toolchain, which is responsible for compiling C/C++ source code into native binaries.</p>
<fig id="figure-1">
<label>Figure 1:</label>
<caption>
<p>Binary Python packaging dataflow.</p>
</caption>
<graphic mimetype="image" mime-subtype="svg" xlink:href="files/packaging-dataflow-83834e33d1779412728719721782b079.svg"/>
</fig>
<p>Once configured, scikit-build-core initiates the native build system, managing the bundling of resulting build artifacts and metadata into a wheel. These wheels may undergo additional processing with post-processing tools to enhance platform compatibility. End-users of the package have the option to directly utilize the wheel via a package manager or generate their own package by invoking the build system from a source distribution (<abbrev alt="Source Distribution, the way Python packages distribute source code">SDist</abbrev>). Typically, both the binary wheels and the source distributions are uploaded to the Python Package Index (<abbrev alt="Python Package Index">PyPI</abbrev>) for broader accessibility.</p>
</sec>
<sec id="sec-6">
<label>4.2</label>
<title>The simplest example</title>
<p>Scikit-build-core was designed to be easy to use as possible, with reasonable
defaults and simple configuration. A minimal, working example is possible with
just three files. You need a file to build, for example, this is a simple
pybind11 module in a <monospace>main.cpp</monospace>:</p>
<code language="cpp">#include &amp;lt;pybind11/pybind11.h&gt;

PYBIND11_MODULE(example, m) {
    m.def("square", [](double x) { return x*x; });
}</code>
<p>You then need a <monospace>pyproject.toml</monospace>, and it can be as little as six lines long, just like for pure Python:</p>
<code language="toml">[build-system]
requires = ["scikit-build-core", "pybind11"]
build-backend = "scikit_build_core.build"

[project]
name = "example"
version = "0.0.1"</code>
<p>And finally, you need a <monospace>CMakeLists.txt</monospace> for CMake, which is also as little as six lines:</p>
<code language="cmake">cmake_minimum_required(VERSION 3.15...3.26)
project(example LANGUAGES CXX)

set(PYBIND11_NEWPYTHON ON)
find_package(pybind11 CONFIG REQUIRED)

pybind11_add_module(example example.cpp)
install(TARGETS example LIBRARY DESTINATION .)</code>
<p>And that all that is needed to get started.</p>
</sec>
<sec id="sec-7">
<label>4.3</label>
<title>Common needs as simple configuration</title>
<p>Customizing scikit-build-core is done through the <monospace>[tool.scikit-build]</monospace> table
in the <monospace>pyproject.toml</monospace>. An example configuration is shown below:</p>
<code>[tool.scikit-build]
minimum-version = "0.10"

build.verbose = true
logging.level = "INFO"

wheel.expand-macos-universal-tags = true</code>
<p>On line 2, you can see the <monospace>minimum-version</monospace> setting. This is a special setting
that allows scikit-build-core to make changes to default values in the future
while ensuring your configuration continues to build with the defaults present
the version you specify. This is very similar to CMake’s
<monospace>cmake_minimum_requires</monospace> feature.</p>
<p>On line 4-5, you can see an example of increasing the verbosity, both to print
out build commands as well as see scikit-build-core’s logs.</p>
<p>On line 7, you can see that scikit-build-core can expand the macOS universal
tags to include both ARM and Intel variants for maximum compatibility with
older Pip versions; this is impossible to do in setuptools unless you use API
declared private and unstable in wheel.</p>
</sec>
</sec>
<sec id="sec-8">
<label>5</label>
<title>Innovative features of scikit-build-core</title>
<p>Scikit-build-core has some interesting and powerful innovations. This section
is by no means exhaustive; it doesn’t cover scikit-build-core’s over forty
different configuration options, for example. It is instead just meant to
highlight some of the most interesting features of scikit-build-core.</p>
<sec id="sec-9">
<label>5.1</label>
<title>Dynamic requirement on CMake/Ninja</title>
<p>Scikit-build-core needs CMake to build, and often ninja as well. Both are
available as Python wheels, but simply adding them to your
<monospace>build-system.requires</monospace> list is not a good idea, because some platforms aren’t
supported by wheels on <abbrev alt="Python Package Index">PyPI</abbrev>, such as WebAssembly, the various BSD’s,
ClearLinux, or Android. But these systems can get CMake other ways, such as
from a package manager, so users shouldn’t have a build fail because they can’t
get a cmake wheel if they have a sufficient version of CMake already. As it
turns out, <abbrev alt="Python Enhancement Proposal">PEP</abbrev> 517 is flexible enough to handle this very elegantly.</p>
<p><abbrev alt="Python Enhancement Proposal">PEP</abbrev> 517 has an API for a build tool to declare it’s dependencies. This was
initially used for setuptools to only depend on wheel when making wheels, but
it works perfectly for optional binary dependencies as well. Scikit-build-core
will check to see if <monospace>cmake</monospace> is present on the system. If it is, and it reports
a version sufficient for the package, it will not be added to the requested
dependencies. This is also done for ninja. This same system was added to
<monospace>meson-python</monospace>, as well, since Meson also requires ninja.</p>
</sec>
<sec id="sec-10">
<label>5.2</label>
<title>Integration with external packages</title>
<p>Scikit-build-core has three mechanisms to allow packages on <abbrev alt="Python Package Index">PyPI</abbrev> to provide
CMake configuration and tools:</p>
<list list-type="bullet">
<list-item>
<p>The site-packages directory is added to the CMake search path by scikit-build-core. Due to the way CMake config file discovery works, this allows a package to provide a <monospace>&amp;lt;PkgName&gt;Config.cmake</monospace> file in any GNU-like standard location in the package (like <monospace>pybind11/share/cmake/pybind11/pybind11Config.cmake</monospace>, for example).</p>
</list-item><list-item>
<p>An entry point <monospace>cmake.prefix</monospace>, which adds prefix dirs, useful for adding module files that don’t have to match the installed package name or are in arbitrary locations.</p>
</list-item><list-item>
<p>An entry point <monospace>cmake.module</monospace>, which can be used to add any CMake helper files.</p>
</list-item>
</list>
</sec>
<sec id="sec-11">
<label>5.3</label>
<title>Dual editable modes with automatic recompile</title>
<p>Editable installs are supported in two modes. The default mode installs a
custom finder that combines the Python files in your development directory (as
specified by packages) with CMake installed files in site-packages. It is
important to rely on importlib.resources instead of file manipulation in this
mode. This mode supports installs into multiple environments.</p>
<p>This mode also supports automatic rebuilds. If you enable it, then importing
your package will rebuild on any changes to the source files, something that
could not be done with setuptools.</p>
<p>There is also an opt-in “inplace” mode that uses CMake’s inplace build to build
your files in the source directory. This is very similar to setuptools
<monospace>build_ext --inplace</monospace>, and works with tools that can’t run Python finders, like
type checkers. This mode works with a single environment, because the build dir
<italic>is</italic> the source dir. There is no dynamic finder in this mode, so automatic
rebuilds are not supported.</p>
</sec>
<sec id="sec-12">
<label>5.4</label>
<title>Dynamic metadata</title>
<p>A system for allowing custom metadata plugins was contributed and has been one
of the most successful parts of scikit-build-core. Any metadata field other
than the <monospace>name</monospace> can be dynamically specified in Python packaging; the
dynamic-metadata mechanism provides a way for plugins to be written by anyone,
including “in-tree” plugins written inside a specific package. This gives authors
quite a bit of freedom to do things like customize the package description or
read the version from a file.</p>
<p>This system is being worked on as a standard for other build backends to use
and a stand-alone namespace. Changes are expected, but the current implementation
in scikit-build-core uses the following API:</p>
<code language="python">def dynamic_metadata(
    field: str,
    settings: Mapping[str, Any],
) -&gt; str:
   ...</code>
<p>Plugins provide this function. Three built-in plugins are provided in
scikit-build-core: one for regex, one that wraps <monospace>setuptools_scm</monospace>, and one that
wraps <monospace>hatch-fancy-pypi-readme</monospace>. Using one of these looks like this:</p>
<code language="toml">name = "mypackage"
dynamic = ["version"]

[tool.scikit-build.metadata.version]
provider = "scikit_build_core.metadata.regex"
input = "src/mypackage/__init__.py"</code>
<p>The <monospace>provider</monospace> key tells scikit-build-core where to look for the plugin. There
is also a provider-path for local plugins. All other keys are implemented by
the plugin; the regex plugin implements <monospace>input</monospace> and <monospace>regex</monospace>, for example.</p>
<p>An extra feature that is not being proposed for broader adoption is a
generation mechanism. Scikit-build-core can generate a file for you with
metadata provided via templating. It looks like this:</p>
<code language="toml">[[tool.scikit-build.generate]]
path = "package/_version.py"
template = '''
version = "${version}"
'''</code>
<p>This is extremely useful due to the <monospace>location</monospace> key, which defaults to
<monospace>install</monospace>, which will put the file only in the built wheel, <monospace>build</monospace>, which puts
the file in the build directory, and <monospace>source</monospace>, which writes it out to the
source directory and <abbrev alt="Source Distribution, the way Python packages distribute source code">SDist</abbrev>, much like <monospace>setuptools_scm</monospace> normally does. In the
default mode, though, no generated files are placed in your source tree.</p>
</sec>
<sec id="sec-13">
<label>5.5</label>
<title>Overrides</title>
<p>Static configuration has many benefits, but it has a significant drawback; you often
want to configure different situations differently. For example, you might want a higher
minimum CMake version on Windows, or a pure Python version for unreleased Python versions.
These sorts of things can be expressed with overrides, which was designed after
overrides in cibuildwheel, which in turn were based on mypy’s overrides.
Scikit-build-core has the most powerful version of the system, however, with an
<monospace>.if</monospace> table that can do version comparisons and regexs, and supports any/all
merging of conditions, and inheritance from a previous override (also added to
cibuildwheel). It includes conditions for the state of the build (wheel, <abbrev alt="Source Distribution, the way Python packages distribute source code">SDist</abbrev>,
editable, or metadata builds) and environment variables. An example is shown below:</p>
<code language="toml">[[tool.scikit-build.overrides]]
if.platform-system = "darwin"
cmake.version = "&gt;=3.18"</code>
<p>This will change the minimum CMake version to <monospace>&gt;=3.18</monospace> on macOS.</p>
</sec>
</sec>
<sec id="sec-14">
<label>6</label>
<title>Scikit-build-core’s design</title>
<p>This section is devoted to the internals of scikit-build-core.</p>
<sec id="sec-15">
<label>6.1</label>
<title>The configuration system</title>
<p>Scikit-build-core has over forty options, and each of these options can be
specified in the <monospace>pyproject.toml</monospace>, or via config-settings (<monospace>-C</monospace> in build or
pip), or via environment variables starting with <monospace>SKBUILD</monospace>. We also provide a
JSON Schema for the TOML configuration, and a list of all options in the README.
All of these are powered by a single dataclass-based configuration system
developed for scikit-build-core.</p>
<p>All of the configuration lives in dataclasses that look like this:</p>
<code language="toml">@dataclasses.dataclass
class LoggingSettings:
    level: Literal["NOTSET", "DEBUG", "INFO", "WARNING", "ERROR", "CRITICAL"] = (
        "WARNING"
    )
    """
    The logging level to display, "DEBUG", "INFO", "WARNING", and "ERROR" are
    possible options.
    """

@dataclasses.dataclass
class ScikitBuildSettings:
    cmake: CMakeSettings = dataclasses.field(default_factory=CMakeSettings)
    ninja: NinjaSettings = dataclasses.field(default_factory=NinjaSettings)
    logging: LoggingSettings = dataclasses.field(default_factory=LoggingSettings)
    ...</code>
<p>The system is a conversion system, originally based on <monospace>cattrs</monospace>, but
reimplemented in pure Python to reduce dependencies and the potential for
uncontrollable breakage. The system recognised a wide variety of types,
including nested types and as seen above, literals. A comment in a string
following the option is also recognised for the JSONSchema/README processors,
because nothing has been standardized for variable docstrings, and Sphinx
understands this convention.</p>
<p>Converters are implemented for TOML, config-settings (dict), and environment
variables. The converters fill the <monospace>ScikitBuildSettings</monospace> instance with the
values from the three<xref ref-type="fn" rid="fn-1">1</xref> sources. Once read in, these are just a normal fully
typed dataclass, so access and usage is natural and protected by mypy.
Overrides are currently implemented via pre-processing the TOML. A post
processing step is also added to validate the settings, and produce
errors/warnings based on invalid combinations.</p>
</sec>
<sec id="sec-16">
<label>6.2</label>
<title>The File API</title>
<p>CMake provides a File API, which allows third party tools to read a variety of
information about the build process. Scikit-build-core has a full
implementation of a reader for the File API for use in plugins (currently not
required for scikit-build-core itself).</p>
<p>The File API was implemented via dataclasses following the official schema. A
recursive conversion system, similar to the settings system, was implemented to
convert the written files into dataclass instances.</p>
</sec>
<sec id="sec-17">
<label>6.3</label>
<title>Plugins for other systems</title>
<p>Scikit-build-core 0.9.0 includes two plugins, one for setuptools, and one for
hatchling. It was designed to support making custom plugins wrapping CMake
builds, so these two internal plugins are examples of using scikit-build-core
to make plugins. These will eventually be pulled out into separate packages;
being internal allowed faster iteration on the scikit-build-core API used by
plugins.</p>
</sec>
</sec>
<sec id="sec-18">
<label>7</label>
<title>Adoption</title>
<p>Projects moving to scikit-build-core have seen over 800 lines of convoluted
<monospace>setup.py</monospace> code turn into 20 lines of CMake and a minimal configuration file.
Often this adds new platforms, like Windows or PyPy, that were not feasible to
support before, and faster multithreaded compile times.</p>
<sec id="sec-19">
<label>7.1</label>
<title>Statistics</title>
<p>Scikit-build-core is currently the most downloaded build backend designed for
compiled languages other than Rust<xref ref-type="fn" rid="fn-2">4</xref>, with 2.7M monthly downloads<xref ref-type="fn" rid="fn-3">2</xref>. It
is used by a dozen packages in the top 8,000 <abbrev alt="Python Package Index">PyPI</abbrev> packages, like <monospace>pyzmq</monospace>,
<monospace>lightgbm</monospace>, <monospace>cmake</monospace>, <monospace>phik</monospace>, and <monospace>clang-format</monospace>. Other packages like <monospace>ninja</monospace>
and <monospace>boost-histogram</monospace> have adopted it, but have not made a release with it yet.</p>
<p>It is possible to download every pyproject.toml from <abbrev alt="Python Package Index">PyPI</abbrev><xref ref-type="fn" rid="fn-4">3</xref> and perform
analyses on packages that provided an <abbrev alt="Source Distribution, the way Python packages distribute source code">SDist</abbrev>. You can compute the number of
packages published using scikit-build-core (255 as of June 25, up from 82 last
year), and investigate the details of how projects are setting configuration.</p>
<p>We also monitor non-fork mentions of <monospace>scikit_build_core</monospace> in <monospace>pyproject.toml</monospace>’s
using GitHub Code Search, of which there are currently (July 3) 764 results, up
from 92 on July 1, 2023). This string is required as part of the build backend,
so serves as a reasonable method to track this info. A search for the more
precise string <monospace>scikit_build_core.build</monospace>, which avoids hatchling and setuptools
plugins, provides 720 results; a similar search was not performed last year for
comparison, though.</p>
</sec>
<sec id="sec-20">
<label>7.2</label>
<title><ext-link ext-link-type="uri" xlink:href="http://Rapids.ai">Rapids.ai</ext-link></title>
<p><ext-link ext-link-type="uri" xlink:href="http://Rapids.ai">Rapids.ai</ext-link> moved their package generator to scikit-build-core, affecting all
their packages, like cudf, cugraph, cuml, and rmm. They have several unusual
requirements due to the need to support cuda variants. They developed a wrapper
for scikit-build-core that changes the name of the package based on the current
cuda version (something explicitly disallowed by <abbrev alt="Python Enhancement Proposal">PEP</abbrev> 621) and injects modified
dependencies. Discussions on ways to handle external dependencies like CUDA
without such workarounds was a major topic at the packaging summit in PyCon US 24.</p>
</sec>
<sec id="sec-21">
<label>7.3</label>
<title>Ninja / CMake / clang-format</title>
<p>One powerful use case for binaries is <abbrev alt="Python Package Index">PyPI</abbrev> redistribution of CLI tools. This is
used for <monospace>ninja</monospace> and <monospace>cmake</monospace>, which are first-party scikit-build-core projects,
along with many third party projects like clang-format, use this to great
effect. For example, clang-format provides easily pip-installable wheels that
are under 2 MB and work on almost any system. We are not aware of any
easier way to get a working copy of clang-format.</p>
<p>The core idea for most of these projects is to install the binary in the
<monospace>scripts</monospace> folder of a wheel, which will be placed directly in a user’s path.
Scikit-build-core sets CMake variables with the various wheel folders; this one
is <monospace>${SKBUILD_SCRIPTS_DIR}</monospace>.</p>
<p>The other common need, and one very difficult to handle in a setuptools-based wrapper,
stems from the fact that these binary packages don’t build against Python, so they don’t
need to be build per Python version. This can be easily indicated in scikit-build-core by setting:</p>
<code language="toml">[tool.scikit-build]
wheel.py-api = "py3"</code>
<p>This will build a wheel that doesn’t depend on the Python API and will only
depend on the system architecture. This same setting can be used for the
Limited API / Stable ABI as well, by setting <monospace>cp311</monospace> or a similar minimum
value. Pythons before this value will build traditional wheels, and after will
build Stable ABI wheels.</p>
</sec>
<sec id="sec-22">
<label>7.4</label>
<title>PyZMQ</title>
<p>The python wrapper for the ZeroMQ project uses scikit-buid-core. This is their configuration:</p>
<code language="toml">[tool.scikit-build]
wheel.packages = ["zmq"]
wheel.license-files = ["licenses/LICENSE*"]
# 3.15 is required by scikit-build-core
cmake.version = "&gt;=3.15"
# only build/install the pyzmq component
cmake.targets = ["pyzmq"]
install.components = ["pyzmq"]</code>
<p>They explicitly list the package name (since it doesn’t match the project,
<monospace>pyzmq</monospace> and their licences files are in a non-standard location. The
<monospace>cmake.version</monospace> setting is superfluous, since that’s already scikit-build-core’s
minimum. The <monospace>cmake.targets</monospace> (will be <monospace>build.targets</monospace> in future versions, with
back-compatibility support) and <monospace>install.components</monospace> are quite powerful, though. The
target list allows building just the required target for the binding, saving
time. And then installing just things marked with a specific component gives
you full control over exactly what goes into the wheel.</p>
</sec>
</sec>
<sec id="sec-23">
<label>8</label>
<title>Related work</title>
<p>As part of this project, a lot of other packages were touched on or improved.
<monospace>pybind11</monospace> had some build system improvements, especially related to modern
FindPython support. Nanobind improved support for the Stable ABI, and the
<monospace>nanobind_example</monospace> project moved to scikit-build-core. Cibuildwheel and build
were improved for all backends with extensive testing and usage in
scikit-build-core. validate-pyproject was improved and
validate-pyproject-schema-store was added to make it easier to use the Schema
Store’s schema files, including scikit-build-core’s, for validation of
pyproject.toml’s. Scikit-build-core (along with meson-python and maturin) were
added to the Scientific Python Development Guide. Fixes were made in Pyodide to
ensure better CMake support for WebAssembly builds (which were also added to
cibuildwheel). And scikit-build-core was one of the first backends to support
free-threaded Python 3.13 builds.</p>
</sec>
<sec id="sec-24">
<label>9</label>
<title>Summary</title>
<p>Scikit-build-core is one of the best build systems available today for Python
compiled extensions, allowing access to a powerful compiled build tool (CMake)
from the comfort of a statically configured <monospace>pyproject.toml</monospace> file. It supports
a wide variety of innovative controls, including many things not possible with
a setuptools build, like good config-settings support, wheel tag customization,
and more.</p>
<p>Support for this work was provided by <abbrev alt="National Science Foundation">NSF</abbrev> grant
<ext-link ext-link-type="uri" xlink:href="https://www.nsf.gov/awardsearch/showAward?AWD_ID=2209877">OAC-2209877</ext-link>.</p>
</sec>
</body>
<back>
<ref-list>
<ref id="ref-2">
<element-citation publication-type="journal">
<article-title>SciPy 1.0: Fundamental Algorithms for Scientific Computing in Python</article-title>
<person-group person-group-type="author">
<name><surname>Virtanen</surname><given-names>Pauli</given-names></name>
<name><surname>Gommers</surname><given-names>Ralf</given-names></name>
<name><surname>Oliphant</surname><given-names>Travis E.</given-names></name>
<name><surname>Haberland</surname><given-names>Matt</given-names></name>
<name><surname>Reddy</surname><given-names>Tyler</given-names></name>
<name><surname>Cournapeau</surname><given-names>David</given-names></name>
<name><surname>Burovski</surname><given-names>Evgeni</given-names></name>
<name><surname>Peterson</surname><given-names>Pearu</given-names></name>
<name><surname>Weckesser</surname><given-names>Warren</given-names></name>
<name><surname>Bright</surname><given-names>Jonathan</given-names></name>
<name><surname>van der Walt</surname><given-names>Stéfan J.</given-names></name>
<name><surname>Brett</surname><given-names>Matthew</given-names></name>
<name><surname>Wilson</surname><given-names>Joshua</given-names></name>
<name><surname>Millman</surname><given-names>K. Jarrod</given-names></name>
<name><surname>Mayorov</surname><given-names>Nikolay</given-names></name>
<name><surname>Nelson</surname><given-names>Andrew R. J.</given-names></name>
<name><surname>Jones</surname><given-names>Eric</given-names></name>
<name><surname>Kern</surname><given-names>Robert</given-names></name>
<name><surname>Larson</surname><given-names>Eric</given-names></name>
<name><surname>Carey</surname><given-names>C J</given-names></name>
<name><surname>Polat</surname><given-names>İlhan</given-names></name>
<name><surname>Feng</surname><given-names>Yu</given-names></name>
<name><surname>Moore</surname><given-names>Eric W.</given-names></name>
<name><surname>VanderPlas</surname><given-names>Jake</given-names></name>
<name><surname>Laxalde</surname><given-names>Denis</given-names></name>
<name><surname>Perktold</surname><given-names>Josef</given-names></name>
<name><surname>Cimrman</surname><given-names>Robert</given-names></name>
<name><surname>Henriksen</surname><given-names>Ian</given-names></name>
<name><surname>Quintero</surname><given-names>E. A.</given-names></name>
<name><surname>Harris</surname><given-names>Charles R.</given-names></name>
<name><surname>Archibald</surname><given-names>Anne M.</given-names></name>
<name><surname>Ribeiro</surname><given-names>Antônio H.</given-names></name>
<name><surname>Pedregosa</surname><given-names>Fabian</given-names></name>
<name><surname>van Mulbregt</surname><given-names>Paul</given-names></name>
<name><surname>SciPy 1.0 Contributors</surname></name>
</person-group><source>Nature Methods</source><year iso-8601-date="2020">2020</year><pub-id pub-id-type="doi">https://doi.org/10.1038/s41592-019-0686-2</pub-id><volume>17</volume><fpage>261</fpage><lpage>272</lpage></element-citation>
</ref>
<ref id="ref-3">
<element-citation publication-type="report">
<article-title>A build-system independent format for source trees</article-title>
<person-group person-group-type="author">
<name><surname>Smith</surname><given-names>Nathaniel J.</given-names></name>
<name><surname>Kluyver</surname><given-names>Thomas</given-names></name>
</person-group><year iso-8601-date="2015">2015</year></element-citation>
</ref>
<ref id="ref-4">
<element-citation publication-type="report">
<article-title>Specifying Minimum Build System Requirements for Python Projects</article-title>
<person-group person-group-type="author">
<name><surname>Cannon</surname><given-names>Brett</given-names></name>
<name><surname>Smith</surname><given-names>Nathaniel J.</given-names></name>
<name><surname>Stufft</surname><given-names>Donald</given-names></name>
</person-group><year iso-8601-date="2015">2015</year></element-citation>
</ref>
<ref id="ref-5">
<element-citation publication-type="report">
<article-title>Storing project metadata in pyproject.toml</article-title>
<person-group person-group-type="author">
<name><surname>Cannon</surname><given-names>Brett</given-names></name>
<name><surname>Ingram</surname><given-names>Dustin</given-names></name>
<name><surname>Ganssle</surname><given-names>Paul</given-names></name>
<name><surname>Eustace</surname><given-names>Sébastien</given-names></name>
<name><surname>Kluyver</surname><given-names>Thomas</given-names></name>
<name><surname>Tzu-Chung</surname></name>
</person-group><year iso-8601-date="2020">2020</year></element-citation>
</ref>
<ref id="ref-6">
<element-citation publication-type="report">
<article-title>Editable installs for pyproject.toml based builds (wheel based)</article-title>
<person-group person-group-type="author">
<name><surname>Holth</surname><given-names>Daniel</given-names></name>
<name><surname>Bidoul</surname><given-names>Stéphane</given-names></name>
</person-group><year iso-8601-date="2021">2021</year></element-citation>
</ref>
<ref id="ref-1">
<element-citation publication-type="document">
<article-title>jcfr/scipy_2018_scikit-build_talk: SciPy 2018 Talk | scikit-build: A Build System Generator for CPython C/C++/Fortran/Cython Extensions</article-title>
<person-group person-group-type="author">
<name><surname>Fillion-Robin</surname><given-names>Jean-Christophe</given-names></name>
<name><surname>McCormick</surname><given-names>Matt</given-names></name>
<name><surname>Padron</surname><given-names>Omar</given-names></name>
<name><surname>Smolens</surname><given-names>Max</given-names></name>
<name><surname>Grauer</surname><given-names>Michael</given-names></name>
<name><surname>Sarahan</surname><given-names>Michael</given-names></name>
</person-group><year iso-8601-date="2019">2019</year><pub-id pub-id-type="doi">10.5281/zenodo.2565368</pub-id></element-citation>
</ref>
</ref-list>
<fn-group><fn id="fn-1">
<label>1</label>
<p>Converters are combined using a chain converter, which allows any
combination of converters; this is used by the hatchling plugin to support
four converters, since it includes hatchling’s TOML configuration as well as
scikit-build-core’s.</p>
</fn><fn id="fn-2">
<label>4</label>
<p>The Rust-only Maturin is much older and has 57 packages in the top 8,000.</p>
</fn><fn id="fn-3">
<label>2</label>
<p><ext-link ext-link-type="uri" xlink:href="https://hugovk.github.io/top-pypi-packages">https://hugovk.github.io/top-pypi-packages</ext-link></p>
</fn><fn id="fn-4">
<label>3</label>
<p><ext-link ext-link-type="uri" xlink:href="https://github.com/henryiii/pystats">https://github.com/henryiii/pystats</ext-link></p>
</fn></fn-group>
</back>
</article>
