<?xml version="1.0" encoding="UTF-8"?>
<!DOCTYPE article PUBLIC "-//NLM//DTD JATS (Z39.96) Journal Archiving and Interchange DTD with MathML3 v1.3 20210610//EN" "http://jats.nlm.nih.gov/publishing/1.3/JATS-archivearticle1-3-mathml3.dtd">
<article xmlns:mml="http://www.w3.org/1998/Math/MathML" xmlns:xlink="http://www.w3.org/1999/xlink" xmlns:xsi="http://www.w3.org/2001/XMLSchema-instance" xmlns:ali="http://www.niso.org/schemas/ali/1.0/" dtd-version="1.3" xml:lang="en" id="main">
<front>
<article-meta>
<article-id pub-id-type="doi">10.25080/TWCF2755</article-id>
<title-group>
<article-title>Algorithms to Determine Asteroid’s Physical Properties using Sparse and Dense Photometry, Robotic Telescopes and Open Data</article-title>
<alt-title alt-title-type="running-head">Algorithms to Determine Asteroid’s Physical Properties</alt-title>
</title-group>
<contrib-group>
<contrib contrib-type="author" corresp="yes">
<contrib-id contrib-id-type="orcid">https://orcid.org/0009-0007-5329-9148</contrib-id>
<name name-style="western"><surname>Nath</surname><given-names>Arushi</given-names></name>
<xref ref-type="aff" rid="aff-1"/>
<email>Arushi@monitormyplanet.com</email>
</contrib>
</contrib-group>
<aff id="aff-1">
<institution-wrap>
<institution>Founder, MonitorMyPlanet.com</institution>
</institution-wrap>
</aff>
<permissions>
<ali:free_to_read/>
<license xlink:href="https://creativecommons.org/licenses/by/4.0/">
<ali:license_ref>https://creativecommons.org/licenses/by/4.0/</ali:license_ref>
<license-p>This is an open access article distributed under the terms of the <ext-link ext-link-type="uri" xlink:href="http://creativecommons.org/licenses/by/4.0/">Creative Commons Attribution License</ext-link>, which permits unrestricted use, distribution, and reproduction in any medium, provided the original author and source are credited.</license-p>
</license>
</permissions>
<abstract>
<p>The rapid pace of discovering asteroids due to advancements in detection techniques outpaces current abilities to analyze them comprehensively. Understanding an asteroid’s physical properties is crucial for effective deflection strategies and improves our understanding of the solar system’s formation and evolution. Dense photometry provides continuous time-series measurements valuable for determining an asteroid’s rotation period, yet is limited to a singular phase angle. Conversely, sparse photometry offers non-continuous measurements across multiple phase angles, essential for determining an asteroid’s absolute magnitude, albedo (reflectivity), and size. This paper presents open-source algorithms that integrate dense photometry from citizen scientists with sparse photometry from space and ground-based all-sky surveys to determine asteroids’ albedo, size, rotation, strength, and composition.
Applying the algorithms to the Didymos binary asteroid, combined with data from GAIA, the Zwicky Transient Facility, and <abbrev alt="Asteroid Terrestrial-impact Last Alert System">ATLAS</abbrev> photometric sky surveys, revealed Didymos to be 840 meters wide, with a 0.14 albedo, an 18.14 absolute magnitude, a 2.26-hour rotation period, rubble-pile strength, and an <abbrev alt="siliceous">S-type</abbrev> composition. Didymos was the target of the 2022 NASA Double Asteroid Redirection Test (<abbrev alt="Double Asteroid Redirection Test">DART</abbrev>) mission. The algorithm successfully measured a 35-minute decrease in the mutual orbital period following the <abbrev alt="Double Asteroid Redirection Test">DART</abbrev> mission, equating to a 40-meter reduction in the mutual orbital radius, proving a successful deflection. Analysis of the broader asteroid population highlighted significant compositional diversity, with a predominance of carbonaceous (<abbrev alt="carbonaceous">C-type</abbrev>) asteroids in the outer regions of the asteroid belt and siliceous (<abbrev alt="siliceous">S-type</abbrev>) and metallic (<abbrev alt="metallic">M-type</abbrev>) asteroids more common in the inner regions. These findings provide insights into the diversity and distribution of asteroid compositions, reflecting the conditions and processes of the early solar system.
This work empowers citizen scientists to become planetary defenders, contributing significantly to planetary defense and enhancing our understanding of solar system composition and evolution.</p>
</abstract>
<kwd-group>
<kwd>Near-Earth Asteroids</kwd>
<kwd>Python Algorithms</kwd>
<kwd>Open Data</kwd>
<kwd>Citizen Scientists</kwd>
<kwd>Asteroid Characterization</kwd>
</kwd-group>
</article-meta>
</front>
<body>
<sec id="sec-1">
<label>1</label>
<title>Introduction</title>
<sec id="sec-2">
<label>1.1</label>
<title>Background</title>
<p>There are over 1.3 million known asteroids, and advanced detection techniques lead to the discovery of hundreds of new near-Earth and main-belt asteroids every month. Studying these asteroids provides valuable insights into the early solar system’s formation and evolution. Phase curves, which illustrate the change in an asteroid’s brightness as its phase angle (the angle between the observer, asteroid, and Sun) changes, are essential for asteroid characterization. Understanding near-Earth asteroids is crucial because it allows for the development of effective deflection strategies, which are vital for preventing potential collisions with Earth and safeguarding our planet from catastrophic impacts.</p>
</sec>
<sec id="sec-3">
<label>1.2</label>
<title>Research Problem</title>
<p>Despite advancements in detection techniques, the need for observations spanning multiple years, limited telescope availability, and narrow observation windows hinder detailed characterization of asteroids. To date, phase curves have been generated for only a few thousand asteroids. This slow pace of analysis hinders our planetary defense capabilities for deflecting potentially hazardous asteroids and limits our understanding of the solar system’s evolution.</p>
</sec>
<sec id="sec-4">
<label>1.3</label>
<title>Related Work</title>
<p>Recent efforts in the field have focused on various approaches to combine dense and sparse photometric datasets. For instance, the Pan-STARRS survey has used sparse photometry to estimate the absolute magnitudes and rotation periods of asteroids, while the Asteroid Terrestrial-impact Last Alert System (<abbrev alt="Asteroid Terrestrial-impact Last Alert System">ATLAS</abbrev>) provides sparse photometry data for many asteroids observed across different phase angles. Studies by <xref ref-type="bibr" rid="ref-3">Shevchenko <italic>et al.</italic> (2019)</xref> have explored methods to derive phase integrals and geometric albedos from sparse data. On the dense photometry side, projects like the Zwicky Transient Facility (<abbrev alt="Zwicky Transient Facility">ZTF</abbrev>) and Gaia Data Release 3 (DR3) have contributed extensive datasets valuable for continuous observations of asteroid brightness variations. However, these efforts often face challenges in data integration due to differing observational cadences, filters, and coverage.</p>
</sec>
<sec id="sec-5">
<label>1.4</label>
<title>Research Objectives</title>
<p>This paper presents an innovative methodology, PhAst, developed using Python algorithms to combine dense photometry from citizen scientists with sparse photometry from space and ground-based all-sky surveys to determine key physical characteristics of asteroids. The specific objectives of this research are to:</p>
<list list-type="order">
<list-item>
<p>Develop Python algorithms to integrate serendipitous asteroid observations with citizen-contributed and open datasets.</p>
</list-item><list-item>
<p>Apply these algorithms to planetary defense tests, such as NASA’s <abbrev alt="Double Asteroid Redirection Test">DART</abbrev> mission.</p>
</list-item><list-item>
<p>Characterize large populations of asteroids to infer compositional diversity in our solar system.</p>
</list-item>
</list>
</sec>
<sec id="sec-6">
<label>1.5</label>
<title>Significance of the Study</title>
<p>This study offers significant contributions to the field of asteroid characterization and planetary defense. By integrating dense and sparse photometry, the PhAst algorithm provides a comprehensive method for determining the physical properties of asteroids. The open-source nature of the algorithm encourages collaboration and improvements from a global community of researchers and citizen scientists, enhancing its robustness and accelerating advancements in the field. Furthermore, the study empowers citizen scientists to actively participate in planetary defense, contributing valuable data and insights that enhance our understanding and preparedness for potential asteroid impacts.</p>
</sec>
<sec id="sec-7">
<label>1.6</label>
<title>Application in Planetary Defense: NASA’s <abbrev alt="Double Asteroid Redirection Test">DART</abbrev> Mission</title>
<p>The NASA Double Asteroid Redirection Test (<abbrev alt="Double Asteroid Redirection Test">DART</abbrev>) mission was designed to test and validate methods to protect Earth from hazardous asteroid impacts by demonstrating the kinetic impactor technique. It involved sending a spacecraft to collide with an asteroid to change its trajectory. PhAst provides a detailed pre- and post-impact analysis of the target asteroid, Didymos, and its moonlet, Dimorphos.</p>
</sec>
</sec>
<sec id="sec-8">
<label>2</label>
<title>Methodology</title>
<sec id="sec-9">
<label>2.1</label>
<title>Overview</title>
<p>The PhAst algorithm integrates dense and sparse photometry data to determine the physical properties of asteroids. Dense photometry provides continuous time-series measurements, crucial for determining rotation periods, while sparse photometry offers non-continuous measurements across multiple phase angles, essential for absolute magnitude and size determination. Integrating both methods can overcome their individual limitations.</p>
</sec>
<sec id="sec-10">
<label>2.2</label>
<title>Development of Novel Open-Source PhAst</title>
<p>PhAst integrates several years of sparse photometry from serendipitous asteroid observations with dense photometry from professional and citizen scientists <xref ref-type="fig" rid="figure-1">Figure 1</xref>. The algorithm effectively combines continuous light data (dense photometry) and infrequent light data (sparse photometry) by creating phase curves whose linear components yield the asteroid’s geometric albedo and composition, while the non-linear brightness surge at small angles determines the absolute magnitude. This methodology allows for the creation of folded light curves to measure the asteroid’s rotation period and, for binary asteroids, their mutual orbital period. Being open-source, the PhAst algorithm allows for collaboration and improvements from a global community of researchers and citizen scientists, enhancing its robustness and accelerating advancements in asteroid characterization.</p>
<fig id="figure-1">
<label>Figure 1:</label>
<caption>
<p>Flowchart Showing Data Integration Process of PhAst</p>
</caption>
<graphic mimetype="image" mime-subtype="png" xlink:href="files/figure1-aadb6c0fd8a2af876a44e8bc29d6abdd.png"/>
</fig>
</sec>
<sec id="sec-11">
<label>2.3</label>
<title>Data Sources and Integration</title>
<list list-type="order">
<list-item>
<p><bold>Primary Asteroid Observations Using Robotic Telescopes:</bold> Observation proposals were submitted to Alnitak Observatory, American Association of Variable Star Observers, Burke Gaffney Observatory, and Faulkes Telescope.</p>
</list-item><list-item>
<p><bold>Citizen Scientist Observations:</bold> Observations submitted by backyard astronomers from locations such as Chile and the USA.</p>
</list-item><list-item>
<p><bold>Serendipitous Asteroid Observations in Sky Surveys:</bold> Data from European Space Agency Gaia Data Release 3 and Zwicky Transient Facility (<abbrev alt="Zwicky Transient Facility">ZTF</abbrev>) Survey.</p>
</list-item><list-item>
<p><bold>Secondary Asteroid Databases:</bold> Data from the Asteroid Lightcurve Database (<abbrev alt="Asteroid Lightcurve Database">ALCDEF</abbrev>) <xref ref-type="bibr" rid="ref-8">ALCDEF (n.d.)</xref> and Asteroid Photometric Data Catalog (<abbrev alt="Photometric Data Catalog">PDS</abbrev>) 3rd update.</p>
</list-item>
</list>
<p>For searching asteroids in the <abbrev alt="Zwicky Transient Facility">ZTF</abbrev> dataset, the FINKS portal was utilized, which allowed searching asteroids by their Minor Planet Center (<abbrev alt="Minor Planet Center">MPC</abbrev>) number. Similarly, asteroids in the GAIA dataset were searched using the Solar System Objects database of Gaia DR3.</p>
</sec>
<sec id="sec-12">
<label>2.4</label>
<title>Observational Process</title>
<list list-type="order">
<list-item>
<p><bold>Identify Known Stars and Asteroids:</bold> Using the GAIA Star Catalog and HORIZONS Asteroid Catalog, known stars and asteroids are identified and centroided in images. This step ensures that the exact positions of celestial objects are accurately determined, which is crucial for subsequent analysis.</p>
</list-item><list-item>
<p><bold>Determine Optimal Aperture Size:</bold> Differential photometry is used to calculate the asteroid’s instrumental magnitude by determining the optimal aperture size that balances brightness measurement and noise. Too small an aperture may not capture the full brightness of the asteroid, while too large an aperture may include excessive background noise.</p>
</list-item><list-item>
<p><bold>Select Suitable Comparison Stars:</bold> Comparison stars with stable brightness are selected to remove the effects of seeing conditions and determine the asteroid’s computed magnitude. This step is important to ensure that variations in observed brightness are due to the asteroid itself and not due to atmospheric conditions or instrumental errors.</p>
</list-item><list-item>
<p><bold>Remove Distance Effects:</bold> Effects of the asteroid’s changing distance from the Sun and the observer are removed to find the reduced magnitude. This normalization allows for a more accurate comparison of observations taken at different times and distances.</p>
</list-item><list-item>
<p><bold>Generate Phase Curves:</bold> Phase angle effects are removed to generate phase curves, which help find the absolute magnitude and linear slope. These phase curves provide insights into the reflectivity and surface properties of the asteroid.</p>
</list-item><list-item>
<p><bold>Determine Rotation and Orbital Periods:</bold> Composite light curves are used to find the asteroid’s rotation period and, for binary asteroids, the mutual orbital period. This analysis reveals the dynamic characteristics of the asteroid, including its spin state and orbital interactions with companion bodies.</p>
</list-item>
</list>
</sec>
<sec id="sec-13">
<label>2.5</label>
<title>Python Tools and Libraries</title>
<p>The development and implementation of PhAst heavily relied on various Python tools and libraries:</p>
<list list-type="bullet">
<list-item>
<p><bold>Python:</bold> The primary programming language used for developing PhAst.</p>
</list-item><list-item>
<p><bold>NumPy:</bold> Used for numerical computations and handling large datasets efficiently.</p>
</list-item><list-item>
<p><bold>Matplotlib:</bold> Utilized for plotting phase curves and light curves, visualizing the data, and generating graphs for analysis.</p>
</list-item><list-item>
<p><bold>AstroPy:</bold> Employed for astronomical calculations and handling astronomical data, such as coordinate transformations and time conversions.</p>
</list-item>
</list>
</sec>
</sec>
<sec id="sec-14">
<label>3</label>
<title>Case Study: Didymos Binary Asteroid</title>
<sec id="sec-15">
<label>3.1</label>
<title>Initial Observations</title>
<p>The Didymos binary asteroid, targeted by NASA’s 2022 Double Asteroid Redirection Test (<abbrev alt="Double Asteroid Redirection Test">DART</abbrev>) mission, was selected for a detailed case study. Initial observations determined Didymos to be 840 meters wide, with a 0.14 albedo, an 18.14 absolute magnitude (a measure of its intrinsic brightness), a 2.26-hour rotation period, rubble-pile strength (indicating it is a loose collection of rocks held together by gravity), and an <abbrev alt="siliceous">S-type</abbrev> composition (indicating it is made of stony or siliceous minerals). These properties were derived by applying the PhAst algorithm to a combination of dense and sparse photometric data.</p>
</sec>
<sec id="sec-16">
<label>3.2</label>
<title>Impact Analysis</title>
<p>PhAst successfully measured a 35-minute decrease in the mutual orbital period following the <abbrev alt="Double Asteroid Redirection Test">DART</abbrev> mission’s impact. External sources validated these findings, demonstrating the algorithm’s accuracy and reliability. The change in the mutual orbital period provided critical data on the effectiveness of the <abbrev alt="Double Asteroid Redirection Test">DART</abbrev> mission in altering the asteroid’s trajectory, a key goal of planetary defense strategies.</p>
</sec>
</sec>
<sec id="sec-17">
<label>4</label>
<title>Results</title>
<p>PhAst was used to generate phase curves for over 2100 asteroids in 100 hours on a home computer, including data-retrieval time. The physical properties of various target asteroids of space missions and understudied asteroids were determined, including targets of the NASA LUCY Mission, UAE Mission, binary asteroids, and understudied asteroids <xref ref-type="fig" rid="figure-2">Figure 2</xref>. The rapid analysis capability highlights PhAst’s potential for large-scale asteroid characterization, enabling detailed studies of large populations of asteroids in a relatively short time.</p>
<fig id="figure-2">
<label>Figure 2:</label>
<caption>
<p>Physical Properties of Target Asteroids of Space Missions and Understudied Asteroids Determined</p>
</caption>
<graphic mimetype="image" mime-subtype="png" xlink:href="files/figure3-b62e8faad065d16efb2e7a6573318218.png"/>
</fig>
<sec id="sec-18">
<label>4.1</label>
<title>Determining Physical Properties of Target Asteroids of Space Missions and Understudied Asteroids</title>
<p>PhAst was used to generate phase curves and determine the physical properties of various target asteroids of space missions and understudied asteroids. The results include:</p>
<sec id="sec-19">
<label>4.1.1</label>
<title>NASA LUCY Mission Targets</title>
<p>The NASA LUCY mission aims to explore Trojan asteroids, which share Jupiter’s orbit around the Sun. Understanding these asteroids can provide insights into the early solar system since Trojans are considered remnants of the primordial material that formed the outer planets.</p>
<def-list><def-item><term>3548 Eurybates</term><def>
<p>Absolute Magnitude (H) = 9.75 ± 0.05</p>
</def><def>
<p>Slope Parameter (G) = 0.11</p>
</def><def>
<p>Albedo = 0.05</p>
</def><def>
<p>Relevance: Eurybates is the largest and presumably the most ancient member of the Eurybates family, offering a window into the conditions of the early solar system.</p>
</def></def-item><def-item><term>10253 Westerwald</term><def>
<p>Absolute Magnitude (H) = 15.33 ± 0.05</p>
</def><def>
<p>Slope Parameter (G) = 0.17</p>
</def><def>
<p>Albedo = 0.21</p>
</def><def>
<p>Relevance: Westerwald’s high albedo suggests it might be a fragment from a larger parent body, providing clues about collisional processes in the early solar system.</p>
</def></def-item></def-list>
</sec>
<sec id="sec-20">
<label>4.1.2</label>
<title>UAE Mission Targets</title>
<p>The UAE space mission to explore asteroids aims to study their composition, structure, and history, contributing to our understanding of asteroid formation and the evolution of the solar system.</p>
<def-list><def-item><term>269 Justitia</term><def>
<p>Absolute Magnitude (H) = 9.93 ± 0.09</p>
</def><def>
<p>Slope Parameter (G) = 0.11</p>
</def><def>
<p>Albedo = 0.09</p>
</def><def>
<p>Relevance: Justitia’s relatively low albedo indicates a carbonaceous composition, which can help researchers understand the distribution of organic materials in the solar system.</p>
</def></def-item><def-item><term>15094 Polymele</term><def>
<p>Absolute Magnitude (H) = 11.69 ± 0.07</p>
</def><def>
<p>Slope Parameter (G) = 0.18</p>
</def><def>
<p>Albedo = 0.05</p>
</def><def>
<p>Relevance: Polymele’s properties suggest it is a primitive body, providing valuable information about the early solar system’s building blocks.</p>
</def></def-item></def-list>
</sec>
<sec id="sec-21">
<label>4.1.3</label>
<title>Binary Asteroids</title>
<p>Understanding binary asteroids, where two asteroids orbit each other, can offer insights into the formation and evolutionary history of these systems. The mutual orbital period and other physical properties provide data on their dynamics and interactions.</p>
<def-list><def-item><term>3378 Susanvictoria</term><def>
<p>Absolute Magnitude (H) = 13.83 ± 0.05</p>
</def><def>
<p>Slope Parameter (G) = 0.27</p>
</def><def>
<p>Albedo = 0.19</p>
</def><def>
<p>Relevance: Studying binary systems like Susanvictoria helps in understanding the processes that lead to the formation of binary asteroids and their subsequent evolution.</p>
</def></def-item><def-item><term>2825 Crosby</term><def>
<p>Absolute Magnitude (H) = 13.33 ± 0.06</p>
</def><def>
<p>Slope Parameter (G) = 0.11</p>
</def><def>
<p>Albedo = 0.07</p>
</def><def>
<p>Relevance: Crosby’s characteristics can provide insights into the collisional history and mechanical properties of binary asteroid systems. The physical properties of the binary asteroids were submitted to the binary asteroid working group.</p>
</def></def-item></def-list>
</sec>
<sec id="sec-22">
<label>4.1.4</label>
<title>Understudied Asteroids</title>
<p>Characterizing understudied asteroids expands our knowledge of the diversity and distribution of asteroid properties in the solar system.</p>
<def-list><def-item><term>2006 MG13</term><def>
<p>Absolute Magnitude (H) = 15.94 ± 0.08</p>
</def><def>
<p>Slope Parameter (G) = 0.21</p>
</def><def>
<p>Albedo = 0.19</p>
</def><def>
<p>Relevance: Detailed study of asteroids like 2006 MG13 helps fill gaps in our understanding of the physical and compositional diversity of asteroids.</p>
</def></def-item><def-item><term>2007 AD11</term><def>
<p>Absolute Magnitude (H) = 15.76 ± 0.11</p>
</def><def>
<p>Slope Parameter (G) = 0.13</p>
</def><def>
<p>Albedo = 0.13</p>
</def><def>
<p>Relevance: Investigating such understudied bodies contributes to a more complete picture of asteroid population characteristics and their evolutionary paths.</p>
</def></def-item></def-list>
</sec>
</sec>
</sec>
<sec id="sec-23">
<label>5</label>
<title>Discussions</title>
<sec id="sec-24">
<label>5.1</label>
<title>Determining the Success of Asteroid Deflection</title>
<p>The success of the <abbrev alt="Double Asteroid Redirection Test">DART</abbrev> mission was evaluated by analyzing the change in the orbital path of Dimorphos, the moonlet of Didymos, after deflection. Applying Kepler’s Third Law, the pre-impact orbital period of 11.91 hours and post-impact orbital period of 11.34 hours were used to calculate an orbital radius change of 0.04 km. This change confirms the effectiveness of the <abbrev alt="Double Asteroid Redirection Test">DART</abbrev> mission in altering the asteroid’s trajectory, a crucial component of planetary defense.</p>
</sec>
<sec id="sec-25">
<label>5.2</label>
<title>Determining Asteroid Strength</title>
<p>Asteroid strength can be inferred from the rotation period. This inference is based on the fact that an asteroid’s structural integrity must be sufficient to withstand the centrifugal forces generated by its rotation. If the rotation period is less than 2.2 hours, the asteroid must be a strength-bound single rock; otherwise, it would fly apart due to centrifugal forces exceeding the gravitational binding forces. This criterion is supported by studies such as those by <xref ref-type="bibr" rid="ref-10">Pravec &amp; Harris (2000)</xref>, who observed that most asteroids with rotation periods shorter than 2.2 hours are smaller than 150 meters and are likely monolithic. For larger asteroids, the rubble-pile structure is held together by self-gravity rather than cohesive forces, making them prone to disaggregation at faster rotation rates. This information is vital for assessing the structural integrity of asteroids and planning deflection missions.</p>
</sec>
<sec id="sec-26">
<label>5.3</label>
<title>Determining Asteroid Taxonomy</title>
<p>Asteroid taxonomy (chemical composition) can be determined from geometric albedo. <abbrev alt="carbonaceous">C-type</abbrev> asteroids have lower albedo, <abbrev alt="siliceous">S-type</abbrev> and <abbrev alt="metallic">M-type</abbrev> asteroids have moderate albedo, and rare E-type asteroids have the highest albedo. (<abbrev alt="siliceous">S-type</abbrev> asteroids are made of stony or siliceous minerals, while <abbrev alt="carbonaceous">C-type</abbrev> and <abbrev alt="metallic">M-type</abbrev> refer to carbonaceous and metallic compositions, respectively.) The taxonomic distribution provides insights into the conditions of the early solar system based on the spatial distribution of asteroid types. Understanding these compositions helps in determining the origins and evolutionary history of these asteroids.</p>
</sec>
<sec id="sec-27">
<label>5.4</label>
<title>Early Solar System Conditions</title>
<p>The taxonomical distributions of carbonaceous, siliceous, and metallic asteroids in the main belt were compiled. Over 58% of the asteroids characterized by PhAst are carbonaceous, showing they are the most abundant type in our Solar System. Their abundance increases with distance from the Sun, reaching nearly 75% in the outer region of the main belt compared to over 45% in the inner region <xref ref-type="fig" rid="figure-3">Figure 3</xref>. This finding is consistent with previous research in the field, such as studies by <xref ref-type="bibr" rid="ref-11">DeMeo &amp; Carry (2014)</xref>, which indicate that carbonaceous asteroids are prevalent in the outer asteroid belt.
Characterizing asteroid populations helps us better understand the diversity of compositions in the solar system by providing a detailed inventory of the different types of asteroids and their distribution. This information is crucial for several reasons:</p>
<list list-type="bullet">
<list-item>
<p><bold>Formation Conditions:</bold> Different types of asteroids formed under varying conditions in the early solar system. For example, carbonaceous (<abbrev alt="carbonaceous">C-type</abbrev>) asteroids, which are rich in organic compounds, are more prevalent in the outer regions of the asteroid belt, suggesting formation in cooler, volatile-rich environments. In contrast, siliceous (<abbrev alt="siliceous">S-type</abbrev>) and metallic (<abbrev alt="metallic">M-type</abbrev>) asteroids are more common in the inner regions, indicating formation in hotter, more metal-rich conditions.</p>
</list-item><list-item>
<p><bold>Evolutionary Processes:</bold> By studying the physical and chemical properties of asteroids, we can infer the processes that have shaped their evolution. This includes understanding how collisions, thermal processes, and space weathering have affected their surfaces and internal structures.</p>
</list-item>
</list>
<fig id="figure-3">
<label>Figure 3:</label>
<caption>
<p>Spatial Distribution of Asteroid Types</p>
</caption>
<graphic mimetype="image" mime-subtype="png" xlink:href="files/figure4-8af05bd16abd3379146ae3ffa33f2d05.png"/>
</fig>
</sec>
<sec id="sec-28">
<label>5.5</label>
<title>Errors and Limitations</title>
<p>Photometry was performed on images with a Signal-to-Noise Ratio (<abbrev alt="Signal-to-Noise Ratio">SNR</abbrev>) &gt; 100, yielding a measurement uncertainty of 0.01. The average error in phase curve fitting was 0.10. Limited processing power restricted the preciseness of the best fit for rotation and mutual orbital periods to two significant digits. These limitations highlight the need for more powerful computational resources and more precise observational data to improve the accuracy of asteroid characterization.</p>
</sec>
</sec>
<sec id="sec-29">
<label>6</label>
<title>Conclusions</title>
<p>PhAst represents a significant advancement in asteroid characterization, combining dense and sparse photometry to yield comprehensive insights into asteroid properties. The successful application of PhAst to the Didymos binary asteroid and over 2100 other asteroids demonstrates its potential for large-scale use. By engaging citizen scientists, we can accelerate asteroid analysis and enhance our planetary defense strategies.</p>
</sec>
<sec id="sec-30">
<label>7</label>
<title>Future Work</title>
<p>PhAst will serve as a powerful tool for accelerating the analysis of data produced by the Legacy Survey of Space and Time (<abbrev alt="Legacy Survey of Space and Time">LSST</abbrev>), set to begin in 2025. Over a decade, <abbrev alt="Legacy Survey of Space and Time">LSST</abbrev> aims to observe over 5 million asteroids across various filters, generating a nightly data volume of 20TB. The specific benefits and new opportunities that PhAst’s applications might bring include:</p>
<def-list><def-item><term>Enhanced Planetary Defense</term><def>
<p>By rapidly characterizing large populations of asteroids, including potentially hazardous asteroids (PHAs), PhAst can provide detailed analysis that are crucial for developing effective deflection strategies, thereby enhancing planetary defense capabilities.</p>
</def></def-item><def-item><term>Comprehensive Asteroid Mapping</term><def>
<p>The integration of dense and sparse photometry allows for the creation of more accurate and comprehensive maps of asteroid distributions and compositions in the solar system. This can provide valuable insights into the formation and evolution of the solar system, aiding both scientific research and educational initiatives.</p>
</def></def-item><def-item><term>Resource Identification and Utilization</term><def>
<p>PhAst’s ability to determine the physical and compositional properties of asteroids can aid in identifying asteroids rich in valuable minerals or water. This opens up new opportunities for asteroid mining and resource utilization, which could support long-term space exploration and the development of space infrastructure.</p>
</def></def-item><def-item><term>Support for Future Space Missions</term><def>
<p>PhAst can be used to provide detailed pre and post mission characterization of target asteroids for upcoming space missions including NASA’s OSIRIS-APEX which will fly-by near-Earth asteroid Apophis on April 23, 2029, JAXA’s Hayabusa2 SHARP to explore two asteroids, 2001 CC21 and 1998 KY26, and China’s first kinetic impact deflection test mission would target the near-Earth asteroid 2015 XF261 with a launch in 2027.</p>
</def></def-item><def-item><term>Exoplanetary Atmosphere Characterization</term><def>
<p>PhAst can be expanded to exoplanetary atmosphere characterization by adapting its methodology to analyze the light curves from transiting exoplanets in multiple filters. This expansion would allow researchers to study the atmospheres of distant planets, providing insights into their composition, climate, and potential habitability.</p>
</def></def-item><def-item><term>Citizen Science and Public Engagement</term><def>
<p>By making PhAst open-source and developing training modules for citizen scientists, the project promotes public engagement in scientific research. This democratization of science enables a wider community to contribute to and benefit from cutting-edge research, fostering a culture of curiosity and collaboration.</p>
</def></def-item></def-list>
</sec>
<sec id="sec-31">
<label>8</label>
<title>Project Impact</title>
<p>The PhAst algorithm has been made open-source, and training modules have been developed for citizen scientists. These modules, created using Jupyter Notebooks, are designed for use by high school students and citizen scientists to support their engagement in asteroid characterization and planetary defense. Training on using open data for asteroid categorization has been provided to over 1,500 students during “Space Day” and “Asteroid Day” events in collaboration with observatories and community organizations such as Royal Astronomical Society of Canada. See link to Github: <ext-link ext-link-type="uri" xlink:href="https://github.com/Spacegirl123/Asteroid-Characterization-By-PhAst">https://github.com/Spacegirl123/Asteroid-Characterization-By-PhAst</ext-link></p>
</sec>
<sec id="sec-32">
<label>9</label>
<title>Acknowledgments</title>
<p>The development and application of PhAst have been possible thanks to contributions from numerous observatories, citizen scientists, and research institutions. Special thanks to the teams behind GAIA, Zwicky Transient Facility (<abbrev alt="Zwicky Transient Facility">ZTF</abbrev>), <abbrev alt="Asteroid Terrestrial-impact Last Alert System">ATLAS</abbrev>, and other photometric surveys for providing the data that made this research possible. I also acknowledge the support of various citizen science communities and educational organizations for their collaboration and participation.</p>
</sec>
</body>
<back>
<ref-list>
<ref id="ref-3">
<element-citation publication-type="journal">
<article-title>Phase integral of asteroids</article-title>
<person-group person-group-type="author">
<name><surname>Shevchenko</surname><given-names>V. G.</given-names></name>
<name><surname>Tedesco</surname><given-names>E. F.</given-names></name>
<name><surname>Kovalchuk</surname><given-names>L. O.</given-names></name>
<name><surname>Fiacconi</surname><given-names>A. M.</given-names></name>
<name><surname>Zubarev</surname><given-names>V. A.</given-names></name>
</person-group><source>Astronomy &amp; Astrophysics</source><year iso-8601-date="2019">2019</year><pub-id pub-id-type="doi">10.1051/0004-6361/201935588</pub-id><volume>626</volume><fpage>A87</fpage></element-citation>
</ref>
<ref id="ref-8">
<element-citation publication-type="document">
<article-title>Asteroid Lightcurve Photometry Database</article-title>
<person-group person-group-type="author">
<name><surname>ALCDEF</surname></name>
</person-group></element-citation>
</ref>
<ref id="ref-10">
<element-citation publication-type="journal">
<article-title>Fast and Slow Rotation of Asteroids</article-title>
<person-group person-group-type="author">
<name><surname>Pravec</surname><given-names>P.</given-names></name>
<name><surname>Harris</surname><given-names>A. W.</given-names></name>
</person-group><source>Icarus</source><year iso-8601-date="2000">2000</year><pub-id pub-id-type="doi">10.1006/icar.2000.6482</pub-id><volume>148</volume><issue>1</issue><fpage>12</fpage><lpage>20</lpage></element-citation>
</ref>
<ref id="ref-11">
<element-citation publication-type="journal">
<article-title>Solar System evolution from compositional mapping of the asteroid belt</article-title>
<person-group person-group-type="author">
<name><surname>DeMeo</surname><given-names>F. E.</given-names></name>
<name><surname>Carry</surname><given-names>B.</given-names></name>
</person-group><source>Nature</source><year iso-8601-date="2014">2014</year><pub-id pub-id-type="doi">10.1038/nature12908</pub-id><volume>505</volume><issue>7485</issue><fpage>629</fpage><lpage>634</lpage></element-citation>
</ref>
</ref-list>
</back>
</article>
