<?xml version="1.0" encoding="UTF-8"?>
<!DOCTYPE article PUBLIC "-//NLM//DTD JATS (Z39.96) Journal Archiving and Interchange DTD with MathML3 v1.3 20210610//EN" "http://jats.nlm.nih.gov/publishing/1.3/JATS-archivearticle1-3-mathml3.dtd">
<article xmlns:mml="http://www.w3.org/1998/Math/MathML" xmlns:xlink="http://www.w3.org/1999/xlink" xmlns:xsi="http://www.w3.org/2001/XMLSchema-instance" xmlns:ali="http://www.niso.org/schemas/ali/1.0/" dtd-version="1.3" xml:lang="en" id="main">
<front>
<article-meta>
<article-id pub-id-type="doi">10.25080/HXCJ6205</article-id>
<title-group>
<article-title>Training a Supervised Cilia Segmentation Model from Self-Supervision</article-title>
</title-group>
<contrib-group>
<contrib contrib-type="author" corresp="yes">
<contrib-id contrib-id-type="orcid">https://orcid.org/0009-0000-2089-8362</contrib-id>
<name name-style="western"><surname>Vaezi</surname><given-names>Seyed Alireza</given-names></name>
<xref ref-type="aff" rid="aff-1"/>
<email>sv22900@uga.edu</email>
</contrib>
<contrib contrib-type="author">
<name name-style="western"><surname>Quinn</surname><given-names>Shannon</given-names></name>
<xref ref-type="aff" rid="aff-1"/>
<email>spq@uga.edu</email>
</contrib>
</contrib-group>
<aff id="aff-1">
<institution-wrap>
<institution>University of Georgia</institution>
<institution-id institution-id-type="ror">https://ror.org/00te3t702</institution-id>
</institution-wrap>
</aff>
<permissions>
<ali:free_to_read/>
<license xlink:href="https://creativecommons.org/licenses/by/4.0/">
<ali:license_ref>https://creativecommons.org/licenses/by/4.0/</ali:license_ref>
<license-p>This is an open access article distributed under the terms of the <ext-link ext-link-type="uri" xlink:href="http://creativecommons.org/licenses/by/4.0/">Creative Commons Attribution License</ext-link>, which permits unrestricted use, distribution, and reproduction in any medium, provided the original author and source are credited.</license-p>
</license>
</permissions>
<abstract>
<p>Cilia are organelles found on the surface of some cells in the human body that sweep rhythmically to transport substances. Dysfunctional cilia are indicative of diseases that can disrupt organs such as the lungs and kidneys. Understanding cilia behavior is essential in diagnosing and treating such diseases. But, the tasks of automatically analyzing cilia are often a labor and time-intensive since there is a lack of automated segmentation. In this work we overcome this bottleneck by developing a robust, self-supervised framework exploiting the visual similarity of normal and dysfunctional cilia. This framework generates pseudolabels from optical flow motion vectors, which serve as training data for a semi-supervised neural network. Our approach eliminates the need for manual annotations, enabling accurate and efficient segmentation of both motile and immotile cilia.</p>
</abstract>
<kwd-group>
<kwd>Cilia</kwd>
<kwd>Unsupervised biomedical Image Segmentation</kwd>
<kwd>Optical Flow</kwd>
<kwd>Autoregressive</kwd>
<kwd>Deep Learning</kwd>
</kwd-group>
</article-meta>
</front>
<body>
<sec id="sec-1">
<label>1</label>
<title>Introduction</title>
<p>Cilia are hair-like membranes that extend out from the surface of the cells and are present on a variety of cell types such as lungs and brain ventricles and can be found in the majority of vertebrate cells. Categorized into motile and primary, motile cilia can help the cell to propel, move the flow of fluid, or fulfill sensory functions, while primary cilia act as signal receivers, translating extracellular signals into cellular responses (<xref ref-type="bibr" rid="ref-32">Hoyer-Fender, 2013</xref>). Ciliopathies is the term commonly used to describe diseases caused by ciliary dysfunction. These disorders can result in serious issues such as blindness, neurodevelopmental defects, or obesity (<xref ref-type="bibr" rid="ref-1">Hansen <italic>et al.</italic>, 2021</xref>). Motile cilia beat in a coordinated manner with a specific frequency and pattern (<xref ref-type="bibr" rid="ref-2">Lee <italic>et al.</italic>, 2011</xref>). Stationary, dyskinetic, or slow ciliary beating indicates ciliary defects. Ciliary beating is a fundamental biological process that is essential for the proper functioning of various organs, which makes understanding the ciliary phenotypes a crucial step towards understanding ciliopathies and the conditions stemming from it (<xref ref-type="bibr" rid="ref-8">Zain <italic>et al.</italic>, 2022</xref>).</p>
<p>Identifying and categorizing the motion of cilia is an essential step towards understanding ciliopathies. However, this is generally an expert-intensive process. Studies have proposed methods that automate the ciliary motion assessment (<xref ref-type="bibr" rid="ref-9">Zain <italic>et al.</italic>, 2020</xref>). These methods rely on large amounts of labeled data that are annotated manually which is a costly, time-consuming, and error-prone task. Consequently, a significant bottleneck to automating cilia analysis is a lack of automated segmentation. Segmentation has remained a bottleneck of the pipeline due to the poor performance of even state-of-the-art models on some datasets. These datasets tend to exhibit significant spatial artifacts (light diffraction, out-of-focus cells, etc.) which confuse traditional image segmentation models (<xref ref-type="bibr" rid="ref-33">Lu <italic>et al.</italic>, 2018</xref>).</p>
<p>Video segmentation techniques tend to be more robust to such noise, but still struggle due to the wild inconsistencies in cilia behavior: while healthy cilia have regular and predictable movements, unhealthy cilia display a wide range of motion, including a lack of motion altogether (<xref ref-type="bibr" rid="ref-34">Kempeneers &amp; Chilvers, 2018</xref>). This lack of motion especially confounds movement-based methods which otherwise have no way of discerning the cilia from other non-cilia parts of the video. Both image and video segmentation techniques tend to require expert-labeled ground truth segmentation masks. Image segmentation requires the masks in order to effectively train neural segmentation models to recognize cilia, rather than other spurious textures. Video segmentation, by contrast, requires these masks in order to properly recognize both healthy and diseased cilia as a single cilia category, especially when the cilia show no movement.</p>
<p>To address this challenge, we propose a two-stage image segmentation model designed to obviate the need for expert-drawn masks. We first build a corpus of segmentation masks based on optical flow (<abbrev alt="optical flow">OF</abbrev>) thresholding over a subset of healthy training data with guaranteed motility. We then train a semi-supervised neural segmentation model to identify both motile and immotile data as a single segmentation category, using the flow-generated masks as “pseudolabels”. These pseudolabels operate as “ground truth” for the model while acknowledging the intrinsic uncertainty of the labels. The fact that motile and immotile cilia tend to be visually similar in snapshot allows us to generalize the domain of the model from motile cilia to all cilia. Combining these stages results in a semi-supervised framework that does not rely on any expert-drawn ground-truth segmentation masks, paving the way for full automation of a general cilia analysis pipeline.</p>
<p>The rest of this article is structured as follows: The <xref ref-type="sec" rid="sec-2">Background section</xref> enumerates the studies relevant to our methodology, followed by a detailed description of our approach in the <xref ref-type="sec" rid="sec-3">Methodology section</xref>. Finally, the <xref ref-type="sec" rid="sec-7">next section</xref> delineates our experiment and provides a discussion of the results obtained.</p>
</sec>
<sec id="sec-2">
<label>2</label>
<title>Background</title>
<p>Dysfunction in ciliary motion indicates diseases known as ciliopathies, which can disrupt the functionality of critical organs like the lungs and kidneys. Understanding ciliary motion is crucial for diagnosing and understanding these conditions. The development of diagnosis and treatment requires the measurement of different cell properties including size, shape, and motility (<xref ref-type="bibr" rid="ref-7">Vaezi <italic>et al.</italic>, 2022</xref>).</p>
<p>Accurate analysis of ciliary motion is essential but challenging due to the limitations of manual analysis, which is labor-intensive, subjective, and prone to error. (<xref ref-type="bibr" rid="ref-9">Zain <italic>et al.</italic>, 2020</xref>) proposed a modular generative pipeline that automates ciliary motion analysis by segmenting, representing, and modeling the dynamic behavior of cilia, thereby reducing the need for expert intervention and improving diagnostic consistency. (<xref ref-type="bibr" rid="ref-10">Quinn <italic>et al.</italic>, 2015</xref>) developed a computational pipeline using dynamic texture analysis and machine learning to objectively and quantitatively assess ciliary motion, achieving over 90% classification accuracy in identifying abnormal ciliary motion associated with diseases like primary ciliary dyskinesia (<abbrev alt="primary ciliary dyskinesia">PCD</abbrev>). Additionally, (<xref ref-type="bibr" rid="ref-8">Zain <italic>et al.</italic>, 2022</xref>) explored advanced feature extraction techniques like Zero-phase PCA Sphering (<abbrev alt="Zero-phase PCA Sphering">ZCA</abbrev>) and Sparse Autoencoders (<abbrev alt="Sparse Autoencoders">SAE</abbrev>) to enhance cilia segmentation accuracy. These methods address challenges posed by noisy, partially occluded, and out-of-phase imagery, ultimately improving the overall performance of ciliary motion analysis pipelines. Collectively, these approaches aim to enhance diagnostic accuracy and efficiency, making ciliary motion analysis more accessible and reliable, thereby improving patient outcomes through early and accurate detection of ciliopathies. However, these studies rely on manually labeled data. The segmentation masks and ground-truth annotations, which are essential for training the models and validating their performance, are generated by expert reviewers. This dependence on manually labeled data is a significant limitation making automated cilia segmentation the bottleneck to automating cilia analysis.</p>
<p>In the biomedical field, where labeled data is often scarce and costly to obtain, several solutions have been proposed to augment and utilize available data effectively. These include semi-supervised learning (<xref ref-type="bibr" rid="ref-12">@YAKIMOVICH2021100383, Van Engelen &amp; Hoos, 2020</xref>), which utilizes both labeled and unlabeled data to enhance learning accuracy by leveraging the data’s underlying distribution. Active learning (<xref ref-type="bibr" rid="ref-13">Settles, 2009</xref>) focuses on selectively querying the most informative data points for expert labeling, optimizing the training process by using the most valuable examples. Data augmentation techniques (<xref ref-type="bibr" rid="ref-14">Chen <italic>et al.</italic>, 2020</xref>; <xref ref-type="bibr" rid="ref-15">Krois <italic>et al.</italic>, 2021</xref>; <xref ref-type="bibr" rid="ref-16">Yan <italic>et al.</italic>, 2020</xref>; <xref ref-type="bibr" rid="ref-17">Sandfort <italic>et al.</italic>, 2019</xref>; <xref ref-type="bibr" rid="ref-11">Yakimovich <italic>et al.</italic>, 2021</xref>; <xref ref-type="bibr" rid="ref-18">Van Dyk &amp; Meng, 2001</xref>; <xref ref-type="bibr" rid="ref-19">Krizhevsky <italic>et al.</italic>, 2012</xref>; <xref ref-type="bibr" rid="ref-20">Ronneberger <italic>et al.</italic>, 2015</xref>), such as image transformations and synthetic data generation through Generative Adversarial Networks (<xref ref-type="bibr" rid="ref-21">Goodfellow <italic>et al.</italic>, 2014</xref>; <xref ref-type="bibr" rid="ref-22">Yi <italic>et al.</italic>, 2019</xref>), increase the diversity and volume of training data, enhancing model robustness and reducing overfitting. Transfer learning (<xref ref-type="bibr" rid="ref-11">Yakimovich <italic>et al.</italic>, 2021</xref>; <xref ref-type="bibr" rid="ref-23">Sanford <italic>et al.</italic>, 2020</xref>; <xref ref-type="bibr" rid="ref-24">Raghu <italic>et al.</italic>, 2019</xref>; <xref ref-type="bibr" rid="ref-25">Hutchinson <italic>et al.</italic>, 2017</xref>) transfers knowledge from one task to another, minimizing the need for extensive labeled data in new tasks. Self-supervised learning (<xref ref-type="bibr" rid="ref-26">Kim <italic>et al.</italic>, 2019</xref>; <xref ref-type="bibr" rid="ref-27">Kolesnikov <italic>et al.</italic>, 2019</xref>; <xref ref-type="bibr" rid="ref-28">Mahendran <italic>et al.</italic>, 2019</xref>) creates its labels by defining a pretext task, like predicting the position of a randomly cropped image patch, aiding in the learning of useful data representations. Additionally, few-shot, one-shot, and zero-shot learning techniques (<xref ref-type="bibr" rid="ref-29">Li <italic>et al.</italic>, 2006</xref>; <xref ref-type="bibr" rid="ref-30">Miller <italic>et al.</italic>, 2000</xref>) are designed to operate with minimal or no labeled examples, relying on generalization capabilities or metadata for making predictions about unseen classes.</p>
<p>A promising approach to overcome the dependency on manually labeled data is the use of unsupervised methods to generate ground truth masks. Unsupervised methods do not require prior knowledge of the data (<xref ref-type="bibr" rid="ref-31">Khatibi <italic>et al.</italic>, 2021</xref>). Using domain-specific cues unsupervised learning techniques can automatically discover patterns and structures in the data without the need for labeled examples, potentially simplifying the process of generating accurate segmentation masks for cilia. Inspired by advances in unsupervised methods for image segmentation, in this work, we firstly compute the motion vectors using optical flow of the ciliary regions and then apply autoregressive modelling to capture their temporal dynamics. Autoregressive modelling is advantageous since the labels are features themselves. By analyzing the <abbrev alt="optical flow">OF</abbrev> vectors, we can identify the characteristic motion of cilia, which allows us to generate pseudolabels as ground truth segmentation masks. These pseudolabels are then used to train a robust semi-supervised neural network, enabling accurate and automated segmentation of both motile and immotile cilia.</p>
</sec>
<sec id="sec-3">
<label>3</label>
<title>Methodology</title>
<p>Dynamic textures, such as sea waves, smoke, and foliage, are sequences of images of moving scenes that exhibit certain stationarity properties in time (<xref ref-type="bibr" rid="ref-3">Doretto <italic>et al.</italic>, 2003</xref>). Similarly, ciliary motion can be considered as dynamic textures for their orderly rhythmic beating. Taking advantage of this temporal regularity in ciliary motion, <abbrev alt="optical flow">OF</abbrev> can be used to compute the flow vectors of each pixel of high-speed videos of cilia. In conjunction with <abbrev alt="optical flow">OF</abbrev>, autoregressive (<abbrev alt="autoregressive">AR</abbrev>) parameterization of the <abbrev alt="optical flow">OF</abbrev> property of the video yields a manifold that quantifies the characteristic motion in the cilia. The low dimension of this manifold contains the majority of variations within the data, which can then be used to segment the motile ciliary regions.</p>
<sec id="sec-4">
<label>3.1</label>
<title>Optical Flow Properties</title>
<p>Taking advantage of this temporal regularity in ciliary motion, we use <abbrev alt="optical flow">OF</abbrev> to capture the motion vectors of ciliary regions in high-speed videos. <abbrev alt="optical flow">OF</abbrev> provides the horizontal <inline-formula><alternatives><mml:math display="inline"><mml:mo stretchy="false">(</mml:mo><mml:mi>u</mml:mi><mml:mo stretchy="false">)</mml:mo></mml:math><tex-math><![CDATA[(u)]]></tex-math></alternatives></inline-formula> and vertical <inline-formula><alternatives><mml:math display="inline"><mml:mo stretchy="false">(</mml:mo><mml:mi>v</mml:mi><mml:mo stretchy="false">)</mml:mo></mml:math><tex-math><![CDATA[(v)]]></tex-math></alternatives></inline-formula> components of the motion for each pixel. From these motion vectors, several components can be derived such as the magnitude, direction, divergence, and importantly, the curl (rotation). The curl, in this context, represents the rotational motion of the cilia, which is indicative of their rhythmic beating patterns. We extract flow vectors of the video recording of cilia, under the assumption that pixel intensity remains constant throughout the video.</p>
<disp-formula id="eq-1">
<alternatives><mml:math display="block"><mml:mi>I</mml:mi><mml:mo stretchy="false">(</mml:mo><mml:mi>x</mml:mi><mml:mo separator="true">,</mml:mo><mml:mi>y</mml:mi><mml:mo separator="true">,</mml:mo><mml:mi>t</mml:mi><mml:mo stretchy="false">)</mml:mo><mml:mo>=</mml:mo><mml:mi>I</mml:mi><mml:mo stretchy="false">(</mml:mo><mml:mi>x</mml:mi><mml:mo>+</mml:mo><mml:mi>u</mml:mi><mml:mi>δ</mml:mi><mml:mi>t</mml:mi><mml:mo separator="true">,</mml:mo><mml:mi>y</mml:mi><mml:mo>+</mml:mo><mml:mi>v</mml:mi><mml:mi>δ</mml:mi><mml:mi>t</mml:mi><mml:mo separator="true">,</mml:mo><mml:mi>t</mml:mi><mml:mo>+</mml:mo><mml:mi>δ</mml:mi><mml:mi>t</mml:mi><mml:mo stretchy="false">)</mml:mo></mml:math><tex-math><![CDATA[I(x,y,t)=I(x+u\delta t,y+v\delta t,t+\delta t)]]></tex-math></alternatives>
<label>(1)</label>
</disp-formula>
<p>Where <inline-formula><alternatives><mml:math display="inline"><mml:mi>I</mml:mi><mml:mo stretchy="false">(</mml:mo><mml:mi>x</mml:mi><mml:mo separator="true">,</mml:mo><mml:mi>y</mml:mi><mml:mo separator="true">,</mml:mo><mml:mi>t</mml:mi><mml:mo stretchy="false">)</mml:mo></mml:math><tex-math><![CDATA[I(x,y,t)]]></tex-math></alternatives></inline-formula> is the pixel intensity at position <inline-formula><alternatives><mml:math display="inline"><mml:mo stretchy="false">(</mml:mo><mml:mi>x</mml:mi><mml:mo separator="true">,</mml:mo><mml:mi>y</mml:mi><mml:mo stretchy="false">)</mml:mo></mml:math><tex-math><![CDATA[(x,y)]]></tex-math></alternatives></inline-formula> a time <inline-formula><alternatives><mml:math display="inline"><mml:mi>t</mml:mi></mml:math><tex-math><![CDATA[t]]></tex-math></alternatives></inline-formula>. Here, <inline-formula><alternatives><mml:math display="inline"><mml:mo stretchy="false">(</mml:mo><mml:mi>u</mml:mi><mml:mi>δ</mml:mi><mml:mi>t</mml:mi><mml:mo separator="true">,</mml:mo><mml:mi>v</mml:mi><mml:mi>δ</mml:mi><mml:mi>t</mml:mi><mml:mo stretchy="false">)</mml:mo></mml:math><tex-math><![CDATA[(u\delta t, v\delta t)]]></tex-math></alternatives></inline-formula> are small changes in the next frame taken after <inline-formula><alternatives><mml:math display="inline"><mml:mi>δ</mml:mi><mml:mi>t</mml:mi></mml:math><tex-math><![CDATA[\delta t]]></tex-math></alternatives></inline-formula> time, and <inline-formula><alternatives><mml:math display="inline"><mml:mo stretchy="false">(</mml:mo><mml:mi>u</mml:mi><mml:mo separator="true">,</mml:mo><mml:mi>v</mml:mi><mml:mo stretchy="false">)</mml:mo></mml:math><tex-math><![CDATA[(u,v)]]></tex-math></alternatives></inline-formula>, respectively, are the <abbrev alt="optical flow">OF</abbrev> components that represent the displacement in pixel positions between consecutive frames in the horizontal and vertical directions at pixel location <inline-formula><alternatives><mml:math display="inline"><mml:mo stretchy="false">(</mml:mo><mml:mi>x</mml:mi><mml:mo separator="true">,</mml:mo><mml:mi>y</mml:mi><mml:mo stretchy="false">)</mml:mo></mml:math><tex-math><![CDATA[(x, y)]]></tex-math></alternatives></inline-formula>.</p>
<fig id="figure-1">
<label>Figure 1:</label>
<caption>
<p>A sample of three videos in our cilia dataset with their manually annotated ground truth masks.</p>
</caption>
<graphic mimetype="image" mime-subtype="png" xlink:href="files/sample_vids_with_gt_-f54e27bde88f081c982916a4f2c78f19.png"/>
</fig>
<fig id="figure-2">
<label>Figure 2:</label>
<caption>
<p>Representation of rotation (curl) component of <abbrev alt="optical flow">OF</abbrev> at a random time</p>
</caption>
<graphic mimetype="image" mime-subtype="png" xlink:href="files/sample_OF-053e95a14aad52a2aa113fe165a1325e.png"/>
</fig>
</sec>
<sec id="sec-5">
<label>3.2</label>
<title>Autoregressive Modeling</title>
<p><xref ref-type="fig" rid="figure-2">Figure 2</xref> shows a sample of the <abbrev alt="optical flow">OF</abbrev> component at a random time. From <abbrev alt="optical flow">OF</abbrev> vectors, elemental components such as rotation are derived, which highlights the ciliary motion by capturing twisting and turning movements. To model the temporal evolution of these motion vectors, we employ an autoregressive (<abbrev alt="autoregressive">AR</abbrev>) model (<xref ref-type="bibr" rid="ref-4">Hyndman <italic>et al.</italic>, 2007</xref>). This model captures the dynamics of the flow vectors over time, allowing us to understand how the motion evolves frame by frame. The <abbrev alt="autoregressive">AR</abbrev> model helps in decomposing the motion into a low-dimensional subspace, which simplifies the complex ciliary motion into more manageable analyses.</p>
<disp-formula id="eq-2">
<alternatives><mml:math display="block"><mml:msub><mml:mi>y</mml:mi><mml:mi>t</mml:mi></mml:msub><mml:mo>=</mml:mo><mml:mi>C</mml:mi><mml:mover accent="true"><mml:msub><mml:mi>x</mml:mi><mml:mi>t</mml:mi></mml:msub><mml:mo>⃗</mml:mo></mml:mover><mml:mo>+</mml:mo><mml:mover accent="true"><mml:mi>u</mml:mi><mml:mo>⃗</mml:mo></mml:mover></mml:math><tex-math><![CDATA[y_t =C\vec{x_t} + \vec{u}]]></tex-math></alternatives>
<label>(2)</label>
</disp-formula>
<disp-formula id="eq-3">
<alternatives><mml:math display="block"><mml:msub><mml:mover accent="true"><mml:mi>x</mml:mi><mml:mo>⃗</mml:mo></mml:mover><mml:mi>t</mml:mi></mml:msub><mml:mo>=</mml:mo><mml:msub><mml:mi>A</mml:mi><mml:mn>1</mml:mn></mml:msub><mml:msub><mml:mover accent="true"><mml:mi>x</mml:mi><mml:mo>⃗</mml:mo></mml:mover><mml:mrow><mml:mi>t</mml:mi><mml:mo>−</mml:mo><mml:mn>1</mml:mn></mml:mrow></mml:msub><mml:mo>+</mml:mo><mml:msub><mml:mi>A</mml:mi><mml:mn>2</mml:mn></mml:msub><mml:msub><mml:mover accent="true"><mml:mi>x</mml:mi><mml:mo>⃗</mml:mo></mml:mover><mml:mrow><mml:mi>t</mml:mi><mml:mo>−</mml:mo><mml:mn>2</mml:mn></mml:mrow></mml:msub><mml:mo>+</mml:mo><mml:mi mathvariant="normal">.</mml:mi><mml:mi mathvariant="normal">.</mml:mi><mml:mi mathvariant="normal">.</mml:mi><mml:mo>+</mml:mo><mml:msub><mml:mi>A</mml:mi><mml:mi>d</mml:mi></mml:msub><mml:msub><mml:mover accent="true"><mml:mi>x</mml:mi><mml:mo>⃗</mml:mo></mml:mover><mml:mrow><mml:mi>t</mml:mi><mml:mo>−</mml:mo><mml:mi>d</mml:mi></mml:mrow></mml:msub><mml:mo>+</mml:mo><mml:mover accent="true"><mml:msub><mml:mi>v</mml:mi><mml:mi>t</mml:mi></mml:msub><mml:mo>⃗</mml:mo></mml:mover></mml:math><tex-math><![CDATA[\vec{x}_t = A_1\vec{x}_{t-1} + A_2\vec{x}_{t-2} + ... + A_d\vec{x}_{t-d} + \vec{v_t}]]></tex-math></alternatives>
<label>(3)</label>
</disp-formula>
<p>In equation <xref ref-type="disp-formula" rid="eq-2">(2)</xref>, <inline-formula><alternatives><mml:math display="inline"><mml:msub><mml:mover accent="true"><mml:mi>y</mml:mi><mml:mo>⃗</mml:mo></mml:mover><mml:mi>t</mml:mi></mml:msub></mml:math><tex-math><![CDATA[\vec{y}_t]]></tex-math></alternatives></inline-formula> represents the appearance of cilia at time <inline-formula><alternatives><mml:math display="inline"><mml:mi>t</mml:mi></mml:math><tex-math><![CDATA[t]]></tex-math></alternatives></inline-formula> influenced by noise <inline-formula><alternatives><mml:math display="inline"><mml:mover accent="true"><mml:mi>u</mml:mi><mml:mo>⃗</mml:mo></mml:mover></mml:math><tex-math><![CDATA[\vec{u}]]></tex-math></alternatives></inline-formula>. Equation <xref ref-type="disp-formula" rid="eq-3">(3)</xref> represents the state <inline-formula><alternatives><mml:math display="inline"><mml:mover accent="true"><mml:mi>x</mml:mi><mml:mo>⃗</mml:mo></mml:mover></mml:math><tex-math><![CDATA[\vec{x}]]></tex-math></alternatives></inline-formula> of the ciliary motion in a low-dimensional subspace defined by an orthogonal basis <inline-formula><alternatives><mml:math display="inline"><mml:mi>C</mml:mi></mml:math><tex-math><![CDATA[C]]></tex-math></alternatives></inline-formula> at time <inline-formula><alternatives><mml:math display="inline"><mml:mi>t</mml:mi></mml:math><tex-math><![CDATA[t]]></tex-math></alternatives></inline-formula>, plus a noise term <inline-formula><alternatives><mml:math display="inline"><mml:msub><mml:mover accent="true"><mml:mi>v</mml:mi><mml:mo>⃗</mml:mo></mml:mover><mml:mi>t</mml:mi></mml:msub></mml:math><tex-math><![CDATA[\vec{v}_t]]></tex-math></alternatives></inline-formula>
and how the state changes from <inline-formula><alternatives><mml:math display="inline"><mml:mi>t</mml:mi></mml:math><tex-math><![CDATA[t]]></tex-math></alternatives></inline-formula> to <inline-formula><alternatives><mml:math display="inline"><mml:mi>t</mml:mi><mml:mo>+</mml:mo><mml:mn>1</mml:mn></mml:math><tex-math><![CDATA[t + 1]]></tex-math></alternatives></inline-formula>.</p>
<p>Equation <xref ref-type="disp-formula" rid="eq-3">(3)</xref> is a decomposition of each frame of a ciliary motion video <inline-formula><alternatives><mml:math display="inline"><mml:msub><mml:mover accent="true"><mml:mi>y</mml:mi><mml:mo>⃗</mml:mo></mml:mover><mml:mi>t</mml:mi></mml:msub></mml:math><tex-math><![CDATA[\vec{y}_t]]></tex-math></alternatives></inline-formula> into a low-dimensional state vector <inline-formula><alternatives><mml:math display="inline"><mml:msub><mml:mover accent="true"><mml:mi>x</mml:mi><mml:mo>⃗</mml:mo></mml:mover><mml:mi>t</mml:mi></mml:msub></mml:math><tex-math><![CDATA[\vec{x}_t]]></tex-math></alternatives></inline-formula>
using an orthogonal basis <inline-formula><alternatives><mml:math display="inline"><mml:mi>C</mml:mi></mml:math><tex-math><![CDATA[C]]></tex-math></alternatives></inline-formula>. This equation at position <inline-formula><alternatives><mml:math display="inline"><mml:msub><mml:mi>x</mml:mi><mml:mi>t</mml:mi></mml:msub></mml:math><tex-math><![CDATA[{x}_t]]></tex-math></alternatives></inline-formula> is a function of the sum of <inline-formula><alternatives><mml:math display="inline"><mml:mi>d</mml:mi></mml:math><tex-math><![CDATA[d]]></tex-math></alternatives></inline-formula> of its previous positions <inline-formula><alternatives><mml:math display="inline"><mml:msub><mml:mover accent="true"><mml:mi>x</mml:mi><mml:mo>⃗</mml:mo></mml:mover><mml:mrow><mml:mi>t</mml:mi><mml:mo>−</mml:mo><mml:mn>1</mml:mn></mml:mrow></mml:msub><mml:mo separator="true">,</mml:mo><mml:msub><mml:mover accent="true"><mml:mi>x</mml:mi><mml:mo>⃗</mml:mo></mml:mover><mml:mrow><mml:mi>t</mml:mi><mml:mo>−</mml:mo><mml:mn>2</mml:mn></mml:mrow></mml:msub><mml:mo separator="true">,</mml:mo><mml:msub><mml:mover accent="true"><mml:mi>x</mml:mi><mml:mo>⃗</mml:mo></mml:mover><mml:mrow><mml:mi>t</mml:mi><mml:mo>−</mml:mo><mml:mi>d</mml:mi></mml:mrow></mml:msub></mml:math><tex-math><![CDATA[\vec{x}_{t−1}, \vec{x}_{t−2}, \vec{x}_{t−d}]]></tex-math></alternatives></inline-formula>, each multiplied by its corresponding coefficients <inline-formula><alternatives><mml:math display="inline"><mml:mi>A</mml:mi><mml:mo>=</mml:mo><mml:mrow><mml:msub><mml:mi>A</mml:mi><mml:mn>1</mml:mn></mml:msub><mml:mo separator="true">,</mml:mo><mml:msub><mml:mi>A</mml:mi><mml:mn>2</mml:mn></mml:msub><mml:mo separator="true">,</mml:mo><mml:mi mathvariant="normal">.</mml:mi><mml:mi mathvariant="normal">.</mml:mi><mml:mi mathvariant="normal">.</mml:mi><mml:mo separator="true">,</mml:mo><mml:msub><mml:mi>A</mml:mi><mml:mi>d</mml:mi></mml:msub></mml:mrow></mml:math><tex-math><![CDATA[A = {A_1, A_2, ..., A_d}]]></tex-math></alternatives></inline-formula>. The noise terms <inline-formula><alternatives><mml:math display="inline"><mml:mover accent="true"><mml:mi>u</mml:mi><mml:mo>⃗</mml:mo></mml:mover></mml:math><tex-math><![CDATA[\vec{u}]]></tex-math></alternatives></inline-formula> and <inline-formula><alternatives><mml:math display="inline"><mml:mover accent="true"><mml:mi>v</mml:mi><mml:mo>⃗</mml:mo></mml:mover></mml:math><tex-math><![CDATA[\vec{v}]]></tex-math></alternatives></inline-formula> are used to represent the residual difference between the observed data and the solutions to the linear equations. The variance in the data is predominantly captured by a few dimensions of <inline-formula><alternatives><mml:math display="inline"><mml:mi>C</mml:mi></mml:math><tex-math><![CDATA[C]]></tex-math></alternatives></inline-formula>, simplifying the complex motion into manageable analyses.</p>
<p>Each order of the autoregressive model roughly aligns with different frequencies within the data, therefore, in our experiments, we chose <inline-formula><alternatives><mml:math display="inline"><mml:mi>d</mml:mi><mml:mo>=</mml:mo><mml:mn>5</mml:mn></mml:math><tex-math><![CDATA[d = 5]]></tex-math></alternatives></inline-formula> as the order of our autoregressive model. This choice allows us to capture a broader temporal context, providing a more comprehensive understanding of the system’s dynamics. We then created raw masks from this lower-dimensional subspace, and further enhanced them with adaptive thresholding to remove the remaining noise.</p>
<fig id="figure-3">
<label>Figure 3:</label>
<caption>
<p>The pixel representation of the 5-order <abbrev alt="autoregressive">AR</abbrev> model of the <abbrev alt="optical flow">OF</abbrev> component of a sample video. The <inline-formula><alternatives><mml:math display="inline"><mml:mi>x</mml:mi></mml:math><tex-math><![CDATA[x]]></tex-math></alternatives></inline-formula> and <inline-formula><alternatives><mml:math display="inline"><mml:mi>y</mml:mi></mml:math><tex-math><![CDATA[y]]></tex-math></alternatives></inline-formula> axes correspond to the width and height of the video.</p>
</caption>
<graphic mimetype="image" mime-subtype="png" xlink:href="files/AR matrices-9e25c091a517e5ac705585aca0fd8ddc.png"/>
</fig>
<p>In <xref ref-type="fig" rid="figure-3">Figure 3</xref>, the first-order <abbrev alt="autoregressive">AR</abbrev> parameter is showing the most variance in the video, which corresponds to the frequency of motion that cilia exhibit. The remaining orders have correspondence with other different frequencies in the data caused by, for instance, camera shaking. Evidently, simply thresholding the first-order <abbrev alt="autoregressive">AR</abbrev> parameter is adequate to produce an accurate mask, however, in order to get a more refined result we subtracted the second order from the first one, followed by a Min-Max normalization of pixel intensities and scaling to an 8-bit unsigned integer range. We used adaptive thresholding to extract the mask on all videos of our dataset. The generated masks exhibited under-segmentation in the ciliary region, and sparse over-segmentation in other regions of the image. To overcome this, we adapted a Gaussian blur filter followed by an Otsu thresholding to restore the under-segmentation and remove the sparse over-segmentation. <xref ref-type="fig" rid="figure-4">Figure 4</xref> illustrates the steps of the process.</p>
<fig id="figure-4">
<label>Figure 4:</label>
<caption>
<p>The process of computing the masks. a) Subtracting the second-order <abbrev alt="autoregressive">AR</abbrev> parameter from the first-order, followed by b) Adaptive thresholding, which suffers from under/over-segmentation. c) A Gaussian blur filter, followed by d) An Otsu thresholding eliminates the under/over-segmentation.</p>
</caption>
<graphic mimetype="image" mime-subtype="png" xlink:href="files/thresholding-ad9dd8b76bc3b305781848720c6c4f6b.png"/>
</fig>
</sec>
<sec id="sec-6">
<label>3.3</label>
<title>Training the model</title>
<p>Our dataset includes 512 videos, with 437 videos of dyskinetic cilia and 75 videos of healthy motile cilia, referred to as the control group. The control group is split into %85 and %15 for training and validation respectively. 108 videos in the dyskinetic group are manually annotated which are used in the testing step. <xref ref-type="fig" rid="figure-1">Figure 1</xref> shows annotated samples of our dataset.</p>
<p>In our study, we employed a Feature Pyramid Network (<abbrev alt="Feature Pyramid Network">FPN</abbrev>) (<xref ref-type="bibr" rid="ref-6">Kirillov <italic>et al.</italic>, 2017</xref>) architecture with a ResNet-34 encoder. The model was configured to handle grayscale images with a single input channel and produce binary segmentation masks. For the training input, one mask is generated per video using our methodology, and we use all of the frames from each video in the control group making a total of 33,964 input images. We utilized Binary Cross-Entropy Loss for training and the Adam optimizer with a learning rate of 10<sup>-3</sup>. To evaluate the model’s performance, we calculated the Dice score during training and validation. Data augmentation techniques, including resizing, random cropping, and rotation, were applied to enhance the model’s generalization capability. The implementation was done using a library (<xref ref-type="bibr" rid="ref-5">Iakubovskii, 2019</xref>) based on PyTorch Lightning to facilitate efficient training and evaluation. <xref ref-type="table" rid="table-1">Table 1</xref> contains a summary of the model parameters and specifications.</p>
<p>The next section discusses the results of the experiment and the performance of the model in detail.</p>
<table-wrap id="table-1">
<label>Table 1:</label>
<caption>
<p>Summary of model architecture, training setup, and dataset distribution</p>
</caption>
<table>
<thead>
<tr><th><bold>Aspect</bold></th><th><bold>Details</bold></th></tr>
</thead>
<tbody>
<tr><td><bold>Architecture</bold></td><td><abbrev alt="Feature Pyramid Network">FPN</abbrev> with ResNet-34 encoder</td></tr>
<tr><td><bold>Input</bold></td><td>Grayscale images with a single input channel</td></tr>
<tr><td><bold>Batch Size</bold></td><td>2</td></tr>
<tr><td><bold>Training Samples</bold></td><td>28,869</td></tr>
<tr><td><bold>Validation Samples</bold></td><td>5,095</td></tr>
<tr><td><bold>Test Samples</bold></td><td>108</td></tr>
<tr><td><bold>Loss Function</bold></td><td>Binary Cross-Entropy Loss</td></tr>
<tr><td><bold>Optimizer</bold></td><td>Adam optimizer with a learning rate of 10<sup>-3</sup></td></tr>
<tr><td><bold>Evaluation Metric</bold></td><td>Dice score during training, validation, and testing</td></tr>
<tr><td><bold>Data Augmentation Techniques</bold></td><td>Resizing, random cropping, and rotation</td></tr>
<tr><td><bold>Implementation</bold></td><td>Using a Python library with Neural Networks for Image Segmentation based on PyTorch (<xref ref-type="bibr" rid="ref-5">Iakubovskii, 2019</xref>)</td></tr>
</tbody>
</table>
</table-wrap>
</sec>
</sec>
<sec id="sec-7">
<label>4</label>
<title>Results and Discussion</title>
<p>The model’s performance metrics, including IoU, Dice score, sensitivity, and specificity, are summarized in <xref ref-type="table" rid="table-2">Table 2</xref>. The validation phase achieved an IoU of 0.398 and a Dice score of 0.569, which indicates a moderate overlap between the predicted and ground truth masks. The high sensitivity (0.997) observed during validation suggests that the model is proficient in identifying ciliary regions, albeit with a specificity of 0.882, indicating some degree of false positives. In the testing phase, the IoU and Dice scores decreased to 0.132 and 0.233, respectively, reflecting the challenges posed by the dyskinetic cilia data, which were not included in the training or validation sets. Despite this, the model maintained a sensitivity of 0.479 and specificity of 0.806.</p>
<fig id="figure-5">
<label>Figure 5:</label>
<caption>
<p>The model predictions on 5 dyskinetic cilia samples. The first column shows a frame of the video, the second column shows the manually labeled ground truth, the third column is the model’s prediction, and the last column is a thresholded version of the prediction.</p>
</caption>
<graphic mimetype="image" mime-subtype="png" xlink:href="files/out_sample-4b99b2c10fe7f67bd56e4b9da034ec2e.png"/>
</fig>
<p><xref ref-type="fig" rid="figure-5">Figure 5</xref> provides visual examples of the model’s predictions on dyskinetic cilia samples, alongside the manually labeled ground truth and thresholded predictions. The dyskinetic samples were not used in the training or validation phases. These predictions were generated after only 15 epochs of training with a small training data. The visual comparison reveals that, while the model captures the general structure of ciliary regions, there are instances of under-segmentation and over-segmentation, which are more pronounced in the dyskinetic samples. This observation is consistent with the quantitative metrics, suggesting that further refinement of the pseudolabel generation process or model architecture could enhance segmentation accuracy.</p>
<table-wrap id="table-2">
<label>Table 2:</label>
<caption>
<p>The performance of the model in validation and testing phases after 15 epochs of training.</p>
</caption>
<table>
<thead>
<tr><th>Phases</th><th>Metrics</th><th/><th/><th/></tr>
</thead>
<tbody>
<tr><td/><td>IoU over dataset</td><td>Dice Score</td><td>Sensitivity</td><td>Specificity</td></tr>
<tr><td>Validation</td><td>0.398</td><td>0.569</td><td>0.997</td><td>0.882</td></tr>
<tr><td>Testing</td><td>0.132</td><td>0.233</td><td>0.479</td><td>0.806</td></tr>
</tbody>
</table>
</table-wrap>
<sec id="sec-8">
<label>4.1</label>
<title>Training the model using control and dyskinetic data</title>
<p>Since dyskinetic videos contain cilia that show some degree of movement we generated pseudo-labels for 283 dyskinetic videos and used them along with the 76 control videos from the previous experiment in another experiment. Training the model again for 15 epochs over healthy and dyskinetic videos exhibited a loss of performance in the validation phase, however, in the testing phase all of the metrics improved except for the specificity. Since in this experiment the model was trained on an additional subset of the dyskinetic videos, improved performance in detecting and masking dyskinetic ciliary regions is expected. The results are depicted in <xref ref-type="table" rid="table-3">Table 3</xref>.</p>
<table-wrap id="table-3">
<label>Table 3:</label>
<caption>
<p>The performance of the model after retraining with an addition of 283 videos of dyskinetic cilia to the training dataset.</p>
</caption>
<table>
<thead>
<tr><th>Phases</th><th>Metrics</th><th/><th/><th/></tr>
</thead>
<tbody>
<tr><td/><td>IoU over dataset</td><td>Dice Score</td><td>Sensitivity</td><td>Specificity</td></tr>
<tr><td>Validation</td><td>0.202</td><td>0.337</td><td>0.999</td><td>0.765</td></tr>
<tr><td>Testing</td><td>0.139</td><td>0.245</td><td>0.732</td><td>0.696</td></tr>
</tbody>
</table>
</table-wrap>
<p>After using the model to infer more samples we detected a pattern for how the model performs in regions with specific visual properties. We observed that the model can more successfully and more accurately detect ciliary regions in images where they appear sharp and in focus, and do not overlap other cellular structures. On the other hand, as shown in all samples in <xref ref-type="fig" rid="figure-5">Figure 5</xref>, the most number of false negatives occur where the ciliary regions are in close proximity to other cellular structures or overlapping them. Furthermore, the most false positives occur along sharp cellular borders. Cell borders are most where cilia can be found the most in the videos, and the model may have learnt to look for or prioritize sharp cell borders and boundaries as ciliary regions. More investigation is required to further examine whether the model’s attention mechanism or feature extraction layers are overly biased towards sharp edges and boundaries, potentially leading to incorrect predictions. This investigation could involve analyzing the model’s learned features, adjusting training strategies, or incorporating additional data augmentation techniques to improve its performance in complex regions.</p>
<p>The results show the potential of our approach to reduce the reliance on manually labeled data for cilia segmentation. The use of this unsupervised learning framework allows the model to generalize from the motile cilia domain to the more variable dyskinetic cilia, although with some limitations in accuracy. Future work could focus on expanding the dataset and improving the process of generating pseudolabels to enhance the model’s accuracy.</p>
</sec>
</sec>
<sec id="sec-9">
<label>5</label>
<title>Conclusions</title>
<p>In this paper, we introduced a self-supervised framework for cilia segmentation that eliminates the need for expert-labeled ground truth segmentation masks. Our approach takes advantage of the inherent visual similarities between healthy and unhealthy cilia to generate pseudolabels from optical flow-based motion segmentation of motile cilia. These pseudolabels are then used as ground truth for training a semi-supervised neural network capable of identifying regions containing dyskinetic cilia. Our results indicate that the self-supervised framework is a promising step towards automated cilia analysis. The model’s ability to generalize from motile to dyskinetic cilia demonstrates its potential applicability in clinical settings. Although there are areas for improvement, such as enhancing segmentation accuracy and expanding the dataset, the framework sets the foundation for more efficient and reliable cilia analysis pipelines.</p>
</sec>
</body>
<back>
<ref-list>
<ref id="ref-32">
<element-citation publication-type="chapter">
<article-title>Primary and Motile Cilia: Their Ultrastructure and Ciliogenesis</article-title>
<person-group person-group-type="author">
<name><surname>Hoyer-Fender</surname><given-names>Sigrid</given-names></name>
</person-group><source>Cilia and Nervous System Development and Function</source><year iso-8601-date="2013">2013</year><pub-id pub-id-type="doi">10.1007/978-94-007-5808-7_1</pub-id><fpage>1</fpage><lpage>53</lpage></element-citation>
</ref>
<ref id="ref-1">
<element-citation publication-type="journal">
<article-title>CiliaQ: a simple, open-source software for automated quantification of ciliary morphology and fluorescence in 2D, 3D, and 4D images</article-title>
<person-group person-group-type="author">
<name><surname>Hansen</surname><given-names>Jan Niklas</given-names></name>
<name><surname>Rassmann</surname><given-names>Sebastian</given-names></name>
<name><surname>Stüven</surname><given-names>Birthe</given-names></name>
<name><surname>Jurisch-Yaksi</surname><given-names>Nathalie</given-names></name>
<name><surname>Wachten</surname><given-names>Dagmar</given-names></name>
</person-group><source>The European Physical Journal E</source><year iso-8601-date="2021">2021</year><pub-id pub-id-type="doi">https://doi.org/10.1140/epje/s10189-021-00031-y</pub-id><volume>44</volume><issue>2</issue><fpage>18</fpage></element-citation>
</ref>
<ref id="ref-2">
<element-citation publication-type="journal">
<article-title>Muco-ciliary transport: effect of mucus viscosity, cilia beat frequency and cilia density</article-title>
<person-group person-group-type="author">
<name><surname>Lee</surname><given-names>WL</given-names></name>
<name><surname>Jayathilake</surname><given-names>PG</given-names></name>
<name><surname>Tan</surname><given-names>Zhijun</given-names></name>
<name><surname>Le</surname><given-names>DV</given-names></name>
<name><surname>Lee</surname><given-names>HP</given-names></name>
<name><surname>Khoo</surname><given-names>BC</given-names></name>
</person-group><source>Computers &amp; Fluids</source><year iso-8601-date="2011">2011</year><pub-id pub-id-type="doi">https://doi.org/10.1016/j.compfluid.2011.05.016</pub-id><volume>49</volume><issue>1</issue><fpage>214</fpage><lpage>221</lpage></element-citation>
</ref>
<ref id="ref-8">
<element-citation publication-type="paper-conference">
<article-title>Low Level Feature Extraction for Cilia Segmentation</article-title>
<person-group person-group-type="author">
<name><surname>Zain</surname><given-names>Meekail</given-names></name>
<name><surname>Miller</surname><given-names>Eric</given-names></name>
<name><surname>Quinn</surname><given-names>Shannon</given-names></name>
<name><surname>Lo</surname><given-names>Cecilia</given-names></name>
</person-group><source>Proceedings of the Python in Science Conference</source><year iso-8601-date="2022">2022</year><pub-id pub-id-type="doi">https://doi.org/10.25080/majora-212e5952-026</pub-id></element-citation>
</ref>
<ref id="ref-9">
<element-citation publication-type="paper-conference">
<article-title>Towards an unsupervised spatiotemporal representation of cilia video using a modular generative pipeline</article-title>
<person-group person-group-type="author">
<name><surname>Zain</surname><given-names>Meekail</given-names></name>
<name><surname>Rao</surname><given-names>Sonia</given-names></name>
<name><surname>Safir</surname><given-names>Nathan</given-names></name>
<name><surname>Wyner</surname><given-names>Quinn</given-names></name>
<name><surname>Humphrey</surname><given-names>Isabella</given-names></name>
<name><surname>Eldridge</surname><given-names>Alex</given-names></name>
<name><surname>Li</surname><given-names>Chenxiao</given-names></name>
<name><surname>AlAila</surname><given-names>BahaaEddin</given-names></name>
<name><surname>Quinn</surname><given-names>Shannon</given-names></name>
</person-group><source>Proceedings of the Python in Science Conference</source><year iso-8601-date="2020">2020</year><pub-id pub-id-type="doi">http://dx.doi.org/10.25080/Majora-342d178e-017</pub-id></element-citation>
</ref>
<ref id="ref-33">
<element-citation publication-type="journal">
<article-title>Stacked Neural Networks for end-to-end ciliary motion analysis</article-title>
<person-group person-group-type="author">
<name><surname>Lu</surname><given-names>Charles</given-names></name>
<name><surname>Marx</surname><given-names>Maurice</given-names></name>
<name><surname>Zahid</surname><given-names>Maliha</given-names></name>
<name><surname>Lo</surname><given-names>Cecilia W</given-names></name>
<name><surname>Chennubhotla</surname><given-names>Chakra</given-names></name>
<name><surname>Quinn</surname><given-names>Shannon P</given-names></name>
</person-group><source>arXiv preprint arXiv:1803.07534</source><year iso-8601-date="2018">2018</year><pub-id pub-id-type="doi">https://doi.org/10.48550/arXiv.1803.07534</pub-id></element-citation>
</ref>
<ref id="ref-34">
<element-citation publication-type="journal">
<article-title>To beat, or not to beat, that is question! The spectrum of ciliopathies</article-title>
<person-group person-group-type="author">
<name><surname>Kempeneers</surname><given-names>Céline</given-names></name>
<name><surname>Chilvers</surname><given-names>Mark A.</given-names></name>
</person-group><source>Pediatric Pulmonology</source><year iso-8601-date="2018">2018</year><pub-id pub-id-type="doi">https://doi.org/10.1002/ppul.24078</pub-id><volume>53</volume><issue>8</issue><fpage>1122</fpage><lpage>1129</lpage></element-citation>
</ref>
<ref id="ref-7">
<element-citation publication-type="paper-conference">
<article-title>A Novel Pipeline for Cell Instance Segmentation, Tracking and Motility Classification of Toxoplasma Gondii in 3D Space.</article-title>
<person-group person-group-type="author">
<name><surname>Vaezi</surname><given-names>Seyed Alireza</given-names></name>
<name><surname>Orlando</surname><given-names>Gianni</given-names></name>
<name><surname>Fazli</surname><given-names>Mojtaba Sedigh</given-names></name>
<name><surname>Ward</surname><given-names>Gary E</given-names></name>
<name><surname>Moreno</surname><given-names>Silvia NJ</given-names></name>
<name><surname>Quinn</surname><given-names>Shannon</given-names></name>
</person-group><source>SciPy</source><year iso-8601-date="2022">2022</year><pub-id pub-id-type="doi">https://doi.org/10.25080/majora-212e5952-009</pub-id><fpage>60</fpage><lpage>63</lpage></element-citation>
</ref>
<ref id="ref-10">
<element-citation publication-type="journal">
<article-title>Automated identification of abnormal respiratory ciliary motion in nasal biopsies</article-title>
<person-group person-group-type="author">
<name><surname>Quinn</surname><given-names>Shannon P</given-names></name>
<name><surname>Zahid</surname><given-names>Maliha J</given-names></name>
<name><surname>Durkin</surname><given-names>John R</given-names></name>
<name><surname>Francis</surname><given-names>Richard J</given-names></name>
<name><surname>Lo</surname><given-names>Cecilia W</given-names></name>
<name><surname>Chennubhotla</surname><given-names>S Chakra</given-names></name>
</person-group><source>Science translational medicine</source><year iso-8601-date="2015">2015</year><pub-id pub-id-type="doi">http://dx.doi.org/10.1126/scitranslmed.aaa1233</pub-id><volume>7</volume><issue>299</issue><fpage>299ra124</fpage><lpage>299ra124</lpage></element-citation>
</ref>
<ref id="ref-12">
<element-citation publication-type="journal">
<article-title>A survey on semi-supervised learning</article-title>
<person-group person-group-type="author">
<name><surname>Van Engelen</surname><given-names>Jesper E</given-names></name>
<name><surname>Hoos</surname><given-names>Holger H</given-names></name>
</person-group><source>Machine learning</source><year iso-8601-date="2020">2020</year><pub-id pub-id-type="doi">http://dx.doi.org/10.1007/s10994-019-05855-6</pub-id><volume>109</volume><issue>2</issue><fpage>373</fpage><lpage>440</lpage></element-citation>
</ref>
<ref id="ref-13">
<element-citation publication-type="journal">
<article-title>Active learning literature survey</article-title>
<person-group person-group-type="author">
<name><surname>Settles</surname><given-names>Burr</given-names></name>
</person-group><year iso-8601-date="2009">2009</year></element-citation>
</ref>
<ref id="ref-14">
<element-citation publication-type="journal">
<article-title>Improving the Generalizability of Convolutional Neural Network-Based Segmentation on CMR Images</article-title>
<person-group person-group-type="author">
<name><surname>Chen</surname><given-names>Chen</given-names></name>
<name><surname>Bai</surname><given-names>Wenjia</given-names></name>
<name><surname>Davies</surname><given-names>Rhodri H.</given-names></name>
<name><surname>Bhuva</surname><given-names>Anish N.</given-names></name>
<name><surname>Manisty</surname><given-names>Charlotte H.</given-names></name>
<name><surname>Augusto</surname><given-names>Joao B.</given-names></name>
<name><surname>Moon</surname><given-names>James C</given-names></name>
<name><surname>Aung</surname><given-names>Nay</given-names></name>
<name><surname>Lee</surname><given-names>Aaron M.</given-names></name>
<name><surname>Sanghvi</surname><given-names>Mihir M.</given-names></name>
<name><surname>Fung</surname><given-names>Kenneth</given-names></name>
<name><surname>Paiva</surname><given-names>Jose Miguel</given-names></name>
<name><surname>Petersen</surname><given-names>Steffen E.</given-names></name>
<name><surname>Lukaschuk</surname><given-names>Elena</given-names></name>
<name><surname>Piechnik</surname><given-names>Stefan K.</given-names></name>
<name><surname>Neubauer</surname><given-names>Stefan</given-names></name>
<name><surname>Rueckert</surname><given-names>Daniel</given-names></name>
</person-group><source>Frontiers in Cardiovascular Medicine</source><year iso-8601-date="2020">2020</year><pub-id pub-id-type="doi">https://doi.org/10.3389/fcvm.2020.00105</pub-id><volume>7</volume>
<issn>2297-055X</issn>
</element-citation>
</ref>
<ref id="ref-15">
<element-citation publication-type="journal">
<article-title>Generalizability of deep learning models for dental image analysis</article-title>
<person-group person-group-type="author">
<name><surname>Krois</surname><given-names>Joachim</given-names></name>
<name><surname>Garcia Cantu</surname><given-names>Anselmo</given-names></name>
<name><surname>Chaurasia</surname><given-names>Akhilanand</given-names></name>
<name><surname>Patil</surname><given-names>Ranjitkumar</given-names></name>
<name><surname>Chaudhari</surname><given-names>Prabhat Kumar</given-names></name>
<name><surname>Gaudin</surname><given-names>Robert</given-names></name>
<name><surname>Gehrung</surname><given-names>Sascha</given-names></name>
<name><surname>Schwendicke</surname><given-names>Falk</given-names></name>
</person-group><source>Scientific Reports</source><year iso-8601-date="2021">2021</year><pub-id pub-id-type="doi">http://dx.doi.org/10.1038/s41598-021-85454-5</pub-id><volume>11</volume><issue>1</issue><fpage>6102</fpage>
<issn>2045-2322</issn>
</element-citation>
</ref>
<ref id="ref-16">
<element-citation publication-type="journal">
<article-title>MRI Manufacturer Shift and Adaptation: Increasing the Generalizability of Deep Learning Segmentation for MR Images Acquired with Different Scanners</article-title>
<person-group person-group-type="author">
<name><surname>Yan</surname><given-names>Wenjun</given-names></name>
<name><surname>Huang</surname><given-names>Lu</given-names></name>
<name><surname>Xia</surname><given-names>Liming</given-names></name>
<name><surname>Gu</surname><given-names>Shengjia</given-names></name>
<name><surname>Yan</surname><given-names>Fuhua</given-names></name>
<name><surname>Wang</surname><given-names>Yuanyuan</given-names></name>
<name><surname>Tao</surname><given-names>Qian</given-names></name>
</person-group><source>Radiology: Artificial Intelligence</source><year iso-8601-date="2020">2020</year><pub-id pub-id-type="doi">10.1148/ryai.2020190195</pub-id><volume>2</volume><issue>4</issue><fpage>e190195</fpage></element-citation>
</ref>
<ref id="ref-17">
<element-citation publication-type="journal">
<article-title>Data augmentation using generative adversarial networks (CycleGAN) to improve generalizability in CT segmentation tasks</article-title>
<person-group person-group-type="author">
<name><surname>Sandfort</surname><given-names>Veit</given-names></name>
<name><surname>Yan</surname><given-names>Ke</given-names></name>
<name><surname>Pickhardt</surname><given-names>Perry J.</given-names></name>
<name><surname>Summers</surname><given-names>Ronald M.</given-names></name>
</person-group><source>Scientific Reports</source><year iso-8601-date="2019">2019</year><pub-id pub-id-type="doi">https://doi.org/10.1016/j.imu.2021.100779</pub-id><volume>9</volume><issue>1</issue><fpage>16884</fpage>
<issn>2045-2322</issn>
</element-citation>
</ref>
<ref id="ref-11">
<element-citation publication-type="journal">
<article-title>Labels in a haystack: Approaches beyond supervised learning in biomedical applications</article-title>
<person-group person-group-type="author">
<name><surname>Yakimovich</surname><given-names>Artur</given-names></name>
<name><surname>Beaugnon</surname><given-names>Anaël</given-names></name>
<name><surname>Huang</surname><given-names>Yi</given-names></name>
<name><surname>Ozkirimli</surname><given-names>Elif</given-names></name>
</person-group><source>Patterns</source><year iso-8601-date="2021">2021</year><pub-id pub-id-type="doi">https://doi.org/10.1016/j.patter.2021.100383</pub-id><volume>2</volume><issue>12</issue><fpage>100383</fpage>
<issn>2666-3899</issn>
</element-citation>
</ref>
<ref id="ref-18">
<element-citation publication-type="journal">
<article-title>The art of data augmentation</article-title>
<person-group person-group-type="author">
<name><surname>Van Dyk</surname><given-names>David A</given-names></name>
<name><surname>Meng</surname><given-names>Xiao-Li</given-names></name>
</person-group><source>Journal of Computational and Graphical Statistics</source><year iso-8601-date="2001">2001</year><pub-id pub-id-type="doi">http://dx.doi.org/10.1198/10618600152418584</pub-id><volume>10</volume><issue>1</issue><fpage>1</fpage><lpage>50</lpage></element-citation>
</ref>
<ref id="ref-19">
<element-citation publication-type="journal">
<article-title>Imagenet classification with deep convolutional neural networks</article-title>
<person-group person-group-type="author">
<name><surname>Krizhevsky</surname><given-names>Alex</given-names></name>
<name><surname>Sutskever</surname><given-names>Ilya</given-names></name>
<name><surname>Hinton</surname><given-names>Geoffrey E</given-names></name>
</person-group><source>Advances in neural information processing systems</source><year iso-8601-date="2012">2012</year><pub-id pub-id-type="doi">10.1145/3065386</pub-id><volume>25</volume></element-citation>
</ref>
<ref id="ref-20">
<element-citation publication-type="paper-conference">
<article-title>U-net: Convolutional networks for biomedical image segmentation</article-title>
<person-group person-group-type="author">
<name><surname>Ronneberger</surname><given-names>Olaf</given-names></name>
<name><surname>Fischer</surname><given-names>Philipp</given-names></name>
<name><surname>Brox</surname><given-names>Thomas</given-names></name>
</person-group><source>Medical image computing and computer-assisted intervention–MICCAI 2015: 18th international conference, Munich, Germany, October 5-9, 2015, proceedings, part III 18</source><year iso-8601-date="2015">2015</year><pub-id pub-id-type="doi">10.48550/arXiv.1505.04597</pub-id><fpage>234</fpage><lpage>241</lpage></element-citation>
</ref>
<ref id="ref-21">
<element-citation publication-type="journal">
<article-title>Generative adversarial nets</article-title>
<person-group person-group-type="author">
<name><surname>Goodfellow</surname><given-names>Ian</given-names></name>
<name><surname>Pouget-Abadie</surname><given-names>Jean</given-names></name>
<name><surname>Mirza</surname><given-names>Mehdi</given-names></name>
<name><surname>Xu</surname><given-names>Bing</given-names></name>
<name><surname>Warde-Farley</surname><given-names>David</given-names></name>
<name><surname>Ozair</surname><given-names>Sherjil</given-names></name>
<name><surname>Courville</surname><given-names>Aaron</given-names></name>
<name><surname>Bengio</surname><given-names>Yoshua</given-names></name>
</person-group><source>Advances in neural information processing systems</source><year iso-8601-date="2014">2014</year><pub-id pub-id-type="doi">10.48550/arXiv.1406.2661</pub-id><volume>27</volume></element-citation>
</ref>
<ref id="ref-22">
<element-citation publication-type="journal">
<article-title>Generative adversarial network in medical imaging: A review</article-title>
<person-group person-group-type="author">
<name><surname>Yi</surname><given-names>Xin</given-names></name>
<name><surname>Walia</surname><given-names>Ekta</given-names></name>
<name><surname>Babyn</surname><given-names>Paul</given-names></name>
</person-group><source>Medical image analysis</source><year iso-8601-date="2019">2019</year><pub-id pub-id-type="doi">https://doi.org/10.48550/arXiv.1809.07294</pub-id><volume>58</volume><fpage>101552</fpage></element-citation>
</ref>
<ref id="ref-23">
<element-citation publication-type="journal">
<article-title>Data Augmentation and Transfer Learning to Improve Generalizability of an Automated Prostate Segmentation Model</article-title>
<person-group person-group-type="author">
<name><surname>Sanford</surname><given-names>Thomas H</given-names></name>
<name><surname>Zhang</surname><given-names>Ling</given-names></name>
<name><surname>Harmon</surname><given-names>Stephanie A</given-names></name>
<name><surname>Sackett</surname><given-names>Jonathan</given-names></name>
<name><surname>Yang</surname><given-names>Dong</given-names></name>
<name><surname>Roth</surname><given-names>Holger</given-names></name>
<name><surname>Xu</surname><given-names>Ziyue</given-names></name>
<name><surname>Kesani</surname><given-names>Deepak</given-names></name>
<name><surname>Mehralivand</surname><given-names>Sherif</given-names></name>
<name><surname>Baroni</surname><given-names>Ronaldo H</given-names></name>
<name><surname>Barrett</surname><given-names>Tristan</given-names></name>
<name><surname>Girometti</surname><given-names>Rossano</given-names></name>
<name><surname>Oto</surname><given-names>Aytekin</given-names></name>
<name><surname>Purysko</surname><given-names>Andrei S</given-names></name>
<name><surname>Xu</surname><given-names>Sheng</given-names></name>
<name><surname>Pinto</surname><given-names>Peter A</given-names></name>
<name><surname>Xu</surname><given-names>Daguang</given-names></name>
<name><surname>Wood</surname><given-names>Bradford J</given-names></name>
<name><surname>Choyke</surname><given-names>Peter L</given-names></name>
<name><surname>Turkbey</surname><given-names>Baris</given-names></name>
</person-group><source>AJR Am J Roentgenol</source><year iso-8601-date="2020">2020</year><pub-id pub-id-type="doi">http://dx.doi.org/10.2214/AJR.19.22347</pub-id><volume>215</volume><issue>6</issue><fpage>1403</fpage><lpage>1410</lpage></element-citation>
</ref>
<ref id="ref-24">
<element-citation publication-type="paper-conference">
<article-title>Transfusion: Understanding Transfer Learning for Medical Imaging</article-title>
<person-group person-group-type="author">
<name><surname>Raghu</surname><given-names>Maithra</given-names></name>
<name><surname>Zhang</surname><given-names>Chiyuan</given-names></name>
<name><surname>Kleinberg</surname><given-names>Jon</given-names></name>
<name><surname>Bengio</surname><given-names>Samy</given-names></name>
</person-group><source>Advances in Neural Information Processing Systems</source><year iso-8601-date="2019">2019</year><pub-id pub-id-type="doi">https://doi.org/10.48550/arXiv.1902.07208</pub-id><volume>32</volume></element-citation>
</ref>
<ref id="ref-25">
<element-citation publication-type="document">
<article-title>Overcoming data scarcity with transfer learning</article-title>
<person-group person-group-type="author">
<name><surname>Hutchinson</surname><given-names>Maxwell L.</given-names></name>
<name><surname>Antono</surname><given-names>Erin</given-names></name>
<name><surname>Gibbons</surname><given-names>Brenna M.</given-names></name>
<name><surname>Paradiso</surname><given-names>Sean</given-names></name>
<name><surname>Ling</surname><given-names>Julia</given-names></name>
<name><surname>Meredig</surname><given-names>Bryce</given-names></name>
</person-group><year iso-8601-date="2017">2017</year><pub-id pub-id-type="doi">https://doi.org/10.48550/arXiv.1711.05099</pub-id></element-citation>
</ref>
<ref id="ref-26">
<element-citation publication-type="paper-conference">
<article-title>Self-supervised video representation learning with space-time cubic puzzles</article-title>
<person-group person-group-type="author">
<name><surname>Kim</surname><given-names>Dahun</given-names></name>
<name><surname>Cho</surname><given-names>Donghyeon</given-names></name>
<name><surname>Kweon</surname><given-names>In So</given-names></name>
</person-group><source>Proceedings of the AAAI conference on artificial intelligence</source><year iso-8601-date="2019">2019</year><pub-id pub-id-type="doi">https://doi.org/10.48550/arXiv.1811.09795</pub-id><volume>33</volume><issue>01</issue><fpage>8545</fpage><lpage>8552</lpage></element-citation>
</ref>
<ref id="ref-27">
<element-citation publication-type="paper-conference">
<article-title>Revisiting self-supervised visual representation learning</article-title>
<person-group person-group-type="author">
<name><surname>Kolesnikov</surname><given-names>Alexander</given-names></name>
<name><surname>Zhai</surname><given-names>Xiaohua</given-names></name>
<name><surname>Beyer</surname><given-names>Lucas</given-names></name>
</person-group><source>Proceedings of the IEEE/CVF conference on computer vision and pattern recognition</source><year iso-8601-date="2019">2019</year><pub-id pub-id-type="doi">https://doi.org/10.48550/arXiv.1901.09005</pub-id><fpage>1920</fpage><lpage>1929</lpage></element-citation>
</ref>
<ref id="ref-28">
<element-citation publication-type="paper-conference">
<article-title>Cross pixel optical-flow similarity for self-supervised learning</article-title>
<person-group person-group-type="author">
<name><surname>Mahendran</surname><given-names>Aravindh</given-names></name>
<name><surname>Thewlis</surname><given-names>James</given-names></name>
<name><surname>Vedaldi</surname><given-names>Andrea</given-names></name>
</person-group><source>Computer Vision–ACCV 2018: 14th Asian Conference on Computer Vision, Perth, Australia, December 2–6, 2018, Revised Selected Papers, Part V 14</source><year iso-8601-date="2019">2019</year><pub-id pub-id-type="doi">https://doi.org/10.48550/arXiv.1807.05636</pub-id><fpage>99</fpage><lpage>116</lpage></element-citation>
</ref>
<ref id="ref-29">
<element-citation publication-type="journal">
<article-title>One-shot learning of object categories</article-title>
<person-group person-group-type="author">
<name><surname>Li</surname><given-names>Fei-Fei</given-names></name>
<name><surname>Fergus</surname><given-names>Rob</given-names></name>
<name><surname>Perona</surname><given-names>Pietro</given-names></name>
<name><surname>others</surname></name>
</person-group><source>IEEE Trans. Pattern Anal. Mach. Intell</source><year iso-8601-date="2006">2006</year><pub-id pub-id-type="doi">http://dx.doi.org/10.1109/TPAMI.2006.79</pub-id><volume>28</volume><issue>4</issue><fpage>594</fpage><lpage>611</lpage></element-citation>
</ref>
<ref id="ref-30">
<element-citation publication-type="paper-conference">
<article-title>Learning from one example through shared densities on transforms</article-title>
<person-group person-group-type="author">
<name><surname>Miller</surname><given-names>Erik G</given-names></name>
<name><surname>Matsakis</surname><given-names>Nicholas E</given-names></name>
<name><surname>Viola</surname><given-names>Paul A</given-names></name>
</person-group><source>Proceedings IEEE Conference on Computer Vision and Pattern Recognition. CVPR 2000 (Cat. No. PR00662)</source><year iso-8601-date="2000">2000</year><pub-id pub-id-type="doi">https://doi.org/10.1109/CVPR.2000.855856</pub-id><volume>1</volume><fpage>464</fpage><lpage>471</lpage></element-citation>
</ref>
<ref id="ref-31">
<element-citation publication-type="journal">
<article-title>Proposing a novel unsupervised stack ensemble of deep and conventional image segmentation (SEDCIS) method for localizing vitiligo lesions in skin images</article-title>
<person-group person-group-type="author">
<name><surname>Khatibi</surname><given-names>Toktam</given-names></name>
<name><surname>Rezaei</surname><given-names>Niloofar</given-names></name>
<name><surname>Ataei Fashtami</surname><given-names>Leila</given-names></name>
<name><surname>Totonchi</surname><given-names>Mehdi</given-names></name>
</person-group><source>Skin Research and Technology</source><year iso-8601-date="2021">2021</year><pub-id pub-id-type="doi">http://dx.doi.org/10.1111/srt.12920</pub-id><volume>27</volume><issue>2</issue><fpage>126</fpage><lpage>137</lpage></element-citation>
</ref>
<ref id="ref-3">
<element-citation publication-type="journal">
<article-title>Dynamic textures</article-title>
<person-group person-group-type="author">
<name><surname>Doretto</surname><given-names>Gianfranco</given-names></name>
<name><surname>Chiuso</surname><given-names>Alessandro</given-names></name>
<name><surname>Wu</surname><given-names>Ying Nian</given-names></name>
<name><surname>Soatto</surname><given-names>Stefano</given-names></name>
</person-group><source>International journal of computer vision</source><year iso-8601-date="2003">2003</year><pub-id pub-id-type="doi">https://doi.org/10.1023/A:1021669406132</pub-id><volume>51</volume><fpage>91</fpage><lpage>109</lpage></element-citation>
</ref>
<ref id="ref-4">
<element-citation publication-type="paper-conference">
<article-title>Higher-order Autoregressive Models for Dynamic Textures</article-title>
<person-group person-group-type="author">
<name><surname>Hyndman</surname><given-names>Midori</given-names></name>
<name><surname>Jepson</surname><given-names>Allan D.</given-names></name>
<name><surname>Fleet</surname><given-names>David J.</given-names></name>
</person-group><source>British Machine Vision Conference</source><year iso-8601-date="2007">2007</year><pub-id pub-id-type="doi">http://dx.doi.org/10.5244/C.21.76</pub-id></element-citation>
</ref>
<ref id="ref-6">
<element-citation publication-type="paper-conference">
<article-title>A unified architecture for instance and semantic segmentation</article-title>
<person-group person-group-type="author">
<name><surname>Kirillov</surname><given-names>Alexander</given-names></name>
<name><surname>He</surname><given-names>Kaiming</given-names></name>
<name><surname>Girshick</surname><given-names>Ross</given-names></name>
<name><surname>Dollár</surname><given-names>Piotr</given-names></name>
</person-group><source>Computer Vision and Pattern Recognition Conference</source><year iso-8601-date="2017">2017</year><pub-id pub-id-type="doi">https://doi.org/10.48550/arXiv.2112.04603</pub-id></element-citation>
</ref>
<ref id="ref-5">
<element-citation publication-type="document">
<article-title>Segmentation Models Pytorch</article-title>
<person-group person-group-type="author">
<name><surname>Iakubovskii</surname><given-names>Pavel</given-names></name>
</person-group><source>GitHub repository</source><year iso-8601-date="2019">2019</year></element-citation>
</ref>
</ref-list>
</back>
</article>
