<?xml version="1.0" encoding="UTF-8"?>
<!DOCTYPE article PUBLIC "-//NLM//DTD JATS (Z39.96) Journal Archiving and Interchange DTD with MathML3 v1.3 20210610//EN" "http://jats.nlm.nih.gov/publishing/1.3/JATS-archivearticle1-3-mathml3.dtd">
<article xmlns:mml="http://www.w3.org/1998/Math/MathML" xmlns:xlink="http://www.w3.org/1999/xlink" xmlns:xsi="http://www.w3.org/2001/XMLSchema-instance" xmlns:ali="http://www.niso.org/schemas/ali/1.0/" dtd-version="1.3" xml:lang="en" id="main">
<front>
<article-meta>
<article-id pub-id-type="doi">10.25080/WPXM6451</article-id>
<title-group>
<article-title>Improving Code Quality with Array and DataFrame Type Hints</article-title>
</title-group>
<contrib-group>
<contrib contrib-type="author" corresp="yes">
<contrib-id contrib-id-type="orcid">https://orcid.org/0009-0000-8549-0210</contrib-id>
<name name-style="western"><surname>Ariza</surname><given-names>Christopher</given-names></name>
<xref ref-type="aff" rid="aff-1"/>
<email>ariza@flexatone.com</email>
</contrib>
</contrib-group>
<aff id="aff-1">
<institution-wrap>
<institution>Research Affiliates</institution>
</institution-wrap>
</aff>
<permissions>
<ali:free_to_read/>
<license xlink:href="https://creativecommons.org/licenses/by/4.0/">
<ali:license_ref>https://creativecommons.org/licenses/by/4.0/</ali:license_ref>
<license-p>This is an open access article distributed under the terms of the <ext-link ext-link-type="uri" xlink:href="http://creativecommons.org/licenses/by/4.0/">Creative Commons Attribution License</ext-link>, which permits unrestricted use, distribution, and reproduction in any medium, provided the original author and source are credited.</license-p>
</license>
</permissions>
<abstract>
<p>This article demonstrates practical approaches to fully type-hinting generic NumPy arrays and StaticFrame DataFrames, and shows how the same annotations can improve code quality with both static analysis and runtime validation.</p>
</abstract>
<kwd-group>
<kwd>typing</kwd>
<kwd>static analysis</kwd>
<kwd>runtime validation</kwd>
<kwd>variadic generics</kwd>
</kwd-group>
</article-meta>
</front>
<body>
<p>As tools for Python type annotations (or hints) have evolved, more complex data structures can be typed, improving maintainability and static analysis. Arrays and DataFrames, as complex containers, have only recently supported complete type annotations in Python. NumPy (<xref ref-type="bibr" rid="ref-7">Harris <italic>et al.</italic>, 2020</xref>) 1.22 introduced generic specification of arrays and dtypes. Building on NumPy’s foundation, StaticFrame (<xref ref-type="bibr" rid="ref-1">StaticFrame Development Team, 2024</xref>) 2.0 introduced complete type specification of DataFrames, employing NumPy primitives and variadic generics. This article demonstrates practical approaches to fully type-hinting arrays and DataFrames, and shows how the same annotations can improve code quality with both static analysis and runtime validation.</p>
<sec id="sec-1">
<label>1</label>
<title>Type Hints Improve Code Quality</title>
<p>Type hints (<xref ref-type="bibr" rid="ref-9">Rossum <italic>et al.</italic>, 2014</xref>) improve code quality in a number of ways. Instead of using variable names or comments to communicate types, Python-object-based type annotations provide maintainable and expressive tools for type specification. These type annotations can be tested with type checkers such as <monospace>mypy</monospace> (<xref ref-type="bibr" rid="ref-3">mypy Development Team, 2024</xref>) or <monospace>pyright</monospace> (<xref ref-type="bibr" rid="ref-4">pyright Development Team, 2024</xref>), quickly discovering potential bugs without executing code.</p>
<p>The same annotations can be used for runtime validation. While reliance on duck-typing over runtime validation is common in Python, runtime validation is more often needed with complex data structures such as arrays and DataFrames. For example, an interface expecting a DataFrame argument, if given a Series, might not need explicit validation as usage of the wrong type will likely raise. However, an interface expecting a 2D array of floats, if given an array of Booleans, might benefit from validation as usage of the wrong type may not raise.</p>
<p>Many important typing utilities are only available with the most-recent versions of Python. Fortunately, the <monospace>typing-extensions</monospace> (<xref ref-type="bibr" rid="ref-2">typing_extensions Development Team, 2024</xref>) package back-ports standard library utilities for older versions of Python. A related challenge is that type checkers can take time to implement full support for new features: many of the examples shown here require <monospace>mypy</monospace> 1.9.0, released just a few months ago.</p>
</sec>
<sec id="sec-2">
<label>2</label>
<title>Elemental Type Annotations</title>
<p>Without type annotations, a Python function signature gives no indication of the expected types. For example, the function below might take and return any types:</p>
<code language="python">def process0(v, q): ... # no type information</code>
<p>By adding type annotations, the signature informs readers of the expected types. With modern Python, user-defined and built-in classes can be used to specify types, with additional resources (such as <monospace>Any</monospace>, <monospace>Iterator</monospace>, <monospace>cast()</monospace>, and <monospace>Annotated</monospace>) found in the standard library <monospace>typing</monospace> module. For example, the interface below improves the one above by making expected types explicit:</p>
<code language="python">def process0(v: int, q: bool) -&gt; list[float]: ...</code>
<p>When used with a type checker like <monospace>mypy</monospace>, code that violates the specifications of the type annotations will raise an error during static analysis (shown as comments, below). For example, providing an integer when a Boolean is required is an error:</p>
<code language="python">x = process0(v=5, q=20)
# tp.py: error: Argument "q" to "process0"
# has incompatible type "int"; expected "bool"  [arg-type]</code>
<p>Static analysis can only validate statically defined types. The full range of runtime inputs and outputs is often more diverse, suggesting some form of runtime validation. The best of both worlds is possible by reusing type annotations for runtime validation. While there are libraries that do this (e.g., <monospace>typeguard</monospace> and <monospace>beartype</monospace>), StaticFrame offers <monospace>CallGuard</monospace>, a tool specialized for comprehensive array and DataFrame type-annotation validation.</p>
<p>A Python decorator is ideal for leveraging annotations for runtime validation. <monospace>CallGuard</monospace> offers two decorators: <monospace>@CallGuard.check</monospace>, which raises an informative <monospace>Exception</monospace> on error, or <monospace>@CallGuard.warn</monospace>, which issues a warning.</p>
<p>Further extending the <monospace>process0</monospace> function above with <monospace>@CallGuard.check</monospace>, the same type annotations can be used to raise an <monospace>Exception</monospace> (shown again as comments) when runtime objects violate the requirements of the type annotations:</p>
<code language="python">import static_frame as sf

@sf.CallGuard.check
def process0(v: int, q: bool) -&gt; list[float]:
    return [x * (0.5 if q else 0.25) for x in range(v)]

z = process0(v=5, q=20)
# static_frame.core.type_clinic.ClinicError:
# In args of (v: int, q: bool) -&gt; list[float]
# └── Expected bool, provided int invalid</code>
<p>While type annotations must be valid Python, they are irrelevant at runtime and can be wrong: it is possible to have correctly verified types that do not reflect runtime reality. As shown above, reusing type annotations for runtime checks ensures annotations are valid.</p>
</sec>
<sec id="sec-3">
<label>3</label>
<title>Array Type Annotations</title>
<p>Python classes that permit component type specification are “generic”. Component types are specified with positional “type variables”. A list of integers, for example, is annotated with <monospace>list[int]</monospace>; a dictionary of floats keyed by tuples of integers and strings is annotated <monospace>dict[tuple[int, str], float]</monospace>.</p>
<p>With NumPy 1.20, <monospace>ndarray</monospace> and <monospace>dtype</monospace> become generic. The generic <monospace>ndarray</monospace> requires two arguments, a shape and a <monospace>dtype</monospace>. As the usage of the first argument is still under development, <monospace>Any</monospace> is commonly used. The second argument, <monospace>dtype</monospace>, is itself a generic that requires a type variable for a NumPy type such as <monospace>np.int64</monospace>. NumPy also offers more general generic types such as <monospace>np.integer[Any]</monospace>.</p>
<p>For example, an array of Booleans is annotated <monospace>np.ndarray[Any, np.dtype[np.bool_]]</monospace>; an array of any type of integer is annotated <monospace>np.ndarray[Any, np.dtype[np.integer[Any]]]</monospace>.</p>
<p>As generic annotations with component type specifications can become verbose, it is practical to store them as type aliases (here prefixed with “T”). The following function specifies such aliases and then uses them in a function.</p>
<code language="python">from typing import Any
import numpy as np

TNDArrayInt8 = np.ndarray[Any, np.dtype[np.int8]]
TNDArrayBool = np.ndarray[Any, np.dtype[np.bool_]]
TNDArrayFloat64 = np.ndarray[Any, np.dtype[np.float64]]

def process1(
        v: TNDArrayInt8,
        q: TNDArrayBool,
        ) -&gt; TNDArrayFloat64:
    s: TNDArrayFloat64 = np.where(q, 0.5, 0.25)
    return v * s</code>
<p>As before, when used with <monospace>mypy</monospace>, code that violates the type annotations will raise an error during static analysis. For example, providing an integer when a Boolean is required is an error:</p>
<code language="python">v1: TNDArrayInt8 = np.arange(20, dtype=np.int8)
x = process1(v1, v1)
# tp.py: error: Argument 2 to "process1" has incompatible type
# "ndarray[Any, dtype[floating[_64Bit]]]"; expected "ndarray[Any, dtype[bool_]]"  [arg-type]</code>
<p>The interface requires 8-bit signed integers (<monospace>np.int8</monospace>); attempting to use a different sized integer is also an error:</p>
<code language="python">TNDArrayInt64 = np.ndarray[Any, np.dtype[np.int64]]
v2: TNDArrayInt64 = np.arange(20, dtype=np.int64)
q: TNDArrayBool = np.arange(20) % 3 == 0
x = process1(v2, q)
# tp.py: error: Argument 1 to "process1" has incompatible type
# "ndarray[Any, dtype[signedinteger[_64Bit]]]"; expected "ndarray[Any, dtype[signedinteger[_8Bit]]]"  [arg-type]</code>
<p>While some interfaces might benefit from such narrow numeric type specifications, broader specification is possible with NumPy’s generic types such as <monospace>np.integer[Any]</monospace>, <monospace>np.signedinteger[Any]</monospace>, <monospace>np.float[Any]</monospace>, etc. For example, we can define a new function that accepts any size signed integer. Static analysis now passes with both <monospace>TNDArrayInt8</monospace> and <monospace>TNDArrayInt64</monospace> arrays.</p>
<code language="python">TNDArrayIntAny = np.ndarray[Any, np.dtype[np.signedinteger[Any]]]
def process2(
        v: TNDArrayIntAny, # a more flexible interface
        q: TNDArrayBool,
        ) -&gt; TNDArrayFloat64:
    s: TNDArrayFloat64 = np.where(q, 0.5, 0.25)
    return v * s

x = process2(v1, q) # no mypy error
x = process2(v2, q) # no mypy error</code>
<p>Just as shown above with elements, generically specified NumPy arrays can be validated at runtime if decorated with <monospace>CallGuard.check</monospace>:</p>
<code language="python">@sf.CallGuard.check
def process3(v: TNDArrayIntAny, q: TNDArrayBool) -&gt; TNDArrayFloat64:
    s: TNDArrayFloat64 = np.where(q, 0.5, 0.25)
    return v * s

x = process3(v1, q) # no error, same as mypy
x = process3(v2, q) # no error, same as mypy
v3: TNDArrayFloat64 = np.arange(20, dtype=np.float64) * 0.5
x = process3(v3, q) # error
# static_frame.core.type_clinic.ClinicError:
# In args of (v: ndarray[Any, dtype[signedinteger[Any]]],
# q: ndarray[Any, dtype[bool_]]) -&gt; ndarray[Any, dtype[float64]]
# └── ndarray[Any, dtype[signedinteger[Any]]]
#     └── dtype[signedinteger[Any]]
#         └── Expected signedinteger, provided float64 invalid</code>
<p>StaticFrame provides utilities to extend runtime validation beyond type checking. Using the <monospace>typing</monospace> module’s <monospace>Annotated</monospace> class (<xref ref-type="bibr" rid="ref-10">Gonzalez <italic>et al.</italic>, 2019</xref>), we can extend the type specification with one or more StaticFrame <monospace>Require</monospace> objects. For example, to validate that an array has a 1D shape of <monospace>(24,)</monospace>, we can replace <monospace>TNDArrayIntAny</monospace> with <monospace>Annotated[TNDArrayIntAny, sf.Require.Shape(24)]</monospace>. To validate that a float array has no NaNs, we can replace <monospace>TNDArrayFloat64</monospace> with <monospace>Annotated[TNDArrayFloat64, sf.Require.Apply(lambda a: ~a.insna().any())]</monospace>.</p>
<p>Implementing a new function, we can require that all input and output arrays have the shape <monospace>(24,)</monospace>. Calling this function with the previously created arrays raises an error:</p>
<code language="python">from typing import Annotated

@sf.CallGuard.check
def process4(
        v: Annotated[TNDArrayIntAny, sf.Require.Shape(24)],
        q: Annotated[TNDArrayBool, sf.Require.Shape(24)],
        ) -&gt; Annotated[TNDArrayFloat64, sf.Require.Shape(24)]:
    s: TNDArrayFloat64 = np.where(q, 0.5, 0.25)
    return v * s

x = process4(v1, q) # types pass, but Require.Shape fails
# static_frame.core.type_clinic.ClinicError:
# In args of (v: Annotated[ndarray[Any, dtype[int8]], Shape((24,))], q: Annotated[ndarray[Any, dtype[bool_]], Shape((24,))]) -&gt; Annotated[ndarray[Any, dtype[float64]], Shape((24,))]
# └── Annotated[ndarray[Any, dtype[int8]], Shape((24,))]
#     └── Shape((24,))
#         └── Expected shape ((24,)), provided shape (20,)</code>
</sec>
<sec id="sec-4">
<label>4</label>
<title>DataFrame Type Annotations</title>
<p>Just like a dictionary, a DataFrame is a complex data structure composed of many component types: the index labels, column labels, and the column values are all distinct types.</p>
<p>A challenge of generically specifying a DataFrame is that a DataFrame has a variable number of columns, where each column might be a different type. The Python <monospace>TypeVarTuple</monospace> variadic generic specifier (<xref ref-type="bibr" rid="ref-8">Mendoza <italic>et al.</italic>, 2020</xref>), first released in Python 3.11, permits defining a variable number of column type variables.</p>
<p>With StaticFrame 2.0, <monospace>Frame</monospace>, <monospace>Series</monospace>, <monospace>Index</monospace> and related containers become generic. Support for variable column type definitions is provided by <monospace>TypeVarTuple</monospace>, back-ported with the implementation in <monospace>typing-extensions</monospace> for compatibility down to Python 3.9.</p>
<p>A generic <monospace>Frame</monospace> requires two or more type variables: the type of the index, the type of the columns, and zero or more specifications of columnar value types specified with NumPy types. A generic <monospace>Series</monospace> requires two type variables: the type of the index and a NumPy type for the values. The <monospace>Index</monospace> is itself generic, also requiring a NumPy type as a type variable.</p>
<p>With generic specification, a <monospace>Series</monospace> of floats, indexed by dates, can be annotated with <monospace>sf.Series[sf.IndexDate, np.float64]</monospace>. A <monospace>Frame</monospace> with dates as index labels, strings as column labels, and column values of integers and floats can be annotated with <monospace>sf.Frame[sf.IndexDate, sf.Index[np.str_], np.int64, np.float64]</monospace>.</p>
<p>Given a complex <monospace>Frame</monospace>, deriving the annotation might be difficult. StaticFrame offers the <monospace>via_type_clinic</monospace> interface to provide a complete generic specification for any component at runtime:</p>
<code language="python">&gt;&gt;&gt; v4 = sf.Frame.from_fields([range(5), np.arange(3, 8) * 0.5],
columns=('a', 'b'), index=sf.IndexDate.from_date_range('2021-12-30', '2022-01-03'))
&gt;&gt;&gt; v4
&amp;lt;Frame&gt;
&amp;lt;Index&gt;         a       b         &amp;lt;&amp;lt;U1&gt;
&amp;lt;IndexDate&gt;
2021-12-30      0       1.5
2021-12-31      1       2.0
2022-01-01      2       2.5
2022-01-02      3       3.0
2022-01-03      4       3.5
&amp;lt;datetime64[D]&gt; &amp;lt;int64&gt; &amp;lt;float64&gt;

# get a string representation of the annotation
&gt;&gt;&gt; v4.via_type_clinic
Frame[IndexDate, Index[str_], int64, float64]</code>
<p>As shown with arrays, storing annotations as type aliases permits reuse and more concise function signatures. Below, a new function is defined with generic <monospace>Frame</monospace> and <monospace>Series</monospace> arguments fully annotated. A <monospace>cast</monospace> is required as not all operations can statically resolve their return type.</p>
<code language="python">TFrameDateInts = sf.Frame[sf.IndexDate, sf.Index[np.str_], np.int64, np.int64]
TSeriesYMBool = sf.Series[sf.IndexYearMonth, np.bool_]
TSeriesDFloat = sf.Series[sf.IndexDate, np.float64]

def process5(v: TFrameDateInts, q: TSeriesYMBool) -&gt; TSeriesDFloat:
    t = v.index.iter_label().apply(lambda l: q[l.astype('datetime64[M]')]) # type: ignore
    s = np.where(t, 0.5, 0.25)
    return cast(TSeriesDFloat, (v.via_T * s).mean(axis=1))</code>
<p>These more complex annotated interfaces can also be validated with <monospace>mypy</monospace>. Below, a <monospace>Frame</monospace> without the expected column value types is passed, causing <monospace>mypy</monospace> to error (shown as comments, below).</p>
<code language="python">TFrameDateIntFloat = sf.Frame[sf.IndexDate, sf.Index[np.str_], np.int64, np.float64]
v5: TFrameDateIntFloat = sf.Frame.from_fields([range(5), np.arange(3, 8) * 0.5],
columns=('a', 'b'), index=sf.IndexDate.from_date_range('2021-12-30', '2022-01-03'))

q: TSeriesYMBool = sf.Series([True, False],
index=sf.IndexYearMonth.from_date_range('2021-12', '2022-01'))

x = process5(v5, q)
# tp.py: error: Argument 1 to "process5" has incompatible type
# "Frame[IndexDate, Index[str_], signedinteger[_64Bit], floating[_64Bit]]"; expected
# "Frame[IndexDate, Index[str_], signedinteger[_64Bit], signedinteger[_64Bit]]"  [arg-type]</code>
<p>To use the same type hints for runtime validation, the <monospace>sf.CallGuard.check</monospace> decorator can be applied. Below, a <monospace>Frame</monospace> of three integer columns is provided where a <monospace>Frame</monospace> of two columns is expected.</p>
<code language="python"># a Frame of three columns of integers
TFrameDateIntIntInt = sf.Frame[sf.IndexDate, sf.Index[np.str_], np.int64, np.int64, np.int64]
v6: TFrameDateIntIntInt = sf.Frame.from_fields([range(5), range(3, 8), range(1, 6)],
columns=('a', 'b', 'c'), index=sf.IndexDate.from_date_range('2021-12-30', '2022-01-03'))

x = process5(v6, q)
# static_frame.core.type_clinic.ClinicError:
# In args of (v: Frame[IndexDate, Index[str_], signedinteger[_64Bit], signedinteger[_64Bit]],
# q: Series[IndexYearMonth, bool_]) -&gt; Series[IndexDate, float64]
# └── Frame[IndexDate, Index[str_], signedinteger[_64Bit], signedinteger[_64Bit]]
#     └── Expected Frame has 2 dtype, provided Frame has 3 dtype</code>
<p>It might not be practical to annotate every column of every <monospace>Frame</monospace>: it is common for interfaces to work with <monospace>Frame</monospace> of variable column sizes. <monospace>TypeVarTuple</monospace> supports this through the usage of unpack operator <monospace>*tuple[]</monospace> expressions (introduced in Python 3.11, back-ported with the <monospace>Unpack</monospace> annotation). For example, the function above could be defined to take any number of integer columns with that annotation <monospace>Frame[IndexDate, Index[np.str_], *tuple[np.int64, ...]]</monospace>, where <monospace>*tuple[np.int64, ...]]</monospace> means zero or more integer columns.</p>
<p>The same implementation can be annotated with a far more general specification of columnar types. Below, the column values are annotated with <monospace>np.number[Any]</monospace> (permitting any type of numeric NumPy type) and a <monospace>*tuple[]</monospace> expression (permitting any number of columns): <monospace>*tuple[np.number[Any], ...]</monospace>. Now neither <monospace>mypy</monospace> nor <monospace>CallGuard</monospace> errors with either previously created <monospace>Frame</monospace>.</p>
<code language="python">TFrameDateNums = sf.Frame[sf.IndexDate, sf.Index[np.str_], *tuple[np.number[Any], ...]]

@sf.CallGuard.check
def process6(v: TFrameDateNums, q: TSeriesYMBool) -&gt; TSeriesDFloat:
    t = v.index.iter_label().apply(lambda l: q[l.astype('datetime64[M]')]) # type: ignore
    s = np.where(t, 0.5, 0.25)
    return tp.cast(TSeriesDFloat, (v.via_T * s).mean(axis=1))

x = process6(v5, q) # a Frame with integer, float columns passes
x = process6(v6, q) # a Frame with three integer columns passes</code>
<p>As with NumPy arrays, <monospace>Frame</monospace> annotations can wrap <monospace>Require</monospace> specifications in <monospace>Annotated</monospace> generics, permitting the definition of additional run-time validations.</p>
</sec>
<sec id="sec-5">
<label>5</label>
<title>Type Annotations with Other Libraries</title>
<p>While StaticFrame might be the first DataFrame library to offer complete generic specification and a unified solution for both static type analysis and run-time type validation, other array and DataFrame libraries offer related utilities.</p>
<p>Neither the <monospace>Tensor</monospace> class in PyTorch (2.4.0), nor the <monospace>Tensor</monospace> class in TensorFlow (2.17.0) support generic type or shape specification. While both libraries offer a <monospace>TensorSpec</monospace> object that can be used to perform run-time type and shape validation, static type checking with tools like <monospace>mypy</monospace> is not supported.</p>
<p>As of Pandas 2.2.2, neither the Pandas <monospace>Series</monospace> nor <monospace>DataFrame</monospace> support generic type specifications. A number of third-party packages have offered partial solutions. The <monospace>pandas-stubs</monospace> library, for example, provides type annotations for the Pandas API, but does not make the <monospace>Series</monospace> or <monospace>DataFrame</monospace> classes generic. The <monospace>pandera</monospace> library (<xref ref-type="bibr" rid="ref-11">Bantilan, 2020</xref>) permits defining <monospace>DataFrameSchema</monospace> classes that can be used for run-time validation of Pandas DataFrames. For static-analysis with <monospace>mypy</monospace>, <monospace>pandera</monospace> offers alternative <monospace>DataFrame</monospace> and <monospace>Series</monospace> subclasses that permit generic specification with the same <monospace>DataFrameSchema</monospace> classes. This approach does not permit the expressive opportunities of using generic NumPy types or the unpack operator for supplying variadic generic expressions.</p>
</sec>
<sec id="sec-6">
<label>6</label>
<title>Conclusion</title>
<p>Python type annotations can make static analysis of types a valuable check of code quality, discovering errors before code is even executed. Up until recently, an interface might take an array or a DataFrame, but no specification of the types contained in those containers was possible. Now, complete specification of component types is possible in NumPy and StaticFrame, permitting more powerful static analysis of types.</p>
<p>Providing correct type annotations is an investment. Reusing those annotations for runtime checks provides the best of both worlds. StaticFrame’s <monospace>CallGuard</monospace> runtime type checker is specialized to correctly evaluate fully specified generic NumPy types, as well as all generic StaticFrame containers.</p>
</sec>
</body>
<back>
<ref-list>
<ref id="ref-7">
<element-citation publication-type="journal">
<article-title>Array programming with NumPy</article-title>
<person-group person-group-type="author">
<name><surname>Harris</surname><given-names>Charles R.</given-names></name>
<name><surname>Millman</surname><given-names>K. Jarrod</given-names></name>
<name><surname>Walt</surname><given-names>Stéfan J.</given-names></name>
<name><surname>Gommers</surname><given-names>Ralf</given-names></name>
<name><surname>Virtanen</surname><given-names>Pauli</given-names></name>
<name><surname>Cournapeau</surname><given-names>David</given-names></name>
<name><surname>Wieser</surname><given-names>Eric</given-names></name>
<name><surname>Taylor</surname><given-names>Julian</given-names></name>
<name><surname>Berg</surname><given-names>Sebastian</given-names></name>
<name><surname>Smith</surname><given-names>Nathaniel J.</given-names></name>
<name><surname>Kern</surname><given-names>Robert</given-names></name>
<name><surname>Picus</surname><given-names>Matti</given-names></name>
<name><surname>Hoyer</surname><given-names>Stephan</given-names></name>
<name><surname>Kerkwijk</surname><given-names>Marten H.</given-names></name>
<name><surname>Brett</surname><given-names>Matthew</given-names></name>
<name><surname>Haldane</surname><given-names>Allan</given-names></name>
<name><surname>Río</surname><given-names>Jaime Fernández</given-names></name>
<name><surname>Wiebe</surname><given-names>Mark</given-names></name>
<name><surname>Peterson</surname><given-names>Pearu</given-names></name>
<name><surname>Gérard-Marchant</surname><given-names>Pierre</given-names></name>
<name><surname>Sheppard</surname><given-names>Kevin</given-names></name>
<name><surname>Reddy</surname><given-names>Tyler</given-names></name>
<name><surname>Weckesser</surname><given-names>Warren</given-names></name>
<name><surname>Abbasi</surname><given-names>Hameer</given-names></name>
<name><surname>Gohlke</surname><given-names>Christoph</given-names></name>
<name><surname>Oliphant</surname><given-names>Travis E.</given-names></name>
</person-group><source>Nature</source><year iso-8601-date="2020">2020</year><pub-id pub-id-type="doi">https://doi.org/10.1038/s41586-020-2649-2</pub-id><volume>585</volume><issue>7825</issue><fpage>357</fpage><lpage>362</lpage></element-citation>
</ref>
<ref id="ref-1">
<element-citation publication-type="document">
<article-title>StaticFrame</article-title>
<person-group person-group-type="author">
<name><surname>StaticFrame Development Team</surname></name>
</person-group><year iso-8601-date="2024">2024</year></element-citation>
</ref>
<ref id="ref-9">
<element-citation publication-type="report">
<article-title>PEP 484 - Type Hints</article-title>
<person-group person-group-type="author">
<name><surname>Rossum</surname><given-names>Guido</given-names></name>
<name><surname>Lehtosalo</surname><given-names>Jukka</given-names></name>
<name><surname>Langa</surname><given-names>Łukasz</given-names></name>
</person-group><year iso-8601-date="2014">2014</year></element-citation>
</ref>
<ref id="ref-3">
<element-citation publication-type="document">
<article-title>mypy</article-title>
<person-group person-group-type="author">
<name><surname>mypy Development Team</surname></name>
</person-group><year iso-8601-date="2024">2024</year></element-citation>
</ref>
<ref id="ref-4">
<element-citation publication-type="document">
<article-title>pyright</article-title>
<person-group person-group-type="author">
<name><surname>pyright Development Team</surname></name>
</person-group><year iso-8601-date="2024">2024</year></element-citation>
</ref>
<ref id="ref-2">
<element-citation publication-type="document">
<article-title>typing-extensions</article-title>
<person-group person-group-type="author">
<name><surname>typing_extensions Development Team</surname></name>
</person-group><year iso-8601-date="2024">2024</year></element-citation>
</ref>
<ref id="ref-10">
<element-citation publication-type="report">
<article-title>PEP 593 - Flexible Function and Variable Annotations</article-title>
<person-group person-group-type="author">
<name><surname>Gonzalez</surname><given-names>Ryan</given-names></name>
<name><surname>House</surname><given-names>Philip</given-names></name>
<name><surname>Levkivskyi</surname><given-names>Ivan</given-names></name>
<name><surname>Roach</surname><given-names>Lisa</given-names></name>
<name><surname>Rossum</surname><given-names>Guido</given-names></name>
</person-group><year iso-8601-date="2019">2019</year></element-citation>
</ref>
<ref id="ref-8">
<element-citation publication-type="report">
<article-title>PEP 646 - Variadic Generics</article-title>
<person-group person-group-type="author">
<name><surname>Mendoza</surname><given-names>Mark</given-names></name>
<name><surname>Rahtz</surname><given-names>Matthew</given-names></name>
<name><surname>Srinivasan</surname><given-names>Pradeep Kumar</given-names></name>
<name><surname>Siles</surname><given-names>Vincent</given-names></name>
</person-group><year iso-8601-date="2020">2020</year></element-citation>
</ref>
<ref id="ref-11">
<element-citation publication-type="paper-conference">
<article-title>pandera: Statistical Data Validation of Pandas Dataframes</article-title>
<person-group person-group-type="author">
<name><surname>Bantilan</surname><given-names>Niels</given-names></name>
</person-group><source>Proceedings of the 19th Python in Science Conference</source><year iso-8601-date="2020">2020</year><pub-id pub-id-type="doi">https://doi.org/10.25080/Majora-342d178e-010</pub-id><fpage>116 </fpage><lpage> 124</lpage></element-citation>
</ref>
</ref-list>
</back>
</article>
