<?xml version="1.0" encoding="UTF-8"?>
<!DOCTYPE article PUBLIC "-//NLM//DTD JATS (Z39.96) Journal Archiving and Interchange DTD with MathML3 v1.3 20210610//EN" "http://jats.nlm.nih.gov/publishing/1.3/JATS-archivearticle1-3-mathml3.dtd">
<article xmlns:mml="http://www.w3.org/1998/Math/MathML" xmlns:xlink="http://www.w3.org/1999/xlink" xmlns:xsi="http://www.w3.org/2001/XMLSchema-instance" xmlns:ali="http://www.niso.org/schemas/ali/1.0/" dtd-version="1.3" xml:lang="en" id="main">
<front>
<article-meta>
<article-id pub-id-type="doi">10.25080/MDCE8355</article-id>
<title-group>
<article-title>Model Share AI: An Integrated Toolkit for Collaborative Machine Learning Model Development, Provenance Tracking, and Deployment in Python</article-title>
</title-group>
<contrib-group>
<contrib contrib-type="author" corresp="yes">
<contrib-id contrib-id-type="orcid">https://orcid.org/0000-0002-0571-6388</contrib-id>
<name name-style="western"><surname>Peters</surname><given-names>Heinrich</given-names></name>
<role vocab="credit" vocab-identifier="https://credit.niso.org/" vocab-term="Conceptualization" vocab-term-identifier="https://credit.niso.org/contributor-roles/conceptualization/">Conceptualization</role>
<role vocab="credit" vocab-identifier="https://credit.niso.org/" vocab-term="Methodology" vocab-term-identifier="https://credit.niso.org/contributor-roles/methodology/">Methodology</role>
<role vocab="credit" vocab-identifier="https://credit.niso.org/" vocab-term="Software" vocab-term-identifier="https://credit.niso.org/contributor-roles/software/">Software</role>
<role vocab="credit" vocab-identifier="https://credit.niso.org/" vocab-term="Writing – original draft" vocab-term-identifier="https://credit.niso.org/contributor-roles/writing-original-draft/">Writing – original draft</role>
<xref ref-type="aff" rid="aff-1"/>
<email>hp2500@columbia.edu</email>
</contrib>
<contrib contrib-type="author">
<name name-style="western"><surname>Parrott</surname><given-names>Michael</given-names></name>
<role vocab="credit" vocab-identifier="https://credit.niso.org/" vocab-term="Conceptualization" vocab-term-identifier="https://credit.niso.org/contributor-roles/conceptualization/">Conceptualization</role>
<role vocab="credit" vocab-identifier="https://credit.niso.org/" vocab-term="Methodology" vocab-term-identifier="https://credit.niso.org/contributor-roles/methodology/">Methodology</role>
<role vocab="credit" vocab-identifier="https://credit.niso.org/" vocab-term="Software" vocab-term-identifier="https://credit.niso.org/contributor-roles/software/">Software</role>
<role vocab="credit" vocab-identifier="https://credit.niso.org/" vocab-term="Resources" vocab-term-identifier="https://credit.niso.org/contributor-roles/resources/">Resources</role>
<role vocab="credit" vocab-identifier="https://credit.niso.org/" vocab-term="Writing – review &amp; editing" vocab-term-identifier="https://credit.niso.org/contributor-roles/writing-review-editing/">Writing – review &amp; editing</role>
<role vocab="credit" vocab-identifier="https://credit.niso.org/" vocab-term="Supervision" vocab-term-identifier="https://credit.niso.org/contributor-roles/supervision/">Supervision</role>
<role vocab="credit" vocab-identifier="https://credit.niso.org/" vocab-term="Project administration" vocab-term-identifier="https://credit.niso.org/contributor-roles/project-administration/">Project administration</role>
<role vocab="credit" vocab-identifier="https://credit.niso.org/" vocab-term="Funding acquisition" vocab-term-identifier="https://credit.niso.org/contributor-roles/funding-acquisition/">Funding acquisition</role>
<xref ref-type="aff" rid="aff-1"/>
<email>mp3675@columbia.edu</email>
</contrib>
</contrib-group>
<aff id="aff-1">
<institution-wrap>
<institution>Columbia University</institution>
</institution-wrap>
</aff>
<permissions>
<ali:free_to_read/>
<license xlink:href="https://creativecommons.org/licenses/by/4.0/">
<ali:license_ref>https://creativecommons.org/licenses/by/4.0/</ali:license_ref>
<license-p>This is an open access article distributed under the terms of the <ext-link ext-link-type="uri" xlink:href="http://creativecommons.org/licenses/by/4.0/">Creative Commons Attribution License</ext-link>, which permits unrestricted use, distribution, and reproduction in any medium, provided the original author and source are credited.</license-p>
</license>
</permissions>
<abstract>
<p>Machine learning (<abbrev alt="Machine Learning">ML</abbrev>) is revolutionizing a wide range of research areas and industries, but many <abbrev alt="Machine Learning">ML</abbrev> projects never progress past the proof-of-concept stage. To address this problem, we introduce Model Share <abbrev alt="Artificial Intelligence">AI</abbrev> (<abbrev alt="Model Share AI">AIMS</abbrev>), a platform designed to streamline collaborative model development, model provenance tracking, and model deployment, as well as a host of other functions aiming to maximize the real-world impact of <abbrev alt="Machine Learning">ML</abbrev> research. <abbrev alt="Model Share AI">AIMS</abbrev> features collaborative project spaces and a standardized model evaluation process that ranks model submissions based on their performance on holdout evaluation data, enabling users to run experiments and competitions. In addition, various model metadata are automatically captured to facilitate provenance tracking and allow users to learn from and build on previous submissions. Furthermore, <abbrev alt="Model Share AI">AIMS</abbrev> allows users to deploy <abbrev alt="Machine Learning">ML</abbrev> models built in Scikit-Learn, TensorFlow Keras, or PyTorch into live REST APIs and automatically generated web apps with minimal code. The ability to collaboratively develop and rapidly deploy models, making them accessible to non-technical end-users through automatically generated web apps, ensures that <abbrev alt="Machine Learning">ML</abbrev> projects can transition smoothly from concept to real-world application.</p>
</abstract>
<kwd-group>
<kwd>Machine Learning</kwd>
<kwd>MLOps</kwd>
<kwd>Model Deployment</kwd>
<kwd>Provenance Tracking</kwd>
<kwd>Crowdsourcing</kwd>
</kwd-group>
</article-meta>
</front>
<body>
<sec id="sec-1">
<label>1</label>
<title>Introduction</title>
<p>Machine learning (<abbrev alt="Machine Learning">ML</abbrev>) is revolutionizing a wide range of research areas and industries, providing data-driven solutions to important societal problems. The success of many <abbrev alt="Machine Learning">ML</abbrev> projects depends on effective collaboration, rigorous evaluation, and the ability to deploy models. Traditionally, researchers and practitioners have been using version-control systems like GitHub in combination with custom model evaluation and benchmarking experiments to ensure reproducibility and to compare models. However, these systems tend to lack easy-to-use, structured pathways specifically designed to collaboratively develop and rapidly deploy <abbrev alt="Machine Learning">ML</abbrev> models. Furthermore, the creation of custom resources for model evaluation, benchmarking, and deployment, can require substantial upfront effort. As a result, most models do not progress past the proof-of-concept stage and are never deployed (<xref ref-type="bibr" rid="ref-65">Davenport &amp; Patil, 2022</xref>; <xref ref-type="bibr" rid="ref-11">Siegel, 2022</xref>), preventing a wider audience from participating in the promise of applied <abbrev alt="Machine Learning">ML</abbrev> research.</p>
<p>While the recent rise of platforms like Hugging Face Hub (<xref ref-type="bibr" rid="ref-8">Hugging Face Hub, 2023</xref>), TensorFlow Hub (<xref ref-type="bibr" rid="ref-9">TensorFlow Hub, 2023</xref>), and <abbrev alt="Machine Learning">ML</abbrev>flow (<xref ref-type="bibr" rid="ref-5">MLflow, 2023</xref>; <xref ref-type="bibr" rid="ref-7">Chen <italic>et al.</italic>, 2020</xref>; <xref ref-type="bibr" rid="ref-4">Zaharia <italic>et al.</italic>, 2018</xref>), illustrates the demand for open-source model repositories and <abbrev alt="Machine Learning">ML</abbrev>Ops solutions, barriers of entry are still high for researchers, educators, and practitioners from non-technical disciplines. Model Share <abbrev alt="Artificial Intelligence">AI</abbrev> (<abbrev alt="Model Share AI">AIMS</abbrev>) addresses this problem by providing a lightweight, easy-to-use alternative. In a few lines of code, users can create Model Playgrounds - standardized <abbrev alt="Machine Learning">ML</abbrev> project spaces that offer an all-in-one toolkit for collaborative model improvement, experiment tracking, model metadata analytics, and instant model deployment, allowing researchers to rapidly iterate on <abbrev alt="Machine Learning">ML</abbrev> models in one streamlined workflow. The present paper provides an introduction to <abbrev alt="Model Share AI">AIMS</abbrev> by situating it in relation to other current solutions and outlining its key functions, technical background, and workflow.</p>
</sec>
<sec id="sec-2">
<label>2</label>
<title>Related Work</title>
<p>The primary objective of <abbrev alt="Model Share AI">AIMS</abbrev> is to offer an easy pathway to organize <abbrev alt="Machine Learning">ML</abbrev> projects by reducing common and complex tasks down to minimal code. Its approach builds on the work of various projects focused on providing value for common <abbrev alt="Machine Learning">ML</abbrev> tasks (e.g., model improvement, version tracking, deployment, etc.). Currently, there are several open-source tools and platforms, such as Hugging Face Hub (<xref ref-type="bibr" rid="ref-8">Hugging Face Hub, 2023</xref>), TensorFlow Hub (<xref ref-type="bibr" rid="ref-9">TensorFlow Hub, 2023</xref>), <abbrev alt="Machine Learning">ML</abbrev>flow (<xref ref-type="bibr" rid="ref-5">MLflow, 2023</xref>; <xref ref-type="bibr" rid="ref-7">Chen <italic>et al.</italic>, 2020</xref>; <xref ref-type="bibr" rid="ref-4">Zaharia <italic>et al.</italic>, 2018</xref>), and Open<abbrev alt="Machine Learning">ML</abbrev> (<xref ref-type="bibr" rid="ref-25">Feurer <italic>et al.</italic>, 2021</xref>; <xref ref-type="bibr" rid="ref-22">Vanschoren <italic>et al.</italic>, 2014</xref>; <xref ref-type="bibr" rid="ref-19">Rijn <italic>et al.</italic>, 2013</xref>), providing <abbrev alt="Machine Learning">ML</abbrev> model repositories where researchers can find and download model objects or deploy models. Hugging Face Hub (<xref ref-type="bibr" rid="ref-8">Hugging Face Hub, 2023</xref>) is a platform allowing users to share pre-trained models, datasets, and demos of <abbrev alt="Machine Learning">ML</abbrev> projects. It has GitHub-inspired features for code-sharing and collaboration, such as discussions and pull requests, and it includes a pathway for model deployment into API endpoints. Similarly, TensorFlow Hub (<xref ref-type="bibr" rid="ref-9">TensorFlow Hub, 2023</xref>) is a repository and library for reusable <abbrev alt="Machine Learning">ML</abbrev> in TensorFlow, enabling users to fine-tune and deploy deep learning models. Deployment is facilitated by TensorFlow Serving (<xref ref-type="bibr" rid="ref-3">Olston <italic>et al.</italic>, 2017</xref>), which allows users to make their models accessible on a server through API endpoints. <abbrev alt="Machine Learning">ML</abbrev>flow (<xref ref-type="bibr" rid="ref-7">Chen <italic>et al.</italic>, 2020</xref>; <xref ref-type="bibr" rid="ref-5">MLflow, 2023</xref>; <xref ref-type="bibr" rid="ref-4">Zaharia <italic>et al.</italic>, 2018</xref>) is an open-source platform that manages the end-to-end <abbrev alt="Machine Learning">ML</abbrev> lifecycle. It provides experiment tracking, code packaging, a model registry, model serving, and integration with all popular <abbrev alt="Machine Learning">ML</abbrev> frameworks. While Hugging Face Hub, TensorFlow Hub, and <abbrev alt="Machine Learning">ML</abbrev>flow are well suited for large-scale deep learning tasks, Open<abbrev alt="Machine Learning">ML</abbrev> (<xref ref-type="bibr" rid="ref-25">Feurer <italic>et al.</italic>, 2021</xref>; <xref ref-type="bibr" rid="ref-22">Vanschoren <italic>et al.</italic>, 2014</xref>; <xref ref-type="bibr" rid="ref-19">Rijn <italic>et al.</italic>, 2013</xref>), focuses more on classic <abbrev alt="Machine Learning">ML</abbrev> and model reproducibility. Here, researchers can share, explore, and experiment with <abbrev alt="Machine Learning">ML</abbrev> models, datasets, and workflows, but there is currently no option for model deployment. The Open<abbrev alt="Machine Learning">ML</abbrev> API provides access through various programming languages, but users can also employ an Open<abbrev alt="Machine Learning">ML</abbrev> web interface to browse and visualize data, models, and experiments.</p>
<p>Hugging Face Hub and TensorFlow Hub are primarily <italic>model-focused</italic> platforms, providing repositories of pre-trained models that users can fine-tune for their specific purposes. Open<abbrev alt="Machine Learning">ML</abbrev> and <abbrev alt="Machine Learning">ML</abbrev>flow, on the other hand, are more <italic>task-focused</italic>, emphasizing model evaluation and benchmarking on standardized tasks. While all of these platforms are extensively used by <abbrev alt="Machine Learning">ML</abbrev> researchers and practitioners, including for industry-scale projects, their wide range of features and customizations can be overwhelming for researchers from non-technical disciplines, students, and educators. In comparison, <abbrev alt="Model Share AI">AIMS</abbrev> stands out by prioritizing ease of use and a hyper-collaborative approach. Unlike Hugging Face Hub and TensorFlow Hub, <abbrev alt="Model Share AI">AIMS</abbrev> emphasizes model metadata analytics and task-focused collaboration. Compared to <abbrev alt="Machine Learning">ML</abbrev>flow, it offers more community-based features like competitions that promote collective problem-solving and crowd-sourcing. Moreover, while Open<abbrev alt="Machine Learning">ML</abbrev> excels in model evaluation and benchmarking, <abbrev alt="Model Share AI">AIMS</abbrev> provides additional capabilities for model deployment, allowing users to share models directly from their local environment into live REST APIs and auto-generated web applications. Taken together, the key distinctions of <abbrev alt="Model Share AI">AIMS</abbrev> are its beginner-friendly design and its strong focus on collaborative model development, as well as its goal of providing value not just for <abbrev alt="Machine Learning">ML</abbrev> researchers but also for researchers, practitioners, and educators from non-technical disciplines.</p>
</sec>
<sec id="sec-3">
<label>3</label>
<title>Model Share <abbrev alt="Artificial Intelligence">AI</abbrev></title>
<p><abbrev alt="Model Share AI">AIMS</abbrev> provides standardized <abbrev alt="Machine Learning">ML</abbrev> project spaces (Model Playgrounds; see <xref ref-type="fig" rid="figure-1">Figure 1</xref>) with accessible <abbrev alt="Machine Learning">ML</abbrev>Ops features designed to support collaborative model development, model metadata analytics, and model deployment, as well as a host of other functions aiming to maximize the real-world impact of <abbrev alt="Machine Learning">ML</abbrev> research. As such, it simplifies, combines, and extends the capabilities of current solutions in 4 important ways:</p>
<list list-type="order">
<list-item>
<p>Collaborative model development: <abbrev alt="Model Share AI">AIMS</abbrev> facilitates collaborative model development and crowd-sourcing through standardized model evaluation procedures, experiment tracking, and competitions.</p>
</list-item><list-item>
<p>Model registry: <abbrev alt="Model Share AI">AIMS</abbrev> hosts model objects, as well as model metadata, automatically extracted from each model submission, enabling users to analyze which modeling decisions lead to high performance on specific tasks.</p>
</list-item><list-item>
<p>Model deployment: Model deployment is simplified considerably, allowing users to share their models into live REST APIs and pre-built web apps directly from their Python training environments with just a few lines of code.</p>
</list-item><list-item>
<p><abbrev alt="Model Share AI">AIMS</abbrev> provides a wide range of supporting functionalities, including workflows for reproducibility, data sharing, code sharing, creating <abbrev alt="Machine Learning">ML</abbrev> project portfolios, and more.</p>
</list-item>
</list>
<fig id="figure-1">
<label>Figure 1:</label>
<caption>
<p>A Model Playground is a standardized <abbrev alt="Machine Learning">ML</abbrev> project space, representing a <abbrev alt="Machine Learning">ML</abbrev> task that is associated with a specific dataset and a task type (classification, regression). A Model Playground includes Experiments and Competitions for collaborative model development, a model registry with model metadata and user-generated code, as well as deployment functionalities including a live REST API and pre-built web-apps.</p>
</caption>
<graphic mimetype="image" mime-subtype="png" xlink:href="files/fig_overview-56763cabac740c626c72126ac965dc1c.png"/>
</fig>
<sec id="sec-4">
<label>3.1</label>
<title>Key Functions</title>
<sec id="sec-5">
<label>3.1.1</label>
<title>Collaborative Model Development</title>
<p>A key feature of <abbrev alt="Model Share AI">AIMS</abbrev> is its focus on collaborative model development and crowd-sourced model improvement, enabling teams to iterate quickly by allowing collaborators to build on each other’s progress, even across libraries. For supervised learning tasks, users can collaboratively submit models into Experiments or Competitions associated with a Model Playground project in order to track model performance and rank submissions in standardized leaderboards according to their evaluation metric of choice. Experiments and Competitions are set up by providing holdout evaluation data against which the predictions of submitted models are evaluated. Standardized model evaluations allow collaborators to track the performance of their models along with a wide range of model metadata that are automatically extracted from submitted models and added to the model registry (see section below). Out of the box, <abbrev alt="Model Share AI">AIMS</abbrev> calculates accuracy, f1-score, precision, and recall for classification tasks, and mean squared error, root mean squared error, mean absolute error, and <inline-formula><alternatives><mml:math display="inline"><mml:msup><mml:mi>R</mml:mi><mml:mn>2</mml:mn></mml:msup></mml:math><tex-math><![CDATA[R^{2}]]></tex-math></alternatives></inline-formula>-scores for regression tasks. The main difference between Experiments and Competitions is that a proportion of the evaluation data is kept secret for Competitions, preventing participants from deliberately overfitting on evaluation data. Being able to submit models into shared Experiments enables <abbrev alt="Machine Learning">ML</abbrev> teams to standardize tasks, rigorously track their progress, and build on each other’s success, while Competitions facilitate crowd-sourced solutions. Both Experiments and Competitions can be either public (any <abbrev alt="Model Share AI">AIMS</abbrev> user can submit) or private (only designated team members can submit). Users can deploy any model from an Experiment or Competition into the REST API associated with their Model Playground with a single line of code.</p>
</sec>
<sec id="sec-6">
<label>3.1.2</label>
<title>Model Registry</title>
<p>Model versions are made available for each Model Playground and comprehensive model metadata are automatically extracted for each submitted model. In addition to evaluation metrics, this includes hyperparameter settings for Scikit-Learn models and model architecture data (such as layer types and dimensions, number of parameters, optimizers, loss function, memory size) for Keras and Pytorch models. Users can also submit any additional metadata they choose to capture. Model metadata are integrated into Competition and Experiment leaderboards, enabling users to analyze which types of models tend to perform well for a specific <abbrev alt="Machine Learning">ML</abbrev> task. Users can either visually explore leaderboards on their Model Playground page or they can download leaderboards into Pandas data frames to run their own analyses. There is also a set of <abbrev alt="Model Share AI">AIMS</abbrev> methods designed to visualize model metadata. For example, models can be compared in a color-coded layout showing differences in model architectures and hyperparameter settings. Furthermore, users can instantiate models from the <abbrev alt="Model Share AI">AIMS</abbrev> model registry into reproducible environments. Taken together, these functions are designed to streamline the management, collaboration, and deployment of <abbrev alt="Machine Learning">ML</abbrev> models, enhancing their discoverability, reproducibility, and traceability throughout their lifecycle.</p>
</sec>
<sec id="sec-7">
<label>3.1.3</label>
<title>Instant Model Deployment</title>
<p><abbrev alt="Model Share AI">AIMS</abbrev> currently allows users to deploy <abbrev alt="Machine Learning">ML</abbrev> models built in Scikit-Learn (<xref ref-type="bibr" rid="ref-15">Pedregosa <italic>et al.</italic>, 2011</xref>), Tensorflow Keras (<xref ref-type="bibr" rid="ref-2">Abadi <italic>et al.</italic>, 2016</xref>; <xref ref-type="bibr" rid="ref-20">Chollet, 2015</xref>), and Pytorch (<xref ref-type="bibr" rid="ref-1">Paszke <italic>et al.</italic>, 2019</xref>) into live REST APIs rapidly with minimal code. Additionally, users can deploy models from other <abbrev alt="Machine Learning">ML</abbrev> frameworks by transforming them into ONNX (Open Neural Network Exchange) format - an open-source format for standardized representations of <abbrev alt="Machine Learning">ML</abbrev> models with the goal of making them interoperable across platforms. Each deployed model is associated with a Model Playground page on the <abbrev alt="Model Share AI">AIMS</abbrev> website and a REST API endpoint hosted in a serverless AWS backend. End-users can either manually upload data to make predictions using an automatically generated web app on the Model Playground Page, or they can programmatically query the REST API associated with the model. In addition to auto-generated web apps, <abbrev alt="Model Share AI">AIMS</abbrev> enables users to submit their own Streamlit apps. Out of the box, <abbrev alt="Model Share AI">AIMS</abbrev> supports models built on tabular, text, image, audio, and video data. Allowing users to deploy models with minimal effort and making those models accessible to even non-technical end-users through web apps holds the promise of making <abbrev alt="Machine Learning">ML</abbrev> research applicable to real-world challenges.</p>
<fig id="figure-2">
<label>Figure 2:</label>
<caption>
<p>Overview of the <abbrev alt="Model Share AI">AIMS</abbrev> architecture. The <abbrev alt="Model Share AI">AIMS</abbrev> Python library allows users to create Model Playground pages, submit and deploy models, and analyze model metadata. The modelshare.ai website provides a graphical user interface to explore model metadata and generate predictions via auto-generated web apps. All required resources are automatically generated in scalable serverless cloud infrastructure.</p>
</caption>
<graphic mimetype="image" mime-subtype="png" xlink:href="files/fig_aims_architectur-41dc666d7978150d603d50a4b8bb52f4.png"/>
</fig>
</sec>
</sec>
<sec id="sec-8">
<label>3.2</label>
<title>Architecture</title>
<p><abbrev alt="Model Share AI">AIMS</abbrev> consists of three main components: an open-source Python library, user-owned cloud backend resources, and the <abbrev alt="Model Share AI">AIMS</abbrev> website (see <xref ref-type="fig" rid="figure-2">Figure 2</xref>). The <abbrev alt="Model Share AI">AIMS</abbrev> Python library is the main interface allowing users to set up Model Playground pages (including Experiments and Competitions), submit and deploy models, analyze model metadata, and reproduce model artifacts. It provides an accessible layer that facilitates the creation of the cloud backend resources that power REST APIs, as well as model evaluations and model metadata extraction. The <italic>ModelPlayground()</italic> class acts as a local representation of a Model Playground page and its associated REST API. It provides a range of methods to configure, change, and query Model Playground resources. A detailed overview of the Python library is provided below (<abbrev alt="Model Share AI">AIMS</abbrev> Workflow).</p>
<p>The cloud backend hosts model objects and associated artifacts in S3 storage, while REST APIs are deployed into serverless lambda functions. Lambda functions are programs or scripts that run on high-availability AWS compute infrastructure. They can be invoked by various event sources (e.g., API calls) and scale automatically based on the volume of incoming requests. This means that users do not have to maintain servers, and they only pay for the time and resources actually consumed, but not for idle time. The <abbrev alt="Model Share AI">AIMS</abbrev> Python library allows users to automatically generate and deploy lambda functions based on specific properties of their <abbrev alt="Machine Learning">ML</abbrev> tasks, without the need to explicitly manage any AWS resources. The most important lambda functions in the context of <abbrev alt="Model Share AI">AIMS</abbrev> are the Evaluation Lambda, which computes evaluation metrics and extracts model metadata from submitted models, and the Main Lambda, which computes predictions on data submitted through the REST API. Runtime models are automatically packaged into Docker containers that run on lambda. Additionally, certain metadata are stored in a centralized Redis database that powers the modelshare.ai website.</p>
<p>The <abbrev alt="Model Share AI">AIMS</abbrev> website hosts user profile pages, model pages, web apps, example code, and a documentation page, as well as user-generated code and documentation for their specific <abbrev alt="Machine Learning">ML</abbrev> projects (see Supplementary Information A-E).</p>
</sec>
<sec id="sec-9">
<label>3.3</label>
<title><abbrev alt="Model Share AI">AIMS</abbrev> Workflow</title>
<p>The <abbrev alt="Model Share AI">AIMS</abbrev> workflow is designed to help teams collaboratively and continuously train, evaluate, improve, select, and deploy models using standardized <abbrev alt="Machine Learning">ML</abbrev> project spaces or Model Playgrounds. After training a model, users submit their model to a Competition or Experiment associated with a Model Playground. The model is then automatically evaluated, and model metadata are extracted. Evaluations and metadata are made available via a graphical user interface on the Model Playground page or can be queried using the <abbrev alt="Model Share AI">AIMS</abbrev> Python library, enabling users to analyze which types of models perform well on a given learning task. This information can then be used to either improve the training process and submit more models or to select a model and instantly deploy it with a single line of code. Deployed models can easily be swapped out if they degrade over time or if they are outperformed by new submissions. An overview of the process can be found in <xref ref-type="fig" rid="figure-3">Figure 3</xref>.</p>
<fig id="figure-3">
<label>Figure 3:</label>
<caption>
<p><abbrev alt="Machine Learning">ML</abbrev>Ops workflow with <abbrev alt="Model Share AI">AIMS</abbrev>. Users iteratively train, submit, evaluate, and analyze their models. As contributors have access to model evaluations, model architecture metadata, and reproducible model objects of previous submissions, they can rapidly develop high-performing models. Submitted models can easily be deployed into live REST APIs. Deployed runtime models can be monitored and seamlessly be swapped out against newly submitted models.</p>
</caption>
<graphic mimetype="image" mime-subtype="png" xlink:href="files/fig_aims_workflow-60ca299667890b6bdcebbb9d6325a9ad.png"/>
</fig>
<p>In order to use <abbrev alt="Model Share AI">AIMS</abbrev>, users first need to create an <abbrev alt="Model Share AI">AIMS</abbrev> user profile and generate credentials through the <abbrev alt="Model Share AI">AIMS</abbrev> website. Additionally, users are required to generate AWS credentials if they wish to deploy models into their own AWS resources.</p>
<p>The <abbrev alt="Model Share AI">AIMS</abbrev> workflow is centered around the concept of Model Playgrounds. A Model Playground is a standardized <abbrev alt="Machine Learning">ML</abbrev> project space, representing an <abbrev alt="Machine Learning">ML</abbrev> project that is associated with a specific dataset and a task type, such as classification or regression. A Model Playground is first instantiated locally using the <italic>ModelPlayground()</italic> class of the <abbrev alt="Model Share AI">AIMS</abbrev> Python library. Here, users need to specify the <italic>input_type</italic> (tabular, text, image, audio, etc.) and the <italic>task_type</italic> (classification, regression), as well as select whether their Model Playground should be public or private. Private Model Playgrounds can only be accessed by invited collaborators, whereas public Model Playgrounds are open to all <abbrev alt="Model Share AI">AIMS</abbrev> users. After instantiating their Model Playground object, users can create an online Model Playground page by calling the <italic>create()</italic> method and submitting their evaluation data. This generates a fully functioning Model Playground Page on the <abbrev alt="Model Share AI">AIMS</abbrev> website, including a placeholder REST API, and enables users to submit models into associated Experiments and Competitions.</p>
<p>Once a Model Playground Page is created, users can start submitting models to Experiments or Competitions and deploy models into the Model Playground’s REST API. A model submission includes a model object (Scikit-Learn, Keras, PyTorch, ONNX), a preprocessor function, and a set of predicted values corresponding to the previously submitted evaluation data. The predictions are then evaluated against the evaluation data, and model metadata are automatically extracted from model objects. Users can submit additional metadata in dictionary format using the <italic>custom_metadata</italic> argument of the <italic>submit_model()</italic> method. After submitting one or more models, users can explore evaluations and model metadata on the associated Model Playground page or query this information for further analysis using the <italic>get_leaderboard()</italic> and <italic>compare_models()</italic> methods. To inspect and improve models, users can instantiate models from the leaderboard using the <italic>instantiate_model()</italic> method. Alternatively, users can instantly deploy a model using the <italic>deploy_model()</italic> method by referring to the model’s leaderboard version number. Additionally, users should submit example data, which will help end-users format their input data correctly, and y training data to help the web app and prediction API transform raw model outputs into the correct labels. As mentioned above, the process does not stop when a model is deployed. Users can submit and analyze more models, informed by previous submissions, and easily monitor and swap out the runtime model using the <italic>update_runtime_model()</italic> method. An overview of the model deployment process, including code, is available in <xref ref-type="fig" rid="figure-4">Figure 4</xref>. Detailed tutorials and documentation can be found in Supplementary Information A.</p>
<fig id="figure-4">
<label>Figure 4:</label>
<caption>
<p>Model deployment process: Models can be deployed with just a few lines of code. After instantiating a local Model Playground object, users can create a Model Playground page that is ready for model submissions. Submitted models are automatically evaluated and can be deployed into live REST APIs.</p>
</caption>
<graphic mimetype="image" mime-subtype="png" xlink:href="files/fig_aims_code_new-8e63604edadea112c334cab630b8323e.png"/>
</fig>
</sec>
</sec>
<sec id="sec-10">
<label>4</label>
<title>Impact</title>
<p>Collaborative model improvement and crowd-sourcing are important, not only because they make teams more efficient but also because they foster diverse perspectives. Such collective efforts can contribute to the democratization of <abbrev alt="Machine Learning">ML</abbrev>, provide access to resources for a wider audience, and enable community-driven innovation. For instance, the <abbrev alt="Model Share AI">AIMS</abbrev> Competition feature can facilitate crowd-sourced research projects in various disciplines utilizing the common task framework. Relatedly, the <abbrev alt="Model Share AI">AIMS</abbrev> model registry promotes discoverability, transparency, and reproducibility by providing a centralized platform for users to find models and their associated metadata. Sharing model metadata, such as model architectures, hyperparameters, training data, and evaluation metrics, allows researchers to verify previous results and build upon each other’s work. The repository also acts as an educational resource, offering students, educators, and self-learners the opportunity to study various <abbrev alt="Machine Learning">ML</abbrev> models, techniques, and best practices. For example, <abbrev alt="Model Share AI">AIMS</abbrev> has thus far been extensively used in classrooms at Columbia University and beyond to organize challenges, collaboratively work on <abbrev alt="Machine Learning">ML</abbrev> projects, and make models accessible through API endpoints. In addition, <abbrev alt="Model Share AI">AIMS</abbrev> is positioned to realize several important missions with regard to model deployment. Firstly, simplifying model deployment is important because it lowers barriers to entry, allowing more developers, researchers, and organizations to incorporate <abbrev alt="Machine Learning">ML</abbrev> in their projects. Secondly, easier deployment saves resources and time, so that developers can dedicate more effort to model training, tuning, and evaluation. Ultimately, a streamlined deployment process allows users to iterate faster and explore novel ideas in real-world contexts.</p>
</sec>
<sec id="sec-11">
<label>5</label>
<title>Future Work</title>
<p>While <abbrev alt="Model Share AI">AIMS</abbrev> provides a simple approach to collaborative model development and deployment, there are opportunities for further improvements. Firstly, it is important to strike the right balance between flexibility and ease of use. A highly flexible platform may allow researchers to use various <abbrev alt="Machine Learning">ML</abbrev> frameworks and libraries, accommodate a wide range of data sources and formats, and support custom deployment strategies. However, this flexibility may come at the cost of increased complexity and a harder learning curve for users. On the other hand, a more user-friendly solution might provide a simpler, more streamlined interface but may lack the flexibility to accommodate unique or complex requirements. By default, <abbrev alt="Model Share AI">AIMS</abbrev> prioritizes standardization and ease of use, making it attractive for researchers, educators, and data scientists who are interested in quick and lightweight solutions. For users who want more flexibility, <abbrev alt="Model Share AI">AIMS</abbrev> provides customizations, such as custom AWS lambda functions, custom containers, and custom metadata submissions. We will continue to extend the functionality of <abbrev alt="Model Share AI">AIMS</abbrev> to make it useful for a wide range of users and applications. This includes making the platform compatible with more advanced model types, task types, and <abbrev alt="Machine Learning">ML</abbrev> frameworks (e.g., PySpark). Relatedly, future work could include additional <abbrev alt="Machine Learning">ML</abbrev>Ops functionality, including improved pathways for monitoring, model explainability, continuous retraining, and automated <abbrev alt="Machine Learning">ML</abbrev> (Auto<abbrev alt="Machine Learning">ML</abbrev>) (<xref ref-type="bibr" rid="ref-16">Hutter <italic>et al.</italic>, 2019</xref>; <xref ref-type="bibr" rid="ref-73">He <italic>et al.</italic>, 2021</xref>). The latter point is of special interest, as each new model submission contributes to a growing repository of evaluated, reusable <abbrev alt="Machine Learning">ML</abbrev> models, including rich model metadata. These resources can be utilized to suggest pre-trained models that are expected to work well for a given task or enable users to run their own analyses to choose pre-trained models. We hope that <abbrev alt="Model Share AI">AIMS</abbrev> will become a resource for researchers interested in meta-learning (<xref ref-type="bibr" rid="ref-70">Hospedales <italic>et al.</italic>, 2020</xref>; <xref ref-type="bibr" rid="ref-69">Finn <italic>et al.</italic>, 2017</xref>) and related problems. Additionally, we expect <abbrev alt="Model Share AI">AIMS</abbrev> to be used increasingly by researchers from various disciplines, including social sciences and natural sciences, trying to solve substantive questions through <abbrev alt="Machine Learning">ML</abbrev>. We are planning to further accommodate their diverse needs in order to promote cross-fertilization and widespread participation in the promise of applied <abbrev alt="Machine Learning">ML</abbrev> research.</p>
</sec>
<sec id="sec-12">
<label>6</label>
<title>Conclusion</title>
<p><abbrev alt="Model Share AI">AIMS</abbrev> provides a versatile yet easy-to-use approach to collaborative model development, model metadata analytics, and model deployment. It enables users to quickly find, analyze, and collaboratively improve trained <abbrev alt="Machine Learning">ML</abbrev> models, and to share models from their local environment directly into live REST APIs and pre-built web applications in a single tightly integrated workflow. Compared to existing solutions, <abbrev alt="Model Share AI">AIMS</abbrev> is intended to lower the barriers of entry to <abbrev alt="Machine Learning">ML</abbrev> research, making it attractive to a large group of researchers, educators, and data scientists. We are confident that <abbrev alt="Model Share AI">AIMS</abbrev> will become a widely used tool and maximize the real-world impact of <abbrev alt="Machine Learning">ML</abbrev> research.</p>
</sec>
<sec id="sec-13">
<title>Acknowledgments</title>
<p>M.P. developed the original idea for the Model Share <abbrev alt="Artificial Intelligence">AI</abbrev> platform in 2019, assembled the team, and led the way to the platform’s completion as the chief engineer and team lead. H.P. has contributed to the development of the <abbrev alt="Model Share AI">AIMS</abbrev> Python library and has had pivotal impact on ideation and development since 2020. We are profoundly grateful to our early and repeated organizational backers. Columbia University’s QMSS program and Director Greg Eirich were early supporters. Professor David Park, Columbia University’s former GSAS Dean of Strategic Initiatives, helped to carve out a strategy that led to the project’s eventual fundraising success. A special acknowledgment goes to Columbia University’s ISERP Startup Center. Their funding enabled Dr. Michael Parrott, our founding Director, to assemble an early team and develop a prototype of the platform. This early funding and technical prototype laid the groundwork for further large-scale funding and support from the Alfred P. Sloan Foundation. Director Josh Greenburg and the Tech program team at Sloan gave us the momentum and repeated support to innovate and build what has become the first research and education-facing <abbrev alt="Machine Learning">ML</abbrev>Ops platform. Without their grant resources and their belief in our success, this project would have been impossible. Of course, resources are only a starting point. We must highlight the exceptional contributions of Sam Alsmadi, who developed the <abbrev alt="Model Share AI">AIMS</abbrev> website, and Gretchen Street, who led the way on library user security, <abbrev alt="Machine Learning">ML</abbrev> datasets, and documentation. Finally, we want to thank the talented alumni who have contributed code over the years. This platform would not have been possible without all your hard work and innovation!</p>
</sec>
</body>
<back>
<ref-list>
<ref id="ref-65">
<element-citation publication-type="journal">
<article-title>Is Data Scientist Still the Sexiest Job of the 21st Century?</article-title>
<person-group person-group-type="author">
<name><surname>Davenport</surname><given-names>Thomas H.</given-names></name>
<name><surname>Patil</surname><given-names>D. J.</given-names></name>
</person-group><source>Harvard Business Review</source><year iso-8601-date="2022">2022</year>
<issn>0017-8012</issn>
</element-citation>
</ref>
<ref id="ref-11">
<element-citation publication-type="webpage">
<article-title>Models Are Rarely Deployed: An Industry-wide Failure in Machine Learning Leadership</article-title>
<person-group person-group-type="author">
<name><surname>Siegel</surname><given-names>Eric</given-names></name>
</person-group><year iso-8601-date="2022">2022</year></element-citation>
</ref>
<ref id="ref-8">
<element-citation publication-type="webpage">
<article-title>Hugging Face Hub</article-title>
<year iso-8601-date="2023">2023</year></element-citation>
</ref>
<ref id="ref-9">
<element-citation publication-type="webpage">
<article-title>TensorFlow Hub</article-title>
<year iso-8601-date="2023">2023</year></element-citation>
</ref>
<ref id="ref-5">
<element-citation publication-type="webpage">
<article-title>MLflow</article-title>
<year iso-8601-date="2023">2023</year></element-citation>
</ref>
<ref id="ref-7">
<element-citation publication-type="paper-conference">
<article-title>Developments in MLflow: A System to Accelerate the Machine Learning Lifecycle</article-title>
<person-group person-group-type="author">
<name><surname>Chen</surname><given-names>Andrew</given-names></name>
<name><surname>Chow</surname><given-names>Andy</given-names></name>
<name><surname>Davidson</surname><given-names>Aaron</given-names></name>
<name><surname>DCunha</surname><given-names>Arjun</given-names></name>
<name><surname>Ghodsi</surname><given-names>Ali</given-names></name>
<name><surname>Hong</surname><given-names>Sue Ann</given-names></name>
<name><surname>Konwinski</surname><given-names>Andy</given-names></name>
<name><surname>Mewald</surname><given-names>Clemens</given-names></name>
<name><surname>Murching</surname><given-names>Siddharth</given-names></name>
<name><surname>Nykodym</surname><given-names>Tomas</given-names></name>
<name><surname>Ogilvie</surname><given-names>Paul</given-names></name>
<name><surname>Parkhe</surname><given-names>Mani</given-names></name>
<name><surname>Singh</surname><given-names>Avesh</given-names></name>
<name><surname>Xie</surname><given-names>Fen</given-names></name>
<name><surname>Zaharia</surname><given-names>Matei</given-names></name>
<name><surname>Zang</surname><given-names>Richard</given-names></name>
<name><surname>Zheng</surname><given-names>Juntai</given-names></name>
<name><surname>Zumar</surname><given-names>Corey</given-names></name>
</person-group><source>Proceedings of the Fourth International Workshop on Data Management for End-to-End Machine Learning</source><year iso-8601-date="2020">2020</year><pub-id pub-id-type="doi">10.1145/3399579.3399867</pub-id><fpage>1</fpage><lpage>4</lpage></element-citation>
</ref>
<ref id="ref-4">
<element-citation publication-type="journal">
<article-title>Accelerating the Machine Learning Lifecycle with MLflow</article-title>
<person-group person-group-type="author">
<name><surname>Zaharia</surname><given-names>M.</given-names></name>
<name><surname>Chen</surname><given-names>A.</given-names></name>
<name><surname>Davidson</surname><given-names>A.</given-names></name>
<name><surname>Ghodsi</surname><given-names>A.</given-names></name>
<name><surname>Hong</surname><given-names>S.</given-names></name>
<name><surname>Konwinski</surname><given-names>A.</given-names></name>
<name><surname>Murching</surname><given-names>Siddharth</given-names></name>
<name><surname>Nykodym</surname><given-names>Tomas</given-names></name>
<name><surname>Ogilvie</surname><given-names>Paul</given-names></name>
<name><surname>Parkhe</surname><given-names>Mani</given-names></name>
<name><surname>Xie</surname><given-names>Fen</given-names></name>
<name><surname>Zumar</surname><given-names>Corey</given-names></name>
</person-group><source>IEEE Data Eng. Bull.</source><year iso-8601-date="2018">2018</year></element-citation>
</ref>
<ref id="ref-25">
<element-citation publication-type="journal">
<article-title>Openml-python: an extensible python api for openml</article-title>
<person-group person-group-type="author">
<name><surname>Feurer</surname><given-names>Matthias</given-names></name>
<name><surname>Van Rijn</surname><given-names>Jan N.</given-names></name>
<name><surname>Kadra</surname><given-names>Arlind</given-names></name>
<name><surname>Gijsbers</surname><given-names>Pieter</given-names></name>
<name><surname>Mallik</surname><given-names>Neeratyoy</given-names></name>
<name><surname>Ravi</surname><given-names>Sahithya</given-names></name>
<name><surname>Müller</surname><given-names>Andreas</given-names></name>
<name><surname>Vanschoren</surname><given-names>Joaquin</given-names></name>
<name><surname>Hutter</surname><given-names>Frank</given-names></name>
</person-group><source>The Journal of Machine Learning Research</source><year iso-8601-date="2021">2021</year><volume>22</volume><issue>1</issue><fpage>4573</fpage><lpage>4577</lpage></element-citation>
</ref>
<ref id="ref-22">
<element-citation publication-type="journal">
<article-title>OpenML: networked science in machine learning</article-title>
<person-group person-group-type="author">
<name><surname>Vanschoren</surname><given-names>Joaquin</given-names></name>
<name><surname>Rijn</surname><given-names>Jan N.</given-names></name>
<name><surname>Bischl</surname><given-names>Bernd</given-names></name>
<name><surname>Torgo</surname><given-names>Luis</given-names></name>
</person-group><source>ACM SIGKDD Explorations Newsletter</source><year iso-8601-date="2014">2014</year><pub-id pub-id-type="doi">10.1145/2641190.2641198</pub-id><volume>15</volume><issue>2</issue><fpage>49</fpage><lpage>60</lpage>
<issn>1931-0145</issn>
</element-citation>
</ref>
<ref id="ref-19">
<element-citation publication-type="paper-conference">
<article-title>OpenML: A Collaborative Science Platform</article-title>
<person-group person-group-type="author">
<name><surname>Rijn</surname><given-names>Jan N.</given-names></name>
<name><surname>Bischl</surname><given-names>Bernd</given-names></name>
<name><surname>Torgo</surname><given-names>Luis</given-names></name>
<name><surname>Gao</surname><given-names>Bo</given-names></name>
<name><surname>Umaashankar</surname><given-names>Venkatesh</given-names></name>
<name><surname>Fischer</surname><given-names>Simon</given-names></name>
<name><surname>Winter</surname><given-names>Patrick</given-names></name>
<name><surname>Wiswedel</surname><given-names>Bernd</given-names></name>
<name><surname>Berthold</surname><given-names>Michael R.</given-names></name>
<name><surname>Vanschoren</surname><given-names>Joaquin</given-names></name>
</person-group><source>Machine Learning and Knowledge Discovery in Databases</source><year iso-8601-date="2013">2013</year><pub-id pub-id-type="doi">10.1007/978-3-642-40994-3_46</pub-id><fpage>645</fpage><lpage>649</lpage></element-citation>
</ref>
<ref id="ref-3">
<element-citation publication-type="document">
<article-title>TensorFlow-Serving: Flexible, High-Performance ML Serving</article-title>
<person-group person-group-type="author">
<name><surname>Olston</surname><given-names>Christopher</given-names></name>
<name><surname>Fiedel</surname><given-names>Noah</given-names></name>
<name><surname>Gorovoy</surname><given-names>Kiril</given-names></name>
<name><surname>Harmsen</surname><given-names>Jeremiah</given-names></name>
<name><surname>Lao</surname><given-names>Li</given-names></name>
<name><surname>Li</surname><given-names>Fangwei</given-names></name>
<name><surname>Rajashekhar</surname><given-names>Vinu</given-names></name>
<name><surname>Ramesh</surname><given-names>Sukriti</given-names></name>
<name><surname>Soyke</surname><given-names>Jordan</given-names></name>
</person-group><year iso-8601-date="2017">2017</year><pub-id pub-id-type="doi">10.48550/arXiv.1712.06139</pub-id></element-citation>
</ref>
<ref id="ref-15">
<element-citation publication-type="journal">
<article-title>Scikit-learn: Machine Learning in Python</article-title>
<person-group person-group-type="author">
<name><surname>Pedregosa</surname><given-names>Fabian</given-names></name>
<name><surname>Varoquaux</surname><given-names>Gaël</given-names></name>
<name><surname>Gramfort</surname><given-names>Alexandre</given-names></name>
<name><surname>Michel</surname><given-names>Vincent</given-names></name>
<name><surname>Thirion</surname><given-names>Bertrand</given-names></name>
<name><surname>Grisel</surname><given-names>Olivier</given-names></name>
<name><surname>Blondel</surname><given-names>Mathieu</given-names></name>
<name><surname>Prettenhofer</surname><given-names>Peter</given-names></name>
<name><surname>Weiss</surname><given-names>Ron</given-names></name>
<name><surname>Dubourg</surname><given-names>Vincent</given-names></name>
<name><surname>Vanderplas</surname><given-names>Jake</given-names></name>
<name><surname>Passos</surname><given-names>Alexandre</given-names></name>
<name><surname>Cournapeau</surname><given-names>David</given-names></name>
<name><surname>Brucher</surname><given-names>Matthieu</given-names></name>
<name><surname>Perrot</surname><given-names>Matthieu</given-names></name>
<name><surname>Duchesnay</surname><given-names>Édouard</given-names></name>
</person-group><source>Journal of Machine Learning Research</source><year iso-8601-date="2011">2011</year><volume>12</volume><fpage>2825</fpage><lpage>2830</lpage>
<issn>1533-7928</issn>
</element-citation>
</ref>
<ref id="ref-2">
<element-citation publication-type="journal">
<article-title>TensorFlow: A system for large-scale machine learning</article-title>
<person-group person-group-type="author">
<name><surname>Abadi</surname><given-names>Martın</given-names></name>
<name><surname>Barham</surname><given-names>Paul</given-names></name>
<name><surname>Chen</surname><given-names>Jianmin</given-names></name>
<name><surname>Chen</surname><given-names>Zhifeng</given-names></name>
<name><surname>Davis</surname><given-names>Andy</given-names></name>
<name><surname>Dean</surname><given-names>Jeffrey</given-names></name>
<name><surname>Devin</surname><given-names>Matthieu</given-names></name>
<name><surname>Ghemawat</surname><given-names>Sanjay</given-names></name>
<name><surname>Irving</surname><given-names>Geoffrey</given-names></name>
<name><surname>Isard</surname><given-names>Michael</given-names></name>
<name><surname>Kudlur</surname><given-names>Manjunath</given-names></name>
<name><surname>Levenberg</surname><given-names>Josh</given-names></name>
<name><surname>Monga</surname><given-names>Rajat</given-names></name>
<name><surname>Moore</surname><given-names>Sherry</given-names></name>
<name><surname>Murray</surname><given-names>Derek G</given-names></name>
<name><surname>Steiner</surname><given-names>Benoit</given-names></name>
<name><surname>Tucker</surname><given-names>Paul</given-names></name>
<name><surname>Vasudevan</surname><given-names>Vijay</given-names></name>
<name><surname>Warden</surname><given-names>Pete</given-names></name>
<name><surname>Wicke</surname><given-names>Martin</given-names></name>
<name><surname>Yu</surname><given-names>Yuan</given-names></name>
<name><surname>Zheng</surname><given-names>Xiaoqiang</given-names></name>
</person-group><year iso-8601-date="2016">2016</year><pub-id pub-id-type="doi">https://doi.org/10.48550/arXiv.1605.08695</pub-id></element-citation>
</ref>
<ref id="ref-20">
<element-citation publication-type="webpage">
<article-title>Keras: the Python deep learning API</article-title>
<person-group person-group-type="author">
<name><surname>Chollet</surname><given-names>Francois</given-names></name>
</person-group><year iso-8601-date="2015">2015</year></element-citation>
</ref>
<ref id="ref-1">
<element-citation publication-type="document">
<article-title>PyTorch: An Imperative Style, High-Performance Deep Learning Library</article-title>
<person-group person-group-type="author">
<name><surname>Paszke</surname><given-names>Adam</given-names></name>
<name><surname>Gross</surname><given-names>Sam</given-names></name>
<name><surname>Massa</surname><given-names>Francisco</given-names></name>
<name><surname>Lerer</surname><given-names>Adam</given-names></name>
<name><surname>Bradbury</surname><given-names>James</given-names></name>
<name><surname>Chanan</surname><given-names>Gregory</given-names></name>
<name><surname>Killeen</surname><given-names>Trevor</given-names></name>
<name><surname>Lin</surname><given-names>Zeming</given-names></name>
<name><surname>Gimelshein</surname><given-names>Natalia</given-names></name>
<name><surname>Antiga</surname><given-names>Luca</given-names></name>
<name><surname>Desmaison</surname><given-names>Alban</given-names></name>
<name><surname>Köpf</surname><given-names>Andreas</given-names></name>
<name><surname>Yang</surname><given-names>Edward</given-names></name>
<name><surname>DeVito</surname><given-names>Zach</given-names></name>
<name><surname>Raison</surname><given-names>Martin</given-names></name>
<name><surname>Tejani</surname><given-names>Alykhan</given-names></name>
<name><surname>Chilamkurthy</surname><given-names>Sasank</given-names></name>
<name><surname>Steiner</surname><given-names>Benoit</given-names></name>
<name><surname>Fang</surname><given-names>Lu</given-names></name>
<name><surname>Bai</surname><given-names>Junjie</given-names></name>
<name><surname>Chintala</surname><given-names>Soumith</given-names></name>
</person-group><year iso-8601-date="2019">2019</year><pub-id pub-id-type="doi">10.48550/arXiv.1912.01703</pub-id></element-citation>
</ref>
<ref id="ref-16">
<element-citation publication-type="book">
<article-title>Automated Machine Learning: Methods, Systems, Challenges</article-title>
<year iso-8601-date="2019">2019</year><pub-id pub-id-type="doi">https://doi.org/10.1007/978-3-030-05318-5</pub-id></element-citation>
</ref>
<ref id="ref-73">
<element-citation publication-type="journal">
<article-title>AutoML: A Survey of the State-of-the-Art</article-title>
<person-group person-group-type="author">
<name><surname>He</surname><given-names>Xin</given-names></name>
<name><surname>Zhao</surname><given-names>Kaiyong</given-names></name>
<name><surname>Chu</surname><given-names>Xiaowen</given-names></name>
</person-group><source>Knowledge-Based Systems</source><year iso-8601-date="2021">2021</year><pub-id pub-id-type="doi">10.1016/j.knosys.2020.106622</pub-id><volume>212</volume><fpage>106622</fpage>
<issn>09507051</issn>
</element-citation>
</ref>
<ref id="ref-70">
<element-citation publication-type="document">
<article-title>Meta-Learning in Neural Networks: A Survey</article-title>
<person-group person-group-type="author">
<name><surname>Hospedales</surname><given-names>Timothy</given-names></name>
<name><surname>Antoniou</surname><given-names>Antreas</given-names></name>
<name><surname>Micaelli</surname><given-names>Paul</given-names></name>
<name><surname>Storkey</surname><given-names>Amos</given-names></name>
</person-group><year iso-8601-date="2020">2020</year><pub-id pub-id-type="doi">10.48550/arXiv.2004.05439</pub-id></element-citation>
</ref>
<ref id="ref-69">
<element-citation publication-type="document">
<article-title>Model-Agnostic Meta-Learning for Fast Adaptation of Deep Networks</article-title>
<person-group person-group-type="author">
<name><surname>Finn</surname><given-names>Chelsea</given-names></name>
<name><surname>Abbeel</surname><given-names>Pieter</given-names></name>
<name><surname>Levine</surname><given-names>Sergey</given-names></name>
</person-group><year iso-8601-date="2017">2017</year><pub-id pub-id-type="doi">10.48550/arXiv.1703.03400</pub-id></element-citation>
</ref>
</ref-list>
</back>
<sub-article id="supplementary-information">
<front-stub>
<contrib-group>
<contrib contrib-type="author" corresp="yes">
<contrib-id contrib-id-type="orcid">https://orcid.org/0000-0002-0571-6388</contrib-id>
<name name-style="western"><surname>Peters</surname><given-names>Heinrich</given-names></name>
<role vocab="credit" vocab-identifier="https://credit.niso.org/" vocab-term="Conceptualization" vocab-term-identifier="https://credit.niso.org/contributor-roles/conceptualization/">Conceptualization</role>
<role vocab="credit" vocab-identifier="https://credit.niso.org/" vocab-term="Methodology" vocab-term-identifier="https://credit.niso.org/contributor-roles/methodology/">Methodology</role>
<role vocab="credit" vocab-identifier="https://credit.niso.org/" vocab-term="Software" vocab-term-identifier="https://credit.niso.org/contributor-roles/software/">Software</role>
<role vocab="credit" vocab-identifier="https://credit.niso.org/" vocab-term="Writing – original draft" vocab-term-identifier="https://credit.niso.org/contributor-roles/writing-original-draft/">Writing – original draft</role>
<xref ref-type="aff" rid="aff-2"/>
<email>hp2500@columbia.edu</email>
</contrib>
<contrib contrib-type="author">
<name name-style="western"><surname>Parrott</surname><given-names>Michael</given-names></name>
<role vocab="credit" vocab-identifier="https://credit.niso.org/" vocab-term="Conceptualization" vocab-term-identifier="https://credit.niso.org/contributor-roles/conceptualization/">Conceptualization</role>
<role vocab="credit" vocab-identifier="https://credit.niso.org/" vocab-term="Methodology" vocab-term-identifier="https://credit.niso.org/contributor-roles/methodology/">Methodology</role>
<role vocab="credit" vocab-identifier="https://credit.niso.org/" vocab-term="Software" vocab-term-identifier="https://credit.niso.org/contributor-roles/software/">Software</role>
<role vocab="credit" vocab-identifier="https://credit.niso.org/" vocab-term="Resources" vocab-term-identifier="https://credit.niso.org/contributor-roles/resources/">Resources</role>
<role vocab="credit" vocab-identifier="https://credit.niso.org/" vocab-term="Writing – review &amp; editing" vocab-term-identifier="https://credit.niso.org/contributor-roles/writing-review-editing/">Writing – review &amp; editing</role>
<role vocab="credit" vocab-identifier="https://credit.niso.org/" vocab-term="Supervision" vocab-term-identifier="https://credit.niso.org/contributor-roles/supervision/">Supervision</role>
<role vocab="credit" vocab-identifier="https://credit.niso.org/" vocab-term="Project administration" vocab-term-identifier="https://credit.niso.org/contributor-roles/project-administration/">Project administration</role>
<role vocab="credit" vocab-identifier="https://credit.niso.org/" vocab-term="Funding acquisition" vocab-term-identifier="https://credit.niso.org/contributor-roles/funding-acquisition/">Funding acquisition</role>
<xref ref-type="aff" rid="aff-2"/>
<email>mp3675@columbia.edu</email>
</contrib>
</contrib-group>
<aff id="aff-2">
<institution-wrap>
<institution>Columbia University</institution>
</institution-wrap>
</aff>
</front-stub>
<body>
<sec id="sec-14">
<sec id="sec-15">
<label>1</label>
<title>Supplementary Information</title>
</sec>
</sec>
<sec id="sec-16">
<sec id="sec-17">
<label>1.1</label>
<title>A) Tutorials, Code, and Documentation</title>
<list list-type="bullet">
<list-item>
<p><ext-link ext-link-type="uri" xlink:href="https://colab.research.google.com/github/AIModelShare/aimodelshare_tutorials/blob/main/modelshareai/QST_Tabular_Classification.ipynb">Tabular Classification Tutorial</ext-link></p>
</list-item><list-item>
<p><ext-link ext-link-type="uri" xlink:href="https://colab.research.google.com/github/AIModelShare/aimodelshare_tutorials/blob/main/modelshareai/Keras_Image_Classification_Quick_Start_Tutorial.ipynb">Image Classification Tutorial</ext-link></p>
</list-item><list-item>
<p><ext-link ext-link-type="uri" xlink:href="https://colab.research.google.com/github/AIModelShare/aimodelshare_tutorials/blob/main/modelshareai/Text_Classification_QuickStart_IMDB.ipynb">Text Classification Tutorial</ext-link></p>
</list-item><list-item>
<p><ext-link ext-link-type="uri" xlink:href="https://colab.research.google.com/github/AIModelShare/aimodelshare_tutorials/blob/main/modelshareai/Keras_Video_Classification_Quick_Start_Tutorial(1).ipynb">Video Classification Tutorial</ext-link></p>
</list-item><list-item>
<p><ext-link ext-link-type="uri" xlink:href="https://www.modelshare.ai/notebooks/notebook:229">Regression Tutorial</ext-link></p>
</list-item><list-item>
<p><ext-link ext-link-type="uri" xlink:href="https://github.com/AIModelShare/aimodelshare">Github Page</ext-link></p>
</list-item><list-item>
<p><ext-link ext-link-type="uri" xlink:href="https://aimodelshare.readthedocs.io/en/latest/index.html">Documentation</ext-link></p>
</list-item><list-item>
<p><ext-link ext-link-type="uri" xlink:href="https://www.modelshare.ai/">Modelshare AI Website</ext-link></p>
</list-item>
</list>
</sec>
<sec id="sec-18">
<label>1.2</label>
<title>B) Example of User Profile Page</title>
<fig id="figure-5">
<caption>
<p>Example of a user profile page. A User Profile Page shows aggregate information about a user’s activity (Dashboard), and provides access to Model Playgrounds, apps, code, and models created by the user.</p>
</caption>
<graphic mimetype="image" mime-subtype="png" xlink:href="files/profile_page-a629f043c9438d41f5cda3bd439a7f0d.png"/>
</fig>
</sec>
<sec id="sec-19">
<label>1.3</label>
<title>C) Example of Model Playground Page</title>
<fig id="figure-6">
<caption>
<p>Example of a Model Playground page. The model playground page allows users to make predictions by uploading data or accessing rebuilt code to make API calls, access Experiment and Competition leaderboards, inspect and compare model architectures, and access code submissions.</p>
</caption>
<graphic mimetype="image" mime-subtype="png" xlink:href="files/playground-f27239573f9cdc58adad1c925b2cc17a.png"/>
</fig>
</sec>
<sec id="sec-20">
<label>1.4</label>
<title>D) Example of Competition Leaderboard</title>
<fig id="figure-7">
<caption>
<p>Example of a Competition Leaderboard. Models submitted to Experiments or Competitions are automatically evaluated and can be ranked according to their evaluation metrics. Model metadata, such as hyperparameter settings, layer types, and dimensions, are depicted in the table (not visible in the screenshot). In order to inspect individual models, users can click on "Learn", which will take them to a Model Details page.</p>
</caption>
<graphic mimetype="image" mime-subtype="png" xlink:href="files/competition-5e189fb909cbf08d1e50a04837771b6d.png"/>
</fig>
</sec>
<sec id="sec-21">
<label>1.5</label>
<title>E) Example of Model Details Page</title>
<fig id="figure-8">
<caption>
<p>Example of a model and its hyperparameter settings. Users can inspect the hyperparameter settings and model architectures of any model submitted to an Experiment or a Competition.</p>
</caption>
<graphic mimetype="image" mime-subtype="png" xlink:href="files/model-0b4c8715d03c7e8a991bf2f5d5d272ca.png"/>
</fig>
</sec>
</sec>
</body>
</sub-article>
</article>
