<?xml version="1.0" encoding="UTF-8"?>
<!DOCTYPE article PUBLIC "-//NLM//DTD JATS (Z39.96) Journal Archiving and Interchange DTD with MathML3 v1.3 20210610//EN" "http://jats.nlm.nih.gov/publishing/1.3/JATS-archivearticle1-3-mathml3.dtd">
<article xmlns:mml="http://www.w3.org/1998/Math/MathML" xmlns:xlink="http://www.w3.org/1999/xlink" xmlns:xsi="http://www.w3.org/2001/XMLSchema-instance" xmlns:ali="http://www.niso.org/schemas/ali/1.0/" dtd-version="1.3" xml:lang="en" id="main">
<front>
<article-meta>
<article-id pub-id-type="doi">10.25080/JHPV7385</article-id>
<title-group>
<article-title>Mandala: Compositional Memoization for Simple &amp; Powerful Scientific Data Management</article-title>
<alt-title alt-title-type="running-head">Mandala</alt-title>
</title-group>
<contrib-group>
<contrib contrib-type="author" corresp="yes">
<contrib-id contrib-id-type="orcid">https://orcid.org/0009-0003-5394-112X</contrib-id>
<name name-style="western"><surname>Makelov</surname><given-names>Aleksandar</given-names></name>
<xref ref-type="aff" rid="aff-1"/><xref ref-type="aff" rid="aff-2"/><xref ref-type="aff" rid="aff-3"/>
<email>aleksandar.makelov@gmail.com</email>
</contrib>
</contrib-group>
<aff id="aff-1">
<institution-wrap>
<institution>MIT</institution>
</institution-wrap>
</aff>
<aff id="aff-2">
<institution-wrap>
<institution>SERI MATS</institution>
</institution-wrap>
</aff>
<aff id="aff-3">
<institution-wrap>
<institution>Independent Researcher</institution>
</institution-wrap>
</aff>
<permissions>
<ali:free_to_read/>
<license xlink:href="https://creativecommons.org/licenses/by/4.0/">
<ali:license_ref>https://creativecommons.org/licenses/by/4.0/</ali:license_ref>
<license-p>This is an open access article distributed under the terms of the <ext-link ext-link-type="uri" xlink:href="http://creativecommons.org/licenses/by/4.0/">Creative Commons Attribution License</ext-link>, which permits unrestricted use, distribution, and reproduction in any medium, provided the original author and source are credited.</license-p>
</license>
</permissions>
<abstract>
<p>We present <ext-link ext-link-type="uri" xlink:href="https://github.com/amakelov/mandala"><monospace>mandala</monospace></ext-link>, a Python library that largely eliminates the accidental complexity of scientific data management and incremental computing. While most traditional and/or popular data management solutions are based on <italic>logging</italic>, <monospace>mandala</monospace> takes a fundamentally different approach, using <italic>memoization</italic> of function calls as the fundamental unit of saving, loading, querying and deleting computational artifacts.</p>
<p>It does so by implementing a <italic>compositional</italic> form of memoization, which keeps track of how memoized functions compose with one another. In this way: (1) complex computations are effectively memoized end-to-end, and become ‘interfaces’ to their own intermediate results by retracing the memoized calls; (2) all computations in a project form a single computational graph, which can be explored, queried and manipulated in high-level ways through a <italic>computation frame</italic>, which is a natural generalization of a dataframe that replaces columns by a computation graph, and rows by (partial) executions of this graph.</p>
<p>Several features implemented on top of the core memoization data structures — such as natively and transparently handling Python collections, in-memory caching of intermediate results, and a flexible versioning system with dynamic dependency tracking — turn <monospace>mandala</monospace> into a practical and simple tool for managing and interacting with computational data.</p>
</abstract>
<kwd-group>
<kwd>scientific data management</kwd>
<kwd>machine learning</kwd>
</kwd-group>
</article-meta>
</front>
<body>
<sec id="sec-1">
<label>1</label>
<title>Introduction</title>
<p>Numerical experiments and simulations are growing into a central part of many areas of science and engineering (<xref ref-type="bibr" rid="ref-1">Hey <italic>et al.</italic>, 2009</xref>). Recent trends in computation-intensive fields, such as machine learning, point towards (1) ever-increasing complexity of computational pipelines, and (2) adoption in more safety-critical domains, such as autonomous driving (<xref ref-type="bibr" rid="ref-2">Bojarski <italic>et al.</italic>, 2016</xref>) and healthcare (<xref ref-type="bibr" rid="ref-3">Ravı̀ <italic>et al.</italic>, 2016</xref>; <xref ref-type="bibr" rid="ref-5">Abramson <italic>et al.</italic>, 2024</xref>).</p>
<p>These developments impose opposing constraints on the tools used to manage the resulting computational artifacts. On the one hand, they should be simple and easy to use by researchers, with a minimal learning curve and unobtrusive syntax and semantics. On the other hand, they should deliver a lot of added functionality, such as high-level operations (<xref ref-type="bibr" rid="ref-10">Wickham, 2014</xref>), full data &amp; code provenance auditing (<xref ref-type="bibr" rid="ref-7">Davidson &amp; Freire, 2008</xref>) and reproducibility (<xref ref-type="bibr" rid="ref-9">Ivie &amp; Thain, 2018</xref>) in complex projects. Rules and best practices that help with these requirements exist and are well-known (<xref ref-type="bibr" rid="ref-6">Sandve <italic>et al.</italic>, 2013</xref>; <xref ref-type="bibr" rid="ref-8">Wilkinson <italic>et al.</italic>, 2016</xref>), but still require manual effort, attention to extraneous details, and discipline to follow. Researchers often operate under time pressure and/or the need to quickly iterate on code, which makes these best ‘practices’ a rather <italic>impractical</italic> time investment.</p>
<p>Thus, ideally we would like a system that (1) does not get in the way by imposing a complex new language/semantics/syntax, (2) provides powerful high-level data management operations over complex computational projects, and (3) incorporates best practices by design and without cognitive overhead.</p>
<fig id="figure-1">
<label>(a)</label>
<caption>
<p>
<label>Figure 1:</label>
Basic imperative usage of <monospace>mandala</monospace>. <bold>(a)</bold>: add the <monospace>@op</monospace> decorator to any Python functions to make them memoizable. <bold>(b)</bold>: create a <monospace>Storage</monospace>, and use it as a context manager to automatically memoize any calls to <monospace>@op</monospace>-decorated functions in the block. Memoized functions return <monospace>Ref</monospace> objects, which wrap a value with two pieces of metadata: a <italic>content ID</italic>, which is a hash of the value of the object, and a <italic>history ID</italic>, which is a hash of the identity of the <monospace>@op</monospace> that produced the <monospace>Ref</monospace> (if any), and the history IDs of the <monospace>@op</monospace>’s inputs. <bold>(c)</bold>: the storage context allows simple incremental computation and recovery from failures. Here, we add more computations while automatically reusing already computed values.</p>
</caption>
<fig id="figure-2">
<label>(a)</label>
<caption/>
<caption>
<p>
<label>(a)</label>
</p>
</caption>
<code language="python"># decorate any
# Python funcs
@op
def f(x):
  return x**2

@op
def g(x, y):
  return x + y

...</code>
</fig>
<fig id="figure-3">
<label>(b)</label>
<caption/>
<caption>
<p>
<label>(b)</label>
</p>
</caption>
<code language="python">storage = Storage()

# memoizing context
with storage:
  for x in range(3):
    y = f(x)

In [1]: y # wrapped value
Out[1]: AtomRef(4,
          hid='628...',
          cid='a82...')</code>
</fig>
<fig id="figure-4">
<label>(c)</label>
<caption/>
<caption>
<p>
<label>(c)</label>
</p>
</caption>
<code language="python">with storage:
  # just add more calls
  # &amp; reuse old results
  for x in range(5):
    y = f(x)
    # unwrap for control flow
    if storage.unwrap(y) &gt; 5:
      z = g(x, y)

# the "program" is now end-to-end
# memoized &amp; retraceable</code>
</fig>
</fig>
<p>In this paper we present <monospace>mandala</monospace>, our proposal for such a system. It <bold>integrates data management logic and best practices</bold> such as</p>
<list list-type="bullet">
<list-item>
<p>Full data provenance tracking</p>
</list-item><list-item>
<p>Idempotent &amp; reproducible computation</p>
</list-item><list-item>
<p>Content-addressable versioning of code and its dependencies</p>
</list-item><list-item>
<p>Declarative high-level manipulation of persisted computational graphs</p>
</list-item>
</list>
<p><bold>into Python’s already familiar syntax and semantics</bold> (Figures <xref ref-type="fig" rid="figure-1">1</xref> and <xref ref-type="fig" rid="figure-5">2</xref>). The integration aims to be maximally transparent and unobtrusive, so that the user can focus on the <italic>essential complexity</italic> (the scientific problem at hand), rather than on the <italic>accidental complexity</italic> (the data management tools necessary to implement the solution) (<xref ref-type="bibr" rid="ref-11">Brooks, 1987</xref>).</p>
<p>The rest of this paper presents the design and main functionalities of <monospace>mandala</monospace>, and is organized as follows:</p>
<list list-type="bullet">
<list-item>
<p>In <xref ref-type="sec" rid="sec-2">Section 2</xref>, we describe how memoization is designed, how this allows memoized calls to be composed and memoized results to be reused without storage duplication, and how this enables the <italic>retracing</italic> pattern of interacting with computational artifacts.</p>
</list-item><list-item>
<p>In <xref ref-type="sec" rid="sec-9">Section 3</xref>, we introduce the concept of a <italic>computation frame</italic>, which generalizes a dataframe by replacing columns with a computational graph, and rows with individual computations that (partially) follow this graph. Computation frames allow high-level exploration and manipulation of the stored computation graph, such as adding the calls that produced/used given values to the graph, deleting all computations that depend on the calls captured in the frame, and restricting the frame to a particular subgraph or subset of values with given properties.</p>
</list-item><list-item>
<p>In <xref ref-type="sec" rid="sec-13">Section 4</xref>, we describe some other features of <monospace>mandala</monospace> necessary to make it a practical tool, such as:</p>
<list list-type="bullet">
<list-item>
<p>Representing Python collections in a way transparent to the storage, so that the membership relationships between a collection and its items are propagated through the saved computational graph;</p>
</list-item><list-item>
<p>Caching of intermediate results to speed up retracing and memoization;</p>
</list-item><list-item>
<p>A flexible versioning system with automatic dynamic dependency tracking.</p>
</list-item>
</list>
</list-item>
</list>
<p>Finally, we give an overview of related work in <xref ref-type="sec" rid="sec-16">Section 5</xref>.</p>
</sec>
<sec id="sec-2">
<label>2</label>
<title>Core Concepts</title>
<sec id="sec-3">
<label>2.1</label>
<title>Memoization and the Computational Graph</title>
<p>Memoization is a technique that stores the results of expensive function calls to avoid redundant computation. <monospace>mandala</monospace> uses <italic>automatic</italic> memoization (<xref ref-type="bibr" rid="ref-12">Norvig, 1991</xref>) which is applied via the combination of a decorator (<monospace>@op</monospace>) and a context manager which specifies the <monospace>Storage</monospace> object to use (<xref ref-type="fig" rid="figure-1">Figure 1</xref>). The memoization can optionally be made persistent to disk, which is what you would typically want in a long-running project. Any Python function can be memoized (as long as its inputs and outputs are serializable by the <monospace>joblib</monospace> library; see the limitations section <xref ref-type="sec" rid="sec-17">6</xref> for caveats); there is no restriction on the type, number or naming scheme (positional, keyword, variadic, or variable keyword) of the arguments or return values.</p>
<sec id="sec-4">
<label>2.1.1</label>
<title><monospace>Call</monospace> and <monospace>Ref</monospace> objects, and content/history IDs.</title>
<p><monospace>Ref</monospace>s and <monospace>Call</monospace>s are the two atomic data structures in <monospace>mandala</monospace>’s model of computations. When a call to an <monospace>@op</monospace>-decorated function <monospace>f</monospace> is executed inside a storage context, this results in the creation of</p>
<list list-type="bullet">
<list-item>
<p>A <monospace>Ref</monospace> object for each input to the call. These wrap the ‘raw’ values passed as inputs together with content IDs (hashes of the Python objects) and history IDs (hashes of the memoized calls that produced these values, if any).</p>
<list list-type="bullet">
<list-item>
<p>If an input to the call is already a <monospace>Ref</monospace> object, it is passed through as is;</p>
</list-item><list-item>
<p>If it is a ‘raw’ (i.e., non-<monospace>Ref</monospace>) value, a new <monospace>Ref</monospace> object is created with a ‘empty’ history ID that is simply a hash of the content ID itself.</p>
</list-item>
</list>
</list-item><list-item>
<p>A <monospace>Call</monospace> object, which has pointers to the input and output (defined below) <monospace>Ref</monospace>s of the call to <monospace>f</monospace>, as well as a content ID for the call (a hash of the identity of <monospace>f</monospace> and the content IDs of the input <monospace>Ref</monospace>s) and a history ID (by analogy, a hash of the identity of <monospace>f</monospace> and the history IDs of the inputs). The version of <monospace>f</monospace> is also part of the identity of <monospace>f</monospace>; see the versioning section <xref ref-type="sec" rid="sec-15">4.2</xref> for details.</p>
</list-item><list-item>
<p>A <monospace>Ref</monospace> object for each return value of the call. These are again assigned content IDs by value, and history IDs by hashing the tuple (history ID of the call, corresponding output name<xref ref-type="fn" rid="fn-1">1</xref>).</p>
</list-item>
</list>
<p>The <monospace>Ref</monospace>s and the <monospace>Call</monospace> are then stored in the storage backend, and the next time <monospace>f</monospace> is called on inputs that have the same <italic>content</italic> IDs, the stored <monospace>Call</monospace> is looked up to find the output <monospace>Ref</monospace>s, which are then returned (possibly with properly updated history IDs, if the call exists in storage by content ID only). The combination of all stored <monospace>Call</monospace>s and <monospace>Ref</monospace>s across memoized functions form the <bold>computational graph</bold> represented by the storage. Importantly, the ‘interesting’ structure of this graph is built up automatically by the way the user composes memoized calls.</p>
</sec>
</sec>
<sec id="sec-5">
<label>2.2</label>
<title>Motivation for the Design of Memoization</title>
<sec id="sec-6">
<label>2.2.1</label>
<title>Why content and history IDs?</title>
<p>The simultaneous use of content and history IDs has a few subtle advantages. First, it allows for the <italic>de-duplication</italic> of storage, as the same content ID can be used to store the same value produced by different computations. For instance, there may be many computaitions all producing the value 42 (or a large all-zero array), but only one copy of 42 is stored in the backend. At the same time, the history IDs allow us to distinguish between computations that produced the same value, but in different ways. This avoids ‘parasitic’ results in declarative queries. For example, a call to <monospace>f</monospace> may result in 42, and we may be interested in all calls that were ran on this particular 42 returned by <monospace>f</monospace> and not on any other <monospace>Ref</monospace> whose value happens to be 42. Without history IDs, it would be impossible to make this distinction in the stored computational graph.</p>
</sec>
<sec id="sec-7">
<label>2.2.2</label>
<title>Why memoization?</title>
<p>Memoization is an unusual choice for data management systems, most of which are based on <italic>logging</italic>, i.e. explicitly pointing to the value to be saved and the address where it should be saved (whether this is some kind of name or a file path). Basing data management on memoization means that the ‘address’ of a value is now implicit in the code that produced it, and the value itself is stored in a shared storage backend. This has several advantages:</p>
<list list-type="bullet">
<list-item>
<p>It <bold>eliminates the need to manually name artifacts</bold>. This eliminates a major source of accidental complexity: names are arbitrary, ambiguous, and can drift away from the actual content of the value they point to over time. On the other hand, names are not strictly necessary, because the composition of memoized functions that produced a given value — which must be specified anyway for the computation to take place — is already an unambiguous pointer to it.</p>
</list-item><list-item>
<p>Since the <monospace>@op</monospace> decorator encourages (and in a sense enforces) composition of <monospace>@op</monospace>s, it <bold>automatically builds up a computational graph of the project</bold>. Most data management tasks — e.g., a frequent use case is getting a table of relationships between some variables — are naturally expressed as queries over this graph, as we will see in <xref ref-type="sec" rid="sec-9">Section 3</xref>.</p>
</list-item><list-item>
<p>It <bold>organizes storage functionality around a familiar and flexible interface: the function call</bold>. This automatically enforces the good practice of partitioning code into functions, and eliminates extra ‘accidental’ code to save and load values explicitly. Furthermore, it synchronizes failures between computation and storage, as the memoized calls are the natural points to recover from.</p>
</list-item>
</list>
<p>On the other hand, memoization suffers from the following limitations:</p>
<list list-type="bullet">
<list-item>
<p>Referring to values without reference to the code that produced or used them becomes difficult, because from the point of view of storage the ‘identity’ of a value is its place in the computational graph. We discuss practical ways to overcome this in <xref ref-type="sec" rid="sec-9">Section 3</xref>.</p>
</list-item><list-item>
<p>Modifying <monospace>@op</monospace> functions requires care, as changes may invalidate the stored computational graph. We discuss a versioning system that automates this process in <xref ref-type="sec" rid="sec-15">Section 4.2</xref>.</p>
</list-item>
</list>
</sec>
</sec>
<sec id="sec-8">
<label>2.3</label>
<title>Retracing as a Versatile Imperative Interface to the Stored Computation Graph</title>
<p>The compositional nature of memoization makes it possible to build complex computations out of calls to memoized functions, turning the entire computation into an end-to-end-memoized interface to its own intermediate results. The main way to interact with such a persisted computation is through <bold>retracing</bold>, which means stepping through memoized code with the purpose of resuming from a failure, loading intermediate values, or continuing from a particular point with new computations. A small example of retracing is shown in <xref ref-type="fig" rid="figure-1">Figure 1</xref> (c).</p>
<p>This pattern is simple yet powerful, as it allows the user to interact with the stored computation graph in a way that is adapted to their use case, and to explore the graph in a way that is natural and familiar to them. It also simplifies the management of state in an interactive environment such as a Jupyter notebook, because it makes it very cheap to re-run cells in order to recreate the intended state of local variables.</p>
</sec>
</sec>
<sec id="sec-9">
<label>3</label>
<title>Computation Frames</title>
<fig id="figure-5">
<label>(a)</label>
<caption>
<p>
<label>Figure 2:</label>
Basic declarative usage of <monospace>mandala</monospace> and an example of computation frames.</p>
</caption>
<fig id="figure-6">
<caption>
<p>Continuing from <xref ref-type="fig" rid="figure-1">Figure 1</xref>, we first create a computation frame from a single function <monospace>f</monospace>, then expand it to include all calls that can be reached from the memoized calls to <monospace>f</monospace> via their inputs/outputs, and finally convert the computation frame into a dataframe. We see that this automatically produces a computation graph corresponding to the computations found.</p>
</caption>
<code language="python">In [1]:
# get the computation frame for f
storage.cf(f).\
  # add all computations reachable
  # from calls to f
  expand().\
  # extract as a dataframe
  eval()
Out[1]: Extracting tuples from the
computation graph:
  output_0 = f(x=x)
  output_1 = g(y=output_0, x=x)
       </code>
</fig>
<fig id="figure-7">
<label>(b)</label>
<caption>
<p>The output of the call to <monospace>.eval()</monospace> from the left subfigure used to turn the computaiton frame into a dataframe. The resulting table has columns for all variables and functions appearing in the captured computation graph, and each row correspond to a partial computation following this graph. The variable columns contain values these variables take, whereas function columns contain call objects representing the memoized calls to the respective functions. We see that, because we call <monospace>g</monospace> conditional on the output of <monospace>f</monospace>, some rows have nulls in the <monospace>g</monospace> column.</p>
</caption>
<graphic mimetype="image" mime-subtype="pdf" xlink:href="files/fig5-4f9f06799396734a45400b6cabd0bc10.pdf"/>
</fig>
<fig id="figure-8">
<label>(c)</label>
<caption>
<p>A visualization of the computation frame from the previous two subfigures. The red nodes indicate functions, and the blue nodes indicate variables in the computation graph. Each edge is labeled with the input/output name of the adjacent function. Nodes and edges also show the number of <monospace>Ref</monospace>s and <monospace>Call</monospace>s they represent.</p>
</caption>
<graphic mimetype="image" mime-subtype="pdf" xlink:href="files/cf-cab2d2352df1d16f3d9869fcaf9b7de4.pdf"/>
</fig>
</fig>
<p>In order to be able to explore and manipulate the full stored computation graph, patterns like retracing are insufficient, because they require the complete code producing part of the graph to be available. To complement retracing, we introduce the <monospace>ComputationFrame</monospace> data structure, which is a high-level declarative interface to the stored computation graph.</p>
<sec id="sec-10">
<label>3.1</label>
<title>Motivation and Intuition</title>
<p>Intuitively, a computation frame is a way to organize a collection of saved <monospace>@op</monospace> calls into groups, where the calls in each group have an analogous role in the computation, and the groups form a high-level computational graph of variables (which represent groups of <monospace>Ref</monospace>s) and functions (groups of <monospace>Call</monospace>s). The illustration in <xref ref-type="fig" rid="figure-5">Figure 2</xref> (c) shows a visualization of a computation frame extracted from the computations in <xref ref-type="fig" rid="figure-1">Figure 1</xref>.</p>
<p>This kind of organization is useful because it reflects how the user thinks about the computation, and allows them to tailor the exploration of the computation graph to a particular use case, much like a database view. For instance, sometimes it makes sense to group the outputs of several different <monospace>@op</monospace>s into a single variable because they are treated the same way by downstream computations.</p>
<p>From another point of view, computation frames are ‘views’ of the stored computation graph, analogous to database views. In particular, they may contain multiple references to the same <monospace>Ref</monospace> or <monospace>Call</monospace> object from different nodes of the graph, and do not necessarily contain all calls to a given <monospace>@op</monospace>.</p>
</sec>
<sec id="sec-11">
<label>3.2</label>
<title>Formal Definition</title>
<p>A computation frame (<xref ref-type="fig" rid="figure-5">Figure 2</xref>) consists of the following data:</p>
<list list-type="bullet">
<list-item>
<p><bold>Computation graph</bold>: a directed graph <inline-formula><alternatives><mml:math display="inline"><mml:mi>G</mml:mi><mml:mo>=</mml:mo><mml:mo stretchy="false">(</mml:mo><mml:mi>V</mml:mi><mml:mo separator="true">,</mml:mo><mml:mi>F</mml:mi><mml:mo separator="true">,</mml:mo><mml:mi>E</mml:mi><mml:mo stretchy="false">)</mml:mo></mml:math><tex-math><![CDATA[G=(V,F,E)]]></tex-math></alternatives></inline-formula> where <inline-formula><alternatives><mml:math display="inline"><mml:mi>V</mml:mi></mml:math><tex-math><![CDATA[V]]></tex-math></alternatives></inline-formula> are named variables and <inline-formula><alternatives><mml:math display="inline"><mml:mi>F</mml:mi></mml:math><tex-math><![CDATA[F]]></tex-math></alternatives></inline-formula> are named instances of <monospace>@op</monospace>-decorated functions. The edges <inline-formula><alternatives><mml:math display="inline"><mml:mi>E</mml:mi></mml:math><tex-math><![CDATA[E]]></tex-math></alternatives></inline-formula> are labeled with the input/output names of the adjacent functions. An example is shown in <xref ref-type="fig" rid="figure-5">Figure 2</xref> (c);</p>
</list-item><list-item>
<p><bold>Groups of <monospace>Ref</monospace>s and <monospace>Call</monospace>s</bold>: for each variable <inline-formula><alternatives><mml:math display="inline"><mml:mi>v</mml:mi><mml:mo>∈</mml:mo><mml:mi>V</mml:mi></mml:math><tex-math><![CDATA[v\in V]]></tex-math></alternatives></inline-formula>, a set of (history IDs of) <monospace>Ref</monospace>s <inline-formula><alternatives><mml:math display="inline"><mml:msub><mml:mi>R</mml:mi><mml:mi>v</mml:mi></mml:msub></mml:math><tex-math><![CDATA[R_v]]></tex-math></alternatives></inline-formula>, and for each function <inline-formula><alternatives><mml:math display="inline"><mml:mi>f</mml:mi><mml:mo>∈</mml:mo><mml:mi>F</mml:mi></mml:math><tex-math><![CDATA[f\in F]]></tex-math></alternatives></inline-formula> with underlying <monospace>@op</monospace> <inline-formula><alternatives><mml:math display="inline"><mml:msub><mml:mi>o</mml:mi><mml:mi>f</mml:mi></mml:msub></mml:math><tex-math><![CDATA[o_f]]></tex-math></alternatives></inline-formula>, a set of (history IDs of) <monospace>Call</monospace>s <inline-formula><alternatives><mml:math display="inline"><mml:msub><mml:mi>C</mml:mi><mml:mi>f</mml:mi></mml:msub></mml:math><tex-math><![CDATA[C_f]]></tex-math></alternatives></inline-formula>;</p>
</list-item>
</list>
<p>subject to the constraint that: for every call <inline-formula><alternatives><mml:math display="inline"><mml:mi>c</mml:mi><mml:mo>∈</mml:mo><mml:msub><mml:mi>C</mml:mi><mml:mi>f</mml:mi></mml:msub></mml:math><tex-math><![CDATA[c\in C_f]]></tex-math></alternatives></inline-formula>, if there’s an input/output edge labeled <inline-formula><alternatives><mml:math display="inline"><mml:mi>l</mml:mi></mml:math><tex-math><![CDATA[l]]></tex-math></alternatives></inline-formula> connecting <inline-formula><alternatives><mml:math display="inline"><mml:mi>f</mml:mi></mml:math><tex-math><![CDATA[f]]></tex-math></alternatives></inline-formula> to some variable <inline-formula><alternatives><mml:math display="inline"><mml:mi>v</mml:mi></mml:math><tex-math><![CDATA[v]]></tex-math></alternatives></inline-formula>, then if <inline-formula><alternatives><mml:math display="inline"><mml:mi>c</mml:mi></mml:math><tex-math><![CDATA[c]]></tex-math></alternatives></inline-formula> has a <monospace>Ref</monospace> <inline-formula><alternatives><mml:math display="inline"><mml:msub><mml:mi>r</mml:mi><mml:mi>l</mml:mi></mml:msub></mml:math><tex-math><![CDATA[r_l]]></tex-math></alternatives></inline-formula> corresponding to input/output name <inline-formula><alternatives><mml:math display="inline"><mml:mi>l</mml:mi></mml:math><tex-math><![CDATA[l]]></tex-math></alternatives></inline-formula>, we have <inline-formula><alternatives><mml:math display="inline"><mml:msub><mml:mi>r</mml:mi><mml:mi>l</mml:mi></mml:msub><mml:mo>∈</mml:mo><mml:msub><mml:mi>R</mml:mi><mml:mi>v</mml:mi></mml:msub></mml:math><tex-math><![CDATA[r_l\in R_v]]></tex-math></alternatives></inline-formula>.</p>
<p>In other words, when we look at all calls in <inline-formula><alternatives><mml:math display="inline"><mml:mi>f</mml:mi><mml:mo>∈</mml:mo><mml:mi>F</mml:mi></mml:math><tex-math><![CDATA[f\in F]]></tex-math></alternatives></inline-formula>, their inputs/outputs must be present in the variables connected to <inline-formula><alternatives><mml:math display="inline"><mml:mi>f</mml:mi></mml:math><tex-math><![CDATA[f]]></tex-math></alternatives></inline-formula> under the respective input/output name.</p>
</sec>
<sec id="sec-12">
<label>3.3</label>
<title>Basic Usage</title>
<p>The main advantage of computation frames is that they allow iterative exploration of the computation graph, and high-level grouped operations over computations with some shared structure. For example, we can use them for:</p>
<list list-type="bullet">
<list-item>
<p><bold>Iteratively expanding the frame with functions that generated or used existing variables</bold>: this is useful for exploring the computation graph in a particular direction, or for adding more context to a particular computation. For example, in <xref ref-type="fig" rid="figure-5">Figure 2</xref> (a), we start with a computation frame containing only the calls to <monospace>f</monospace>, and then expand it to include all calls that can be reached from the memoized calls to <monospace>f</monospace> via their inputs/outputs, which adds the calls to <monospace>g</monospace> to the frame.</p>
</list-item><list-item>
<p><bold>Converting the frame into a dataframe</bold>: this is useful at the end of an exploration, when we want to get a convenient tabular representation of the captured computation graph. The table is obtained by collecting all terminal <monospace>Ref</monospace>s in the frame’s computational graph (i.e., those that are not inputs to any function in the frame), computing their computational history in the frame (grouped by variable), and joining the resulting tables over the variables. This is shown in <xref ref-type="fig" rid="figure-5">Figure 2</xref> (right). In particular, as shown in the example, this step may produce nulls, as the computation frame can contain computations that only partially follow the graph.</p>
</list-item><list-item>
<p><bold>Performing high-level storage manipulations</bold>: such as deleting all calls captured in the frame as well as all calls that depend on them, available using the <monospace>.delete_calls()</monospace> method on the frame.</p>
</list-item>
</list>
<p>Computation frames are a powerful tool for exploring and manipulating the stored computation graph, and we’re excited to explore their full potential in future work.</p>
</sec>
</sec>
<sec id="sec-13">
<label>4</label>
<title>Main Extra Features</title>
<sec id="sec-14">
<label>4.1</label>
<title>Data Structures</title>
<p>Python’s native collections — lists, dicts, sets — can be memoized transparently by <monospace>mandala</monospace>, using customized type annotations, e.g. <monospace>MList[int]</monospace> inheriting from <monospace>List[int]</monospace>, …. By applying this type annotation, individual elements as well as the collection itself are memoized as <monospace>Ref</monospace>s (with the collection merely pointing to the <monospace>Ref</monospace>s of its elements to avoid duplication).</p>
<fig id="figure-9">
<label>Figure 3:</label>
<caption>
<p>Illustration of native collection memoization in <monospace>mandala</monospace>. The custom type annotation <monospace>MList[int]</monospace> is used to memoize a list of integers as a list of pointers to element <monospace>Ref</monospace>s.</p>
</caption>
<code language="python">@op
def avg_items(xs: MList[int]) -&gt; float:
  return sum(xs) / len(xs)

@op
def get_xs(n) -&gt; MList[int]:
  return list(range(n))

with storage:
  xs = get_xs(10)
  for i in range(2, 10, 2):
    avg = avg_items(xs[:i])
   </code>
</fig>
<p>This is implemented fully on top of the core memoization machinery, using ‘internal’ <monospace>@op</monospace>s like e.g. <monospace>__make_list__</monospace> which, given the elements of a list as variadic inputs, generates a <monospace>ListRef</monospace> (subclass of <monospace>Ref</monospace>) that points to the <monospace>Ref</monospace>s of the elements. In this way, collections are naturally incorporated in the computation graph. These internal <monospace>@op</monospace>s are applied automatically when a collection is passed as an argument to a memoized function, or when a collection is returned from a memoized function (<xref ref-type="fig" rid="figure-9">Figure 3</xref>).</p>
</sec>
<sec id="sec-15">
<label>4.2</label>
<title>Versioning</title>
<p>It is crucial to have a flexible and powerful code versioning system in a data management tool, as it allows the user to keep track of the evolution of their computations, and to easily recover from mistakes. <monospace>mandala</monospace> provides the option to use a versioning system with three main features:</p>
<list list-type="bullet">
<list-item>
<p><bold>Per-function content-addressed versioning</bold> (<xref ref-type="bibr" rid="ref-16">Torvalds &amp; others, 2005</xref>; <xref ref-type="bibr" rid="ref-20">Lozano, 2017</xref>), where the version of a function is a hash of its source code and the hashes of the functions it calls. The storage can determine, based only on the state of the codebase, whether a given call is up-to-date or not.</p>
</list-item><list-item>
<p><bold>Dynamic dependency tracking</bold>, where each function call traces the dependencies it calls. This avoids the need for static analysis of the code to find dependencies, which can result in many false positives and negatives, especially in a dynamic language like Python. Moreover, it provides a stronger notion of reusability, as certain changes of the codebase may invalidate only a part of all memoized calls to an <monospace>@op</monospace>.</p>
</list-item><list-item>
<p><bold>The flexibility to mark changes as backward-compatible or not</bold>, which allows the user to maintain a stable interface to computations when performing routine refactoring or adding logging/debugging code.</p>
</list-item>
</list>
</sec>
</sec>
<sec id="sec-16">
<label>5</label>
<title>Related Work</title>
<p><monospace>mandala</monospace> combines ideas from several existing projects, but is unique in the Pythonic way it makes complex memoized computations easy to query, manipulate and version.</p>
<p><bold>Memoization.</bold> There are several memoization solutions for Python that lack the compositional nature of <monospace>mandala</monospace>, as well as the versioning and querying tools: the builtin <monospace>functools</monospace> module provides decorators such as <monospace>lru_cache</monospace> for memoization; the <monospace>incpy</monospace> project (<xref ref-type="bibr" rid="ref-13">Guo &amp; Engler, 2011</xref>) enables automatic persistent memoization of Python functions directly on the interpreter level; the <monospace>funsies</monospace> project (<xref ref-type="bibr" rid="ref-17">Lavigne &amp; Aspuru-Guzik, 2021</xref>) is a memoization-based distributed workflow executor that uses a similar hashing approach to keep track of which computations have already been done; <monospace>koji</monospace> (<xref ref-type="bibr" rid="ref-18">Maymounkov, 2018</xref>) is a design for an incremental computation data processing framework that unifies over different resource types (files or services), and uses an analogous notion of hashing to keep track of computations.</p>
<p><bold>Computation Frames.</bold> Computation frames are closely related to the relational model (<xref ref-type="bibr" rid="ref-21">Codd, 1970</xref>), to graph databases, and to certain versatile in-memory data structures based on functors <inline-formula><alternatives><mml:math display="inline"><mml:mi mathvariant="script">F</mml:mi><mml:mo>:</mml:mo><mml:mi mathvariant="script">C</mml:mi><mml:mo>→</mml:mo><mml:munder accentunder="true"><mml:mrow><mml:mi mathvariant="bold">S</mml:mi><mml:mi mathvariant="bold">e</mml:mi><mml:mi mathvariant="bold">t</mml:mi></mml:mrow><mml:mo stretchy="true">‾</mml:mo></mml:munder></mml:math><tex-math><![CDATA[\mathcal{F}:\mathscr{C}\to \underline{\mathbf{Set}}]]></tex-math></alternatives></inline-formula> where <inline-formula><alternatives><mml:math display="inline"><mml:mi mathvariant="script">C</mml:mi></mml:math><tex-math><![CDATA[\mathscr{C}]]></tex-math></alternatives></inline-formula> is a finite category (<xref ref-type="bibr" rid="ref-14">Patterson <italic>et al.</italic>, 2022</xref>).</p>
<p><bold>Versioning.</bold> The <monospace>unison</monospace> programming language (<xref ref-type="bibr" rid="ref-20">Lozano, 2017</xref>) uses a content-addressed system for code storage, where a function is identified by the hash of its syntax tree. The language shares many other features and goals with <monospace>mandala</monospace>, such as use of serializable values and pure functions to ensure reproducibility.</p>
<p>The dynamic tracing mechanism used to capture dependencies is somewhat similar to the <monospace>@tf.function</monospace> decorator in the TensorFlow library (<xref ref-type="bibr" rid="ref-22">Abadi <italic>et al.</italic>, 2016</xref>), which traces the function calls to other <monospace>@tf.function</monospace>-decorated functions made during execution and builds a computation graph out of them. Unlike <monospace>@tf.function</monospace>, <monospace>mandala</monospace>’s versioner uses content (code) hashes to automatically detect changes in dependencies, and does not build a fine-grained model of a function’s execution, but rather only tracks the set of its dependencies.</p>
<p>The revision history of each function in the codebase is organized in a bare-bones <monospace>git</monospace> repository (<xref ref-type="bibr" rid="ref-16">Torvalds &amp; others, 2005</xref>): it is a content-addressed tree, where each edge tracks a diff from the content at one endpoint to that at the other. Additional metadata indicates equivalence classes of semantically equivalent contents.</p>
</sec>
<sec id="sec-17">
<label>6</label>
<title>Limitations</title>
<p><bold>Computing deterministic content IDs of any Python object is difficult.</bold> <monospace>mandala</monospace> uses the <monospace>joblib</monospace> library to serialize Python objects into byte strings, and then hashes these strings to get the content ID. This approach is not perfect, as it is not always possible to serialize Python objects, and even when it is, the serialization may not be unique. For example, two Python objects <monospace>x, y</monospace> which satisfy <monospace>x == y</monospace> may not have the same content ID (e.g., <monospace>True</monospace> and <monospace>1</monospace>). Furthermore, hashing is sensitive to small changes in the input, such as numerical precision in floating point numbers. Finally, complex Python objects may contain state that is not intrinsically part of the object’s identity, such as resource utilization data (e.g., memory addresses). This can lead to different content IDs before and after a round trip through the storage backend. These issues don’t come up often as long as all initial <monospace>Ref</monospace>s are created from simple Python objects: complex objects are hashed and saved once when returned from an <monospace>@op</monospace>, and then referred to by their content ID.</p>
<p><bold>Non-breaking versioning is difficult.</bold> The ability to mark code changes as backward-compatible or not may lead to situations where the storage ‘believes’ that a call is up-to-date, but in reality it is not. For example, a function <monospace>f</monospace> can be changed by extracting a subroutine <monospace>g</monospace> out of it. The semantics of <monospace>f</monospace> is unchanged, so past calls are still valid, but <monospace>g</monospace> is now an invisible (to the storage) dependency of <monospace>f</monospace>. Care should be taken to avoid such situations until an automatic solution is implemented.</p>
</sec>
<sec id="sec-18">
<label>7</label>
<title>Conclusion</title>
<p><monospace>mandala</monospace> is being actively developed, and has the potential to considerably simplify the way scientific data is managed and interacted with in Python. The author has already used it extensively to manage several multi-month machine learning projects, and has found it to be a very powerful tool for managing complex computations. We hope that this paper has given a good overview of the core concepts of <monospace>mandala</monospace>, and that the reader will be interested in exploring the library further.</p>
</sec>
<sec id="sec-19">
<title>Acknowledgements</title>
<p>First and foremost, I would like to thank my friend Stefan Krastanov for many valuable conversations throughout the evolution and development of <monospace>mandala</monospace>. Nobody could ask for a more enthusiastic collaborator and champion of their work. Second, I would also like to thank Nicholas Schiefer for some helpful feedback on an earlier version of the library, as well as suggestions and implementations for features to make it work in a distributed setting, and for advertising <monospace>mandala</monospace> at his workplace.</p>
<p>There have been far too many people over the years who have listened patiently to me talk about this project in its earlier stages; in particular, I’m grateful to Petar Maymounkov from Protocol Labs for inviting me to give a talk about <monospace>mandala</monospace> at their research seminar, as well as for creating the <monospace>escher</monospace> language, which truly changed the way I think about programming. I’m also grateful to many friends from grad school and beyond who have listened to me talk about this project, and who have given me valuable feedback and encouragement. Finally, I would like to thank my reviewers at the SciPy conference, especially Andrei Paleyes, for their helpful feedback on this paper.</p>
</sec>
</body>
<back>
<ref-list>
<ref id="ref-1">
<element-citation publication-type="book">
<article-title>The fourth paradigm: data-intensive scientific discovery</article-title>
<person-group person-group-type="author">
<name><surname>Hey</surname><given-names>Tony</given-names></name>
<name><surname>Tansley</surname><given-names>Stewart</given-names></name>
<name><surname>Tolle</surname><given-names>Kristin Michele</given-names></name>
<name><surname>others</surname></name>
</person-group><year iso-8601-date="2009">2009</year><pub-id pub-id-type="doi">10.1007/978-3-642-33299-9_1</pub-id><volume>1</volume></element-citation>
</ref>
<ref id="ref-2">
<element-citation publication-type="journal">
<article-title>End to end learning for self-driving cars</article-title>
<person-group person-group-type="author">
<name><surname>Bojarski</surname><given-names>Mariusz</given-names></name>
<name><surname>Del Testa</surname><given-names>Davide</given-names></name>
<name><surname>Dworakowski</surname><given-names>Daniel</given-names></name>
<name><surname>Firner</surname><given-names>Bernhard</given-names></name>
<name><surname>Flepp</surname><given-names>Beat</given-names></name>
<name><surname>Goyal</surname><given-names>Prasoon</given-names></name>
<name><surname>Jackel</surname><given-names>Lawrence D</given-names></name>
<name><surname>Monfort</surname><given-names>Mathew</given-names></name>
<name><surname>Muller</surname><given-names>Urs</given-names></name>
<name><surname>Zhang</surname><given-names>Jiakai</given-names></name>
<name><surname>others</surname></name>
</person-group><source>arXiv preprint arXiv:1604.07316</source><year iso-8601-date="2016">2016</year></element-citation>
</ref>
<ref id="ref-3">
<element-citation publication-type="journal">
<article-title>Deep learning for health informatics</article-title>
<person-group person-group-type="author">
<name><surname>Ravı̀</surname><given-names>Daniele</given-names></name>
<name><surname>Wong</surname><given-names>Charence</given-names></name>
<name><surname>Deligianni</surname><given-names>Fani</given-names></name>
<name><surname>Berthelot</surname><given-names>Melissa</given-names></name>
<name><surname>Andreu-Perez</surname><given-names>Javier</given-names></name>
<name><surname>Lo</surname><given-names>Benny</given-names></name>
<name><surname>Yang</surname><given-names>Guang-Zhong</given-names></name>
</person-group><source>IEEE journal of biomedical and health informatics</source><year iso-8601-date="2016">2016</year><pub-id pub-id-type="doi">10.1109/JBHI.2016.2636665</pub-id><volume>21</volume><issue>1</issue><fpage>4</fpage><lpage>21</lpage></element-citation>
</ref>
<ref id="ref-5">
<element-citation publication-type="journal">
<article-title>Accurate structure prediction of biomolecular interactions with AlphaFold 3</article-title>
<person-group person-group-type="author">
<name><surname>Abramson</surname><given-names>Josh</given-names></name>
<name><surname>Adler</surname><given-names>Jonas</given-names></name>
<name><surname>Dunger</surname><given-names>Jack</given-names></name>
<name><surname>Evans</surname><given-names>Richard</given-names></name>
<name><surname>Green</surname><given-names>Tim</given-names></name>
<name><surname>Pritzel</surname><given-names>Alexander</given-names></name>
<name><surname>Ronneberger</surname><given-names>Olaf</given-names></name>
<name><surname>Willmore</surname><given-names>Lindsay</given-names></name>
<name><surname>Ballard</surname><given-names>Andrew J</given-names></name>
<name><surname>Bambrick</surname><given-names>Joshua</given-names></name>
<name><surname>others</surname></name>
</person-group><source>Nature</source><year iso-8601-date="2024">2024</year><pub-id pub-id-type="doi">10.1038/s41586-024-07487-w</pub-id><fpage>1</fpage><lpage>3</lpage></element-citation>
</ref>
<ref id="ref-10">
<element-citation publication-type="journal">
<article-title>Tidy data</article-title>
<person-group person-group-type="author">
<name><surname>Wickham</surname><given-names>Hadley</given-names></name>
</person-group><source>Journal of statistical software</source><year iso-8601-date="2014">2014</year><pub-id pub-id-type="doi">10.18637/jss.v059.i10</pub-id><volume>59</volume><fpage>1</fpage><lpage>23</lpage></element-citation>
</ref>
<ref id="ref-7">
<element-citation publication-type="paper-conference">
<article-title>Provenance and scientific workflows: challenges and opportunities</article-title>
<person-group person-group-type="author">
<name><surname>Davidson</surname><given-names>Susan B</given-names></name>
<name><surname>Freire</surname><given-names>Juliana</given-names></name>
</person-group><source>Proceedings of the 2008 ACM SIGMOD international conference on Management of data</source><year iso-8601-date="2008">2008</year><pub-id pub-id-type="doi">10.1145/1376616.1376772</pub-id><fpage>1345</fpage><lpage>1350</lpage></element-citation>
</ref>
<ref id="ref-9">
<element-citation publication-type="journal">
<article-title>Reproducibility in scientific computing</article-title>
<person-group person-group-type="author">
<name><surname>Ivie</surname><given-names>Peter</given-names></name>
<name><surname>Thain</surname><given-names>Douglas</given-names></name>
</person-group><source>ACM Computing Surveys (CSUR)</source><year iso-8601-date="2018">2018</year><pub-id pub-id-type="doi">10.1145/3186266</pub-id><volume>51</volume><issue>3</issue><fpage>1</fpage><lpage>36</lpage></element-citation>
</ref>
<ref id="ref-6">
<element-citation publication-type="journal">
<article-title>Ten simple rules for reproducible computational research</article-title>
<person-group person-group-type="author">
<name><surname>Sandve</surname><given-names>Geir Kjetil</given-names></name>
<name><surname>Nekrutenko</surname><given-names>Anton</given-names></name>
<name><surname>Taylor</surname><given-names>James</given-names></name>
<name><surname>Hovig</surname><given-names>Eivind</given-names></name>
</person-group><source>PLoS computational biology</source><year iso-8601-date="2013">2013</year><pub-id pub-id-type="doi">10.1371/journal.pcbi.1003285</pub-id><volume>9</volume><issue>10</issue><fpage>e1003285</fpage></element-citation>
</ref>
<ref id="ref-8">
<element-citation publication-type="journal">
<article-title>The FAIR Guiding Principles for scientific data management and stewardship</article-title>
<person-group person-group-type="author">
<name><surname>Wilkinson</surname><given-names>Mark D</given-names></name>
<name><surname>Dumontier</surname><given-names>Michel</given-names></name>
<name><surname>Aalbersberg</surname><given-names>IJsbrand Jan</given-names></name>
<name><surname>Appleton</surname><given-names>Gabrielle</given-names></name>
<name><surname>Axton</surname><given-names>Myles</given-names></name>
<name><surname>Baak</surname><given-names>Arie</given-names></name>
<name><surname>Blomberg</surname><given-names>Niklas</given-names></name>
<name><surname>Boiten</surname><given-names>Jan-Willem</given-names></name>
<name><surname>Silva Santos</surname><given-names>Luiz Bonino</given-names></name>
<name><surname>Bourne</surname><given-names>Philip E</given-names></name>
<name><surname>others</surname></name>
</person-group><source>Scientific data</source><year iso-8601-date="2016">2016</year><pub-id pub-id-type="doi">10.1038/sdata.2016.18</pub-id><volume>3</volume><issue>1</issue><fpage>1</fpage><lpage>9</lpage></element-citation>
</ref>
<ref id="ref-11">
<element-citation publication-type="paper-conference">
<article-title>No Silver Bullet: Essence and Accidents of Software Engineering</article-title>
<person-group person-group-type="author">
<name><surname>Brooks</surname><given-names>Frederick P.</given-names></name>
</person-group><year iso-8601-date="1987">1987</year><pub-id pub-id-type="doi">10.1109/MC.1987.1663532</pub-id></element-citation>
</ref>
<ref id="ref-12">
<element-citation publication-type="journal">
<article-title>Techniques for automatic memoization with applications to context-free parsing</article-title>
<person-group person-group-type="author">
<name><surname>Norvig</surname><given-names>Peter</given-names></name>
</person-group><source>Computational Linguistics</source><year iso-8601-date="1991">1991</year><volume>17</volume><issue>1</issue><fpage>91</fpage><lpage>98</lpage></element-citation>
</ref>
<ref id="ref-16">
<element-citation publication-type="report">
<article-title>Git</article-title>
<person-group person-group-type="author">
<name><surname>Torvalds</surname><given-names>Linus</given-names></name>
<name><surname>others</surname></name>
</person-group><year iso-8601-date="2005">2005</year></element-citation>
</ref>
<ref id="ref-20">
<element-citation publication-type="document">
<article-title>The Unison manual</article-title>
<person-group person-group-type="author">
<name><surname>Lozano</surname><given-names>Roberto Castañeda</given-names></name>
</person-group><year iso-8601-date="2017">2017</year></element-citation>
</ref>
<ref id="ref-13">
<element-citation publication-type="paper-conference">
<article-title>Using automatic persistent memoization to facilitate data analysis scripting</article-title>
<person-group person-group-type="author">
<name><surname>Guo</surname><given-names>Philip J</given-names></name>
<name><surname>Engler</surname><given-names>Dawson</given-names></name>
</person-group><source>Proceedings of the 2011 International Symposium on Software Testing and Analysis</source><year iso-8601-date="2011">2011</year><pub-id pub-id-type="doi">10.1145/2001420.2001455</pub-id><fpage>287</fpage><lpage>297</lpage></element-citation>
</ref>
<ref id="ref-17">
<element-citation publication-type="journal">
<article-title>funsies: A minimalist, distributed and dynamic workflow engine</article-title>
<person-group person-group-type="author">
<name><surname>Lavigne</surname><given-names>Cyrille</given-names></name>
<name><surname>Aspuru-Guzik</surname><given-names>Alán</given-names></name>
</person-group><source>Journal of Open Source Software</source><year iso-8601-date="2021">2021</year><pub-id pub-id-type="doi">10.21105/joss.03274</pub-id><volume>6</volume><issue>66</issue><fpage>3274</fpage></element-citation>
</ref>
<ref id="ref-18">
<element-citation publication-type="journal">
<article-title>Koji: Automating pipelines with mixed-semantics data sources</article-title>
<person-group person-group-type="author">
<name><surname>Maymounkov</surname><given-names>Petar</given-names></name>
</person-group><source>arXiv preprint arXiv:1901.01908</source><year iso-8601-date="2018">2018</year></element-citation>
</ref>
<ref id="ref-21">
<element-citation publication-type="journal">
<article-title>A relational model of data for large shared data banks</article-title>
<person-group person-group-type="author">
<name><surname>Codd</surname><given-names>Edgar F</given-names></name>
</person-group><source>Communications of the ACM</source><year iso-8601-date="1970">1970</year><pub-id pub-id-type="doi">10.1145/362384.362685</pub-id><volume>13</volume><issue>6</issue><fpage>377</fpage><lpage>387</lpage></element-citation>
</ref>
<ref id="ref-14">
<element-citation publication-type="journal">
<article-title>Categorical data structures for technical computing</article-title>
<person-group person-group-type="author">
<name><surname>Patterson</surname><given-names>Evan</given-names></name>
<name><surname>Lynch</surname><given-names>Owen</given-names></name>
<name><surname>Fairbanks</surname><given-names>James</given-names></name>
</person-group><source>Compositionality</source><year iso-8601-date="2022">2022</year><pub-id pub-id-type="doi">10.32408/compositionality-4-5</pub-id><volume>4</volume></element-citation>
</ref>
<ref id="ref-22">
<element-citation publication-type="paper-conference">
<article-title>{TensorFlow}: a system for {Large-Scale} machine learning</article-title>
<person-group person-group-type="author">
<name><surname>Abadi</surname><given-names>Martı́n</given-names></name>
<name><surname>Barham</surname><given-names>Paul</given-names></name>
<name><surname>Chen</surname><given-names>Jianmin</given-names></name>
<name><surname>Chen</surname><given-names>Zhifeng</given-names></name>
<name><surname>Davis</surname><given-names>Andy</given-names></name>
<name><surname>Dean</surname><given-names>Jeffrey</given-names></name>
<name><surname>Devin</surname><given-names>Matthieu</given-names></name>
<name><surname>Ghemawat</surname><given-names>Sanjay</given-names></name>
<name><surname>Irving</surname><given-names>Geoffrey</given-names></name>
<name><surname>Isard</surname><given-names>Michael</given-names></name>
<name><surname>others</surname></name>
</person-group><source>12th USENIX symposium on operating systems design and implementation (OSDI 16)</source><year iso-8601-date="2016">2016</year><pub-id pub-id-type="doi">10.5281/zenodo.4724125</pub-id><fpage>265</fpage><lpage>283</lpage></element-citation>
</ref>
</ref-list>
<fn-group><fn id="fn-1">
<label>1</label>
<p>Since Python functions don’t have designated output names, we instead generate output names automatically using the order in the tuple of return values.</p>
</fn></fn-group>
</back>
</article>
