<?xml version="1.0" encoding="UTF-8"?>
<!DOCTYPE article PUBLIC "-//NLM//DTD JATS (Z39.96) Journal Archiving and Interchange DTD with MathML3 v1.3 20210610//EN" "http://jats.nlm.nih.gov/publishing/1.3/JATS-archivearticle1-3-mathml3.dtd">
<article xmlns:mml="http://www.w3.org/1998/Math/MathML" xmlns:xlink="http://www.w3.org/1999/xlink" xmlns:xsi="http://www.w3.org/2001/XMLSchema-instance" xmlns:ali="http://www.niso.org/schemas/ali/1.0/" dtd-version="1.3" xml:lang="en" id="main">
<front>
<article-meta>
<article-id pub-id-type="doi">10.25080/YCFW5807</article-id>
<title-group>
<article-title>Predx-Tools: Dispelling the Mystery in Histopathological Image Processing</article-title>
</title-group>
<contrib-group>
<contrib contrib-type="author" corresp="yes">
<contrib-id contrib-id-type="orcid">https://orcid.org/0000-0002-9629-1409</contrib-id>
<name name-style="western"><surname>Falkenstein</surname><given-names>Brian</given-names></name>
<xref ref-type="aff" rid="aff-1"/>
<email>brian.falkenstein@predxbio.com</email>
</contrib>
<contrib contrib-type="author">
<contrib-id contrib-id-type="orcid">https://orcid.org/0000-0002-8916-6335</contrib-id>
<name name-style="western"><surname>Quinn</surname><given-names>Shannon</given-names></name>
<xref ref-type="aff" rid="aff-1"/><xref ref-type="aff" rid="aff-2"/>
<email>shannon.quinn@predxbio.com</email>
</contrib>
<contrib contrib-type="author">
<contrib-id contrib-id-type="orcid">https://orcid.org/0000-0002-0024-1627</contrib-id>
<name name-style="western"><surname>Chennubhotla</surname><given-names>Chakra</given-names></name>
<xref ref-type="aff" rid="aff-1"/><xref ref-type="aff" rid="aff-3"/>
<email>chakra@predxbio.com</email>
</contrib>
<contrib contrib-type="author">
<contrib-id contrib-id-type="orcid">https://orcid.org/0000-0002-2283-4968</contrib-id>
<name name-style="western"><surname>Pullara</surname><given-names>Filippo</given-names></name>
<xref ref-type="aff" rid="aff-1"/>
<email>filippo@predxbio.com</email>
</contrib>
<contrib contrib-type="author">
<name name-style="western"><surname>Yan</surname><given-names>Raymond</given-names></name>
<xref ref-type="aff" rid="aff-1"/>
<email>raymond.yan@predxbio.com</email>
</contrib>
</contrib-group>
<aff id="aff-1">
<institution-wrap>
<institution>PredxBio, Inc.</institution>
</institution-wrap>
</aff>
<aff id="aff-2">
<institution-wrap>
<institution>School of Computer Science, Department of Cellular Biology, University of Georgia</institution>
</institution-wrap>
</aff>
<aff id="aff-3">
<institution-wrap>
<institution>Dept of Computational and Systems Biology, University of Pittsburgh School of Medicine</institution>
</institution-wrap>
</aff>
<permissions>
<ali:free_to_read/>
<license xlink:href="https://creativecommons.org/licenses/by/4.0/">
<ali:license_ref>https://creativecommons.org/licenses/by/4.0/</ali:license_ref>
<license-p>This is an open access article distributed under the terms of the <ext-link ext-link-type="uri" xlink:href="http://creativecommons.org/licenses/by/4.0/">Creative Commons Attribution License</ext-link>, which permits unrestricted use, distribution, and reproduction in any medium, provided the original author and source are credited.</license-p>
</license>
</permissions>
<abstract>
<p>Histopathological images, which are digitized images of human or animal tissue, contain insights into disease state. Typically, a pathologist will look at a slide under a microscope to make decisions about prognosis and treatment. Due to the high complexity of the data, applying automatic image analysis is challenging. Often, human intervention in the form of manual annotation or quality control (<abbrev alt="Quality control">QC</abbrev>) is required. Additionally, the data itself varies considerably in available features, size, and shape. Thus, a streamlined and interactive approach is a necessary part of any digital pathology pipeline. We present PredX-Tools, a suite of simple and easy to use python <abbrev alt="Graphical user interface">GUI</abbrev> applications which facilitate analysis of histopathological images and provide a no-code platform for data scientists and researchers to perform analysis on raw and transformed data.</p>
</abstract>
<kwd-group>
<kwd>digital pathology</kwd>
<kwd>brightfield</kwd>
<kwd>multiplex immunofluorescence</kwd>
<kwd>point process</kwd>
</kwd-group>
</article-meta>
</front>
<body>
<sec id="sec-1">
<label>1</label>
<title>Introduction</title>
<p>Histopathological image analysis reveals insights into disease state and has potential to harness the immensely complex and heterogeneous tumor microenvironment to guide understanding of disease progression, response to treatment, and aid in patient stratification for clinical trials (<xref ref-type="bibr" rid="ref-16">Nam <italic>et al.</italic>, 2020</xref>; <xref ref-type="bibr" rid="ref-17">Rojas <italic>et al.</italic>, 2022</xref>; <xref ref-type="bibr" rid="ref-18">Kaushal <italic>et al.</italic>, 2019</xref>; <xref ref-type="bibr" rid="ref-19">Gray &amp; Ottensmeier, 2023</xref>; <xref ref-type="bibr" rid="ref-20">Baxi <italic>et al.</italic>, 2022</xref>). However, applying automatic image analysis routines continues to be challenging (<xref ref-type="bibr" rid="ref-21">Wilson <italic>et al.</italic>, 2021</xref>; <xref ref-type="bibr" rid="ref-22">Mulholland &amp; Leedham, 2024</xref>). Often, human intervention in the form of manual annotation or quality control (<abbrev alt="Quality control">QC</abbrev>) is required. Additionally, the data itself varies considerably in available features, size, and shape. For example, the available biomarkers vary in quantity between datasets, with some having only a few channels and others having hundreds or more. Images vary from small core samples (~1 MB) to massive whole slides images (~100 GB). Some datasets may contain data of multiple types with additional considerations for aligning the data to a common reference frame. Thus, a streamlined and interactive approach is a necessary part of any digital pathology pipeline (<xref ref-type="bibr" rid="ref-23">Bodén <italic>et al.</italic>, 2021</xref>).</p>
<p>We present PredX-Tools, a suite of simple and easy to use python <abbrev alt="Graphical user interface">GUI</abbrev> applications which facilitate all parts of a digital pathology pipeline, from image <abbrev alt="Quality control">QC</abbrev> and labeling to visualization and analysis of results to allow for a deeper understanding of the data. By utilizing open-source python libraries and utilities, we have created a suite of tools that fit seamlessly into our analysis pipeline, require minimal expertise to run, and are easy to develop new features for, to account for the ever-changing landscape of histopathological image analysis.</p>
</sec>
<sec id="sec-2">
<label>2</label>
<title>Background</title>
<p>Raw data takes the form of multi-channel images, ranging in depth from 3 channels (<abbrev alt="Red green blue image type">RGB</abbrev>) up to several hundreds or even thousands. Although specifics of the routine vary depending on the available data and the underlying biological questions, every experiment follows a similar procedure. Images must be registered, normalized, and denoised by a data scientist. Registration is the process of aligning subsequent sections of tissue in space via rotation and translation or affine transformation to match keypoints between images. Then, a researcher performs nuclei and or cell segmentation, where each nuclear and cellular object has a boundary automatically drawn around it. Additionally, other objects in the images may be segmented, such as tumor beds or other biological structures present in the image. Next, features are extracted for the segmented objects and stored in data tables. Common cell level features include a measurement of biomarker strength within the cell boundaries, or morphological measurements about the cell object like its area or ellipticity. Finally, these tables of features, which include the spatial location of the objects, may be analyzed by machine learning scientists to derive answers to mechanistic questions or to find differences between populations.</p>
<p>While there have been attempts at fully automating this procedure, it is nearly impossible to design routines that can account for all forms of variation across datasets. As an example, expected size of a cell may vary wildly between different types of cancer, and thus having one threshold for calling a cell ‘large’ or ‘small’ is challenging. Thus, for optimal performance on new data, it is ideal to have a human-in-the-loop to perform manual <abbrev alt="Quality control">QC</abbrev>, parameter tuning, and probing of the data to mitigate the error that arises when performing analysis on new datasets. This leads to a higher confidence in any results that may be found.
To facilitate this, simple and easy to use tools must be developed to allow field experts to interact with the data with minimal effort. Oftentimes users may not be comfortable or familiar with programming, and thus it is far more efficient to design no-code interactive environments to facilitate interaction with the data for non-coding domain experts.</p>
<p>Other tools have been developed to address these needs (see <xref ref-type="table" rid="table-1">Table 1</xref>), however none cover all our needs and many are rigid and allow custom integration only through script writing. There is a need for a stripped down suite of modular solutions that both fits specifically our needs for analysis, while also being modular and easy to develop to fit arising needs and challenges that come with new data. Hence, we have developed our own in-house suite of solutions that allows an expert user to plug directly into our highly complex analysis pipelines, both to check quality of generated results and allow deeper exploration of the data.
More specifically, we are addressing 4 separate needs required in our analysis routine. First, we provide an environment for gathering ground truth labels from an expert with <monospace>CellLabeler</monospace>. Second, we provide a simple hub for analyzing the quality of raw and pre-processed image data with <monospace>PixelExplorer</monospace>. Third, we created <monospace>CellExplorer</monospace> for visualizing data tables of cellular object features and phenotypes, as well as the ability to fit models and export modified versions of the data tables. Last, a simple and easy to use app for performing complex spatial analysis of the cellular or nuclear objects is provided in <monospace>SpaceExplorer</monospace>. All apps were created with PySimple<abbrev alt="Graphical user interface">GUI</abbrev> (<xref ref-type="bibr" rid="ref-7">PySimpleGUI Team, 2024</xref>), alongside other open source python libraries Matplotlib (<xref ref-type="bibr" rid="ref-9">Hunter, 2007</xref>), NumPy (<xref ref-type="bibr" rid="ref-10">Harris <italic>et al.</italic>, 2020</xref>), pandas (<xref ref-type="bibr" rid="ref-11">The Pandas Development Team, 2020</xref>; <xref ref-type="bibr" rid="ref-12">McKinney, 2010</xref>),
scikit-learn (<xref ref-type="bibr" rid="ref-14">Pedregosa <italic>et al.</italic>, 2011</xref>; <xref ref-type="bibr" rid="ref-15">Buitinck <italic>et al.</italic>, 2013</xref>), SciPy (<xref ref-type="bibr" rid="ref-13">Virtanen <italic>et al.</italic>, 2020</xref>), Tifffile (<xref ref-type="bibr" rid="ref-5">Gohlke, 2024</xref>), and zarr (<xref ref-type="bibr" rid="ref-6">Zarr-Python Team, 2024</xref>).</p>
<table-wrap id="table-1">
<label>Table 1:</label>
<caption>
<p>Comparison of available softwares.</p>
<p>“*” = Limitation on image size</p>
</caption>
<table-wrap id="table-2">
<table>
<thead>
<tr><th>Software</th><th>View Raw</th><th>Label</th><th>Pixel analysis</th><th>Mask generation</th><th>Phenotyping</th><th>Spatial analysis</th><th>Easy development</th></tr>
</thead>
<tbody>
<tr><td><monospace>Fiji</monospace> (<xref ref-type="bibr" rid="ref-1">Caroline A Schneider, 2012</xref>)</td><td>Yes*</td><td>Yes</td><td>Yes</td><td>Yes</td><td>No</td><td>No</td><td>Yes</td></tr>
<tr><td><monospace>QuPath</monospace> (<xref ref-type="bibr" rid="ref-2">Peter Bankhead, 2017</xref>)</td><td>Yes</td><td>Yes</td><td>Yes</td><td>Yes</td><td>Yes</td><td>No</td><td>Yes</td></tr>
<tr><td><monospace>CellProfiler</monospace> (<xref ref-type="bibr" rid="ref-3">Stirling, 2021</xref>)</td><td>Yes*</td><td>No</td><td>Yes</td><td>Yes</td><td>Yes</td><td>Yes</td><td>Yes</td></tr>
<tr><td><monospace>Ilastik</monospace> (<xref ref-type="bibr" rid="ref-4">Berg, 2019</xref>)</td><td>Yes*</td><td>Yes</td><td>Yes</td><td>Yes</td><td>Yes</td><td>No</td><td>No</td></tr>
<tr><td><bold>Predx-Tools</bold></td><td>Yes</td><td>Yes</td><td>Yes</td><td>Yes</td><td>Yes</td><td>Yes</td><td>Yes</td></tr>
</tbody>
</table>
</table-wrap>
</table-wrap>
</sec>
<sec id="sec-3">
<label>3</label>
<title>CellLabeler</title>
<p>We introduce CellLabeler, a flexible and easy to configure <abbrev alt="Graphical user interface">GUI</abbrev> application for the purpose of gathering expert annotations on histopathological image data. One common issue in the space of histopathological image analysis is the lack of labeled datasets. Due to the wide heterogeneity of the data, it is often the case that the existing labeled datasets are useless for the dataset in question. For example, current analysis may be focused on a panel of biomarkers that are unique from any labeled dataset in the public domain. Alternatively, one may be working with a tissue or disease type that has little or no representation in public domain datasets. Thus, it proves useful to have a tool to quickly and efficiently provide labels to new data to be used for either quality control purposes (labeling a segmentation as good or bad) or for training a machine learning algorithm (labeling a cell by its type).</p>
<p>A configuration json file must be created for each project. Within the configuration file, the user specifies the possible labels that can be assigned to each object, the type of image data (<abbrev alt="Red green blue image type">RGB</abbrev> or <abbrev alt="3 dimensional image array with shape (N, height, width)">N-stack</abbrev>) and which channels to show by default (<abbrev alt="3 dimensional image array with shape (N, height, width)">N-stack</abbrev> only). The input data consists of cropped images of each object to be labeled, as well as an optional list of marker names in the image (<abbrev alt="3 dimensional image array with shape (N, height, width)">N-stack</abbrev> only).</p>
<p>Once the experiment has begun and the data is loaded, the user will be shown an image and is asked to provide a label. The potential labels are listed in a table, and can be clicked to assign that label to the current image. To enable faster assignment of labels, the number pad may also be used to assign labels. The user can also take time to modify which biomarkers are being displayed, as well as which color each biomarker is assigned to (<abbrev alt="3 dimensional image array with shape (N, height, width)">N-stack</abbrev> only). By default, the object to be labeled has its boundary drawn on the image, however this can be toggled on and off. Once a label has been assigned to the current image, the user can either click next or use the right arrow to navigate to the next image (similarly, left arrow or back to navigate to the previous labeled image). After each step, a simple save file is generated which tracks the labeled objects, and thus progress is never lost. It is simple to load a previously saved project to pick up where you left off. This provides a simple and easy to use app for gathering labels for objects for the purposes of training an algorithm or performing <abbrev alt="Quality control">QC</abbrev>.</p>
<fig id="figure-1">
<label>Figure 1:</label>
<caption>
<p>The interface for CellLabeler.</p>
</caption>
<graphic mimetype="image" mime-subtype="png" xlink:href="files/figure1-33e979d8674626aa197c24bc5c6d650d.png"/>
</fig>
</sec>
<sec id="sec-4">
<label>4</label>
<title>PixelExplorer</title>
<p>We have also created PixelExplorer as a way to quickly perform basic analysis on pixel level data in raw or pre-processed histopathological datasets. Analyzing biomarker distributions and fitting models is a crucial step of preprocessing and quality control of histopathological imaging data. In brightfield imaging, one may want to analyze the distribution of raw <abbrev alt="Red green blue image type">RGB</abbrev> signals before and after normalization or stain deconvolution, where the individual stains are separated out from the <abbrev alt="Red green blue image type">RGB</abbrev> into separate channels. In <abbrev alt="Multiplex immunofluorescence">mIF</abbrev> or <abbrev alt="Imaging mass cytometry">IMC</abbrev> data, it is crucial to understand the behavior and dynamic range of the various biomarkers and how they are affected by normalization and noise reduction methods.</p>
<p>The input data for PixelExplorer is simply a folder containing the .tif (or any other open source microscopy image format, such as .ome.tif, .svs, etc.) files to be analyzed, as well as a <abbrev alt="Comma-separated value (filetype)">CSV</abbrev> file containing the names of the channels in the image (if not specified in the image metadata). With this, the user can quickly iterate through a set of tasks crucial to the pre-processing and <abbrev alt="Quality control">QC</abbrev> pipeline.</p>
<p>Once the experiment begins, the user will first select one or more of the available images provided in the data folder. Next, selecting from the list of available biomarkers will populate the histogram in the center of the screen. The histogram can have its parameters easily tweaked, such as setting ranges of the x axis, number of bins, log of the y axis, or density plot. Additionally, the user can choose to hide pixel values above or below a threshold. The subsample rate of pixels can be adjusted to balance the tradeoff between runtime and accuracy (for larger images, it may take several seconds to sample the pixels and plot them).</p>
<p>Further, any arbitrary transformation can be performed on the raw pixel values before plotting them. By default, a log2 transform is applied to transform the data from range [1, 2^16] to [0, 16]. However, any valid line of python code can be added to the ‘Data transformations’ tab to be applied to the data prior to plotting. This can be helpful to visualize the effect different transformations have on the underlying distribution.</p>
<p>Additionally, one can fit a Gaussian Mixture Model to the current distribution using the right panel by simply specifying the number of mixture components and pressing enter. This will fit a model to the data being plotted, meaning the model will be fit to the data after the transformation is applied and after any pixels above or below the desired thresholds are removed. This tool is very useful due to the fact that biomarker distributions in the log space can be effectively modeled by a mixture of gaussians (<xref ref-type="bibr" rid="ref-24">Lin <italic>et al.</italic>, 2023</xref>; <xref ref-type="bibr" rid="ref-25">McKinley <italic>et al.</italic>, 2017</xref>). With this, one may derive a model for ‘foreground’ and ‘background’ signals of the images. With this knowledge, the user may want to generate a ‘foreground’ or ‘background’ mask using the Thresholding function available in the app. The user can type in a value, select whether to threshold above or below the value, and then export a binary mask which is 1 for pixels that pass the threshold and 0 elsewhere. This mask may then be used in downstream analysis, where they may be used to focus on parts of the image which may exhibit certain behavior (e.g. thresholding Ki67, a biomarker which measure cellular proliferation or reproduction, which may be associated with tumoral regions). While these masks may be derived automatically, it may be desirable to define one by thresholding manually.</p>
<p>With PixelExplorer, the user obtains a better understanding of the biomarker signal behavior, how it has responded to the various preprocessing steps in the backend pipeline, and can fit models and derive thresholds for further downstream analysis.</p>
<fig id="figure-2">
<label>Figure 2:</label>
<caption>
<p>The interface for PixelExplorer.</p>
</caption>
<graphic mimetype="image" mime-subtype="png" xlink:href="files/figure2-cfd6a6d96e600e69fbad6a9bca3827dc.png"/>
</fig>
</sec>
<sec id="sec-5">
<label>5</label>
<title>CellExplorer</title>
<p>To address the need of quickly analyzing tabular data of cell features, we developed CellExplorer, another <abbrev alt="Graphical user interface">GUI</abbrev> which allows for fast and flexible basic analysis of nuclear or cellular feature tables. After the preprocessing and feature extraction pipelines are complete, what remains is one <abbrev alt="Comma-separated value (filetype)">CSV</abbrev> file per image, each containing cell level features. These features may contain information about the object shape and morphology (<abbrev alt="Hematoxylin and eosin">H&amp;E</abbrev>, <abbrev alt="Immunohistochemistry">IHC</abbrev>) or a measure of the biomarker signal (<abbrev alt="Multiplex immunofluorescence">mIF</abbrev>, <abbrev alt="Imaging mass cytometry">IMC</abbrev>). With these feature tables as input, several types of analysis are available using the CellExplorer <abbrev alt="Graphical user interface">GUI</abbrev>. CellExplorer requires as input a folder containing all of the <abbrev alt="Comma-separated value (filetype)">CSV</abbrev> files to be analyzed. The <abbrev alt="Comma-separated value (filetype)">CSV</abbrev> files contain rows of cellular features. Similar to PixelExplorer, when the app launches, the user will select one or more patient samples and a feature column to begin visualizing the distributions. The histogram visualization has the same controls as those found in PixelExplorer. Additionally, the user can define thresholds on the features and view counts or ratios of positive cells or nuclei. Thresholded phenotypes can then be exported as new columns in the <abbrev alt="Comma-separated value (filetype)">CSV</abbrev> input files. Again, a Gaussian Mixture Model can be fit to the current distribution.</p>
<p>CellExplorer also contains some additional features more useful in the context of analyzing cellular data, as opposed to pixel data. These features are gated behind popup windows, accessed via buttons at the bottom of the screen (<xref ref-type="fig" rid="figure-4">Figure 4</xref>). This is to allow the main panel of the <abbrev alt="Graphical user interface">GUI</abbrev> to be more streamlined and simple, and the more advanced analysis methods hidden in popups. This also allows for modular programming design, allowing different modules to be developed and deployed as new popup windows. Phenotypes may be a part of the input data (columns in the <abbrev alt="Comma-separated value (filetype)">CSV</abbrev> with ‘Positive’ in the name), or may be generated as previously mentioned. These phenotypes can be selected and shown as a pie chart to view relative frequencies of the phenotypes. Phenotypes may be generated using multiple features.</p>
<fig id="figure-3">
<label>Figure 3:</label>
<caption>
<p>The interface for CellExplorer.</p>
</caption>
<graphic mimetype="image" mime-subtype="png" xlink:href="files/figure3-45a0d419ffb031d23e2ff5c1a49669eb.png"/>
</fig>
<fig id="figure-4">
<label>Figure 4:</label>
<caption>
<p>An example of a popup window in CellExplorer. This interface allows for bivariate plots of the biomarker values.</p>
</caption>
<graphic mimetype="image" mime-subtype="png" xlink:href="files/figure4-c607fe400466d5eb42aed2a39d42fbd2.png"/>
</fig>
</sec>
<sec id="sec-6">
<label>6</label>
<title>SpaceExplorer</title>
<p>After cells have been assigned a phenotype label, it is advantageous to analyze the spatial composition of the cell types. This involves quantifying the degree with which the cells cluster together or repel each other relative to some background distribution. That is, we may discover that tumor cells are clustered tightly together with other tumor cells, or that immune cells may be surrounded by many tumor cells, but few other immune cells. These spatial relationships reveal the underlying mechanisms driving the tumor microenvironment (<xref ref-type="bibr" rid="ref-17">Rojas <italic>et al.</italic>, 2022</xref>). However, biomarker panels may include a large number of biomarkers, and parsing the magnitude of statistics generated by pairwise analysis can be cumbersome. Thus, there is a need for a fast and interactive way of viewing and analyzing the various spatial statistics that can reveal insights into the tumor microenvironment.</p>
<p>To this end, we have created SpaceExplorer to enable a user to quickly generate a variety of spatial statistics on singular phenotypes or pairs of phenotypes, and to generate high quality figures. Specifically, SpaceExplorer functions similarly to CellExplorer, in that it reads as input a <abbrev alt="Comma-separated value (filetype)">CSV</abbrev> file, this time containing binary assignments of phenotypes for each cell. That is, each row corresponds to a cell, and each column says whether that cell is positive or negative for that phenotype (IE tumor cell, T cell, etc.).</p>
<p>Once the data is read in, the user has a few options to explore. The user may select from the samples list one or more samples to compute scores for. Then, the user may select 1 or 2 cell types to perform spatial point-pattern analysis on. This analysis attempts to describe the clustering or dispersing behavior of events relative to a random point pattern, and has shown promise in other fields for describing spatial distributions of events (<xref ref-type="bibr" rid="ref-26">Ben-Said, 2021</xref>; <xref ref-type="bibr" rid="ref-27">Franklin, 2008</xref>; <xref ref-type="bibr" rid="ref-28">Ripley, 1977</xref>).</p>
<p>Additional analysis methods include the pointwise mutual information (<xref ref-type="bibr" rid="ref-29">Church &amp; Hanks, 1989</xref>), which analyzes the probability that two events co-occur (in this case, 2 cell types being spatially close together) relative to a background distribution, as well as the spatial neighbors enrichment analysis, which performs permutation tests and computes z-scores to assign a score for how often 2 events are co-occurring (<xref ref-type="bibr" rid="ref-30">Langseth <italic>et al.</italic>, 2021</xref>).</p>
</sec>
<sec id="sec-7">
<label>7</label>
<title>Conclusion</title>
<p>Here we have described Predx-Tools, our suite of easy to use and flexible <abbrev alt="Graphical user interface">GUI</abbrev> applications for interfacing with histopathological image data at various stages of processing. We developed these tools to fit the needs that arose from working with a large variety of histopathological datasets and understanding the variability that must be accounted for. These tools improve workflows and allow for a deeper understanding of the complex data. All tools were built with python and open-source python libraries.</p>
</sec>
</body>
<back>
<ref-list>
<ref id="ref-16">
<element-citation publication-type="journal">
<article-title>Introduction to digital pathology and computer-aided pathology</article-title>
<person-group person-group-type="author">
<name><surname>Nam</surname><given-names>Soojeong</given-names></name>
<name><surname>Chong</surname><given-names>Yosep</given-names></name>
<name><surname>Jung</surname><given-names>Chan Kwon</given-names></name>
<name><surname>Kwak</surname><given-names>Tae-Yeong</given-names></name>
<name><surname>Lee</surname><given-names>Ji Youl</given-names></name>
<name><surname>Park</surname><given-names>Jihwan</given-names></name>
<name><surname>Rho</surname><given-names>Mi Jung</given-names></name>
<name><surname>Go</surname><given-names>Heounjeong</given-names></name>
</person-group><source>Journal of Pathology and Translational Medicine</source><year iso-8601-date="2020">2020</year><pub-id pub-id-type="doi">10.4132/jptm.2019.12.31</pub-id><volume>54</volume><issue>2</issue><fpage>125</fpage><lpage>134</lpage>
<issn>2383-7845</issn>
</element-citation>
</ref>
<ref id="ref-17">
<element-citation publication-type="journal">
<article-title>Multiplex Immunofluorescence and the Digital Image Analysis Workflow for Evaluation of the Tumor Immune Environment in Translational Research</article-title>
<person-group person-group-type="author">
<name><surname>Rojas</surname><given-names>Frank</given-names></name>
<name><surname>Hernandez</surname><given-names>Sharia</given-names></name>
<name><surname>Lazcano</surname><given-names>Rossana</given-names></name>
<name><surname>Laberiano-Fernandez</surname><given-names>Caddie</given-names></name>
<name><surname>Parra</surname><given-names>Edwin Roger</given-names></name>
</person-group><source>Frontiers in Oncology</source><year iso-8601-date="2022">2022</year><pub-id pub-id-type="doi">10.3389/fonc.2022.889886</pub-id><volume>12</volume>
<issn>2234-943X</issn>
</element-citation>
</ref>
<ref id="ref-18">
<element-citation publication-type="journal">
<article-title>Recent Trends in Computer Assisted Diagnosis (CAD) System for Breast Cancer Diagnosis Using Histopathological Images</article-title>
<person-group person-group-type="author">
<name><surname>Kaushal</surname><given-names>C.</given-names></name>
<name><surname>Bhat</surname><given-names>S.</given-names></name>
<name><surname>Koundal</surname><given-names>D.</given-names></name>
<name><surname>Singla</surname><given-names>A.</given-names></name>
</person-group><source>IRBM</source><year iso-8601-date="2019">2019</year><pub-id pub-id-type="doi">10.1016/j.irbm.2019.06.001</pub-id><volume>40</volume><issue>4</issue><fpage>211</fpage><lpage>227</lpage>
<issn>1959-0318</issn>
</element-citation>
</ref>
<ref id="ref-19">
<element-citation publication-type="journal">
<article-title>Advancing Understanding of Non-Small Cell Lung Cancer with Multiplexed Antibody-Based Spatial Imaging Technologies</article-title>
<person-group person-group-type="author">
<name><surname>Gray</surname><given-names>Simon</given-names></name>
<name><surname>Ottensmeier</surname><given-names>Christian H.</given-names></name>
</person-group><source>Cancers</source><year iso-8601-date="2023">2023</year><pub-id pub-id-type="doi">10.3390/cancers15194797</pub-id><volume>15</volume><issue>19</issue><fpage>4797</fpage>
<issn>2072-6694</issn>
</element-citation>
</ref>
<ref id="ref-20">
<element-citation publication-type="journal">
<article-title>Digital pathology and artificial intelligence in translational medicine and clinical practice</article-title>
<person-group person-group-type="author">
<name><surname>Baxi</surname><given-names>Vipul</given-names></name>
<name><surname>Edwards</surname><given-names>Robin</given-names></name>
<name><surname>Montalto</surname><given-names>Michael</given-names></name>
<name><surname>Saha</surname><given-names>Saurabh</given-names></name>
</person-group><source>Modern Pathology</source><year iso-8601-date="2022">2022</year><pub-id pub-id-type="doi">10.1038/s41379-021-00919-2</pub-id><volume>35</volume><issue>1</issue><fpage>23</fpage><lpage>32</lpage>
<issn>0893-3952</issn>
</element-citation>
</ref>
<ref id="ref-21">
<element-citation publication-type="journal">
<article-title>Challenges and Opportunities in the Statistical Analysis of Multiplex Immunofluorescence Data</article-title>
<person-group person-group-type="author">
<name><surname>Wilson</surname><given-names>Christopher M.</given-names></name>
<name><surname>Ospina</surname><given-names>Oscar E.</given-names></name>
<name><surname>Townsend</surname><given-names>Mary K.</given-names></name>
<name><surname>Nguyen</surname><given-names>Jonathan</given-names></name>
<name><surname>Moran Segura</surname><given-names>Carlos</given-names></name>
<name><surname>Schildkraut</surname><given-names>Joellen M.</given-names></name>
<name><surname>Tworoger</surname><given-names>Shelley S.</given-names></name>
<name><surname>Peres</surname><given-names>Lauren C.</given-names></name>
<name><surname>Fridley</surname><given-names>Brooke L.</given-names></name>
</person-group><source>Cancers</source><year iso-8601-date="2021">2021</year><pub-id pub-id-type="doi">10.3390/cancers13123031</pub-id><volume>13</volume><issue>12</issue><fpage>3031</fpage>
<issn>2072-6694</issn>
</element-citation>
</ref>
<ref id="ref-22">
<element-citation publication-type="journal">
<article-title>Redefining clinical practice through spatial profiling: a revolution in tissue analysis</article-title>
<person-group person-group-type="author">
<name><surname>Mulholland</surname><given-names>EJ</given-names></name>
<name><surname>Leedham</surname><given-names>SJ</given-names></name>
</person-group><source>The Annals of The Royal College of Surgeons of England</source><year iso-8601-date="2024">2024</year><pub-id pub-id-type="doi">10.1308/rcsann.2023.0091</pub-id><volume>106</volume><issue>4</issue><fpage>305</fpage><lpage>312</lpage>
<issn>1478-7083</issn>
</element-citation>
</ref>
<ref id="ref-23">
<element-citation publication-type="journal">
<article-title>The human‐in‐the‐loop: an evaluation of pathologists’ interaction with artificial intelligence in clinical practice</article-title>
<person-group person-group-type="author">
<name><surname>Bodén</surname><given-names>Anna C S</given-names></name>
<name><surname>Molin</surname><given-names>Jesper</given-names></name>
<name><surname>Garvin</surname><given-names>Stina</given-names></name>
<name><surname>West</surname><given-names>Rebecca A</given-names></name>
<name><surname>Lundström</surname><given-names>Claes</given-names></name>
<name><surname>Treanor</surname><given-names>Darren</given-names></name>
</person-group><source>Histopathology</source><year iso-8601-date="2021">2021</year><pub-id pub-id-type="doi">10.1111/his.14356</pub-id><volume>79</volume><issue>2</issue><fpage>210</fpage><lpage>218</lpage>
<issn>1365-2559</issn>
</element-citation>
</ref>
<ref id="ref-7">
<element-citation publication-type="document">
<article-title>PySimpleGUI</article-title>
<person-group person-group-type="author">
<name><surname>PySimpleGUI Team</surname></name>
</person-group><year iso-8601-date="2024">2024</year></element-citation>
</ref>
<ref id="ref-9">
<element-citation publication-type="journal">
<article-title>Matplotlib: A 2D graphics environment</article-title>
<person-group person-group-type="author">
<name><surname>Hunter</surname><given-names>J. D.</given-names></name>
</person-group><source>Computing in Science &amp; Engineering</source><year iso-8601-date="2007">2007</year><pub-id pub-id-type="doi">https://doi.org/10.1109/MCSE.2007.55</pub-id><volume>9</volume><issue>3</issue><fpage>90</fpage><lpage>95</lpage></element-citation>
</ref>
<ref id="ref-10">
<element-citation publication-type="journal">
<article-title>Array programming with NumPy</article-title>
<person-group person-group-type="author">
<name><surname>Harris</surname><given-names>Charles R.</given-names></name>
<name><surname>Millman</surname><given-names>K. Jarrod</given-names></name>
<name><surname>Walt</surname><given-names>Stéfan J.</given-names></name>
<name><surname>Gommers</surname><given-names>Ralf</given-names></name>
<name><surname>Virtanen</surname><given-names>Pauli</given-names></name>
<name><surname>Cournapeau</surname><given-names>David</given-names></name>
<name><surname>Wieser</surname><given-names>Eric</given-names></name>
<name><surname>Taylor</surname><given-names>Julian</given-names></name>
<name><surname>Berg</surname><given-names>Sebastian</given-names></name>
<name><surname>Smith</surname><given-names>Nathaniel J.</given-names></name>
<name><surname>Kern</surname><given-names>Robert</given-names></name>
<name><surname>Picus</surname><given-names>Matti</given-names></name>
<name><surname>Hoyer</surname><given-names>Stephan</given-names></name>
<name><surname>Kerkwijk</surname><given-names>Marten H.</given-names></name>
<name><surname>Brett</surname><given-names>Matthew</given-names></name>
<name><surname>Haldane</surname><given-names>Allan</given-names></name>
<name><surname>Río</surname><given-names>Jaime Fernández</given-names></name>
<name><surname>Wiebe</surname><given-names>Mark</given-names></name>
<name><surname>Peterson</surname><given-names>Pearu</given-names></name>
<name><surname>Gérard-Marchant</surname><given-names>Pierre</given-names></name>
<name><surname>Sheppard</surname><given-names>Kevin</given-names></name>
<name><surname>Reddy</surname><given-names>Tyler</given-names></name>
<name><surname>Weckesser</surname><given-names>Warren</given-names></name>
<name><surname>Abbasi</surname><given-names>Hameer</given-names></name>
<name><surname>Gohlke</surname><given-names>Christoph</given-names></name>
<name><surname>Oliphant</surname><given-names>Travis E.</given-names></name>
</person-group><source>Nature</source><year iso-8601-date="2020">2020</year><pub-id pub-id-type="doi">https://doi.org/10.1038/s41586-020-2649-2</pub-id><volume>585</volume><issue>7825</issue><fpage>357</fpage><lpage>362</lpage></element-citation>
</ref>
<ref id="ref-11">
<element-citation publication-type="document">
<article-title>pandas-dev/pandas: Pandas</article-title>
<person-group person-group-type="author">
<name><surname>The Pandas Development Team</surname></name>
</person-group><year iso-8601-date="2020">2020</year><pub-id pub-id-type="doi">10.5281/zenodo.3509134</pub-id></element-citation>
</ref>
<ref id="ref-12">
<element-citation publication-type="paper-conference">
<article-title>Data Structures for Statistical Computing in Python</article-title>
<person-group person-group-type="author">
<name><surname>McKinney</surname><given-names>Wes</given-names></name>
</person-group><source>Proceedings of the 9th Python in Science Conference</source><year iso-8601-date="2010">2010</year><pub-id pub-id-type="doi">https://doi.org/10.25080/Majora-92bf1922-00a</pub-id><fpage>56 </fpage><lpage> 61</lpage></element-citation>
</ref>
<ref id="ref-14">
<element-citation publication-type="journal">
<article-title>Scikit-learn: Machine Learning in Python</article-title>
<person-group person-group-type="author">
<name><surname>Pedregosa</surname><given-names>F.</given-names></name>
<name><surname>Varoquaux</surname><given-names>G.</given-names></name>
<name><surname>Gramfort</surname><given-names>A.</given-names></name>
<name><surname>Michel</surname><given-names>V.</given-names></name>
<name><surname>Thirion</surname><given-names>B.</given-names></name>
<name><surname>Grisel</surname><given-names>O.</given-names></name>
<name><surname>Blondel</surname><given-names>M.</given-names></name>
<name><surname>Prettenhofer</surname><given-names>P.</given-names></name>
<name><surname>Weiss</surname><given-names>R.</given-names></name>
<name><surname>Dubourg</surname><given-names>V.</given-names></name>
<name><surname>Vanderplas</surname><given-names>J.</given-names></name>
<name><surname>Passos</surname><given-names>A.</given-names></name>
<name><surname>Cournapeau</surname><given-names>D.</given-names></name>
<name><surname>Brucher</surname><given-names>M.</given-names></name>
<name><surname>Perrot</surname><given-names>M.</given-names></name>
<name><surname>Duchesnay</surname><given-names>E.</given-names></name>
</person-group><source>Journal of Machine Learning Research</source><year iso-8601-date="2011">2011</year><volume>12</volume><fpage>2825</fpage><lpage>2830</lpage></element-citation>
</ref>
<ref id="ref-15">
<element-citation publication-type="paper-conference">
<article-title>API design for machine learning software: experiences from the scikit-learn project</article-title>
<person-group person-group-type="author">
<name><surname>Buitinck</surname><given-names>Lars</given-names></name>
<name><surname>Louppe</surname><given-names>Gilles</given-names></name>
<name><surname>Blondel</surname><given-names>Mathieu</given-names></name>
<name><surname>Pedregosa</surname><given-names>Fabian</given-names></name>
<name><surname>Mueller</surname><given-names>Andreas</given-names></name>
<name><surname>Grisel</surname><given-names>Olivier</given-names></name>
<name><surname>Niculae</surname><given-names>Vlad</given-names></name>
<name><surname>Prettenhofer</surname><given-names>Peter</given-names></name>
<name><surname>Gramfort</surname><given-names>Alexandre</given-names></name>
<name><surname>Grobler</surname><given-names>Jaques</given-names></name>
<name><surname>Layton</surname><given-names>Robert</given-names></name>
<name><surname>VanderPlas</surname><given-names>Jake</given-names></name>
<name><surname>Joly</surname><given-names>Arnaud</given-names></name>
<name><surname>Holt</surname><given-names>Brian</given-names></name>
<name><surname>Varoquaux</surname><given-names>Gaël</given-names></name>
</person-group><source>ECML PKDD Workshop: Languages for Data Mining and Machine Learning</source><year iso-8601-date="2013">2013</year><fpage>108</fpage><lpage>122</lpage></element-citation>
</ref>
<ref id="ref-13">
<element-citation publication-type="journal">
<article-title>SciPy 1.0: Fundamental Algorithms for Scientific Computing in Python</article-title>
<person-group person-group-type="author">
<name><surname>Virtanen</surname><given-names>Pauli</given-names></name>
<name><surname>Gommers</surname><given-names>Ralf</given-names></name>
<name><surname>Oliphant</surname><given-names>Travis E.</given-names></name>
<name><surname>Haberland</surname><given-names>Matt</given-names></name>
<name><surname>Reddy</surname><given-names>Tyler</given-names></name>
<name><surname>Cournapeau</surname><given-names>David</given-names></name>
<name><surname>Burovski</surname><given-names>Evgeni</given-names></name>
<name><surname>Peterson</surname><given-names>Pearu</given-names></name>
<name><surname>Weckesser</surname><given-names>Warren</given-names></name>
<name><surname>Bright</surname><given-names>Jonathan</given-names></name>
<name><surname>van der Walt</surname><given-names>Stéfan J.</given-names></name>
<name><surname>Brett</surname><given-names>Matthew</given-names></name>
<name><surname>Wilson</surname><given-names>Joshua</given-names></name>
<name><surname>Millman</surname><given-names>K. Jarrod</given-names></name>
<name><surname>Mayorov</surname><given-names>Nikolay</given-names></name>
<name><surname>Nelson</surname><given-names>Andrew R. J.</given-names></name>
<name><surname>Jones</surname><given-names>Eric</given-names></name>
<name><surname>Kern</surname><given-names>Robert</given-names></name>
<name><surname>Larson</surname><given-names>Eric</given-names></name>
<name><surname>Carey</surname><given-names>C J</given-names></name>
<name><surname>Polat</surname><given-names>İlhan</given-names></name>
<name><surname>Feng</surname><given-names>Yu</given-names></name>
<name><surname>Moore</surname><given-names>Eric W.</given-names></name>
<name><surname>VanderPlas</surname><given-names>Jake</given-names></name>
<name><surname>Laxalde</surname><given-names>Denis</given-names></name>
<name><surname>Perktold</surname><given-names>Josef</given-names></name>
<name><surname>Cimrman</surname><given-names>Robert</given-names></name>
<name><surname>Henriksen</surname><given-names>Ian</given-names></name>
<name><surname>Quintero</surname><given-names>E. A.</given-names></name>
<name><surname>Harris</surname><given-names>Charles R.</given-names></name>
<name><surname>Archibald</surname><given-names>Anne M.</given-names></name>
<name><surname>Ribeiro</surname><given-names>Antônio H.</given-names></name>
<name><surname>Pedregosa</surname><given-names>Fabian</given-names></name>
<name><surname>van Mulbregt</surname><given-names>Paul</given-names></name>
<name><surname>SciPy 1.0 Contributors</surname></name>
</person-group><source>Nature Methods</source><year iso-8601-date="2020">2020</year><pub-id pub-id-type="doi">https://doi.org/10.1038/s41592-019-0686-2</pub-id><volume>17</volume><fpage>261</fpage><lpage>272</lpage></element-citation>
</ref>
<ref id="ref-5">
<element-citation publication-type="document">
<article-title>tifffile</article-title>
<person-group person-group-type="author">
<name><surname>Gohlke</surname><given-names>Christoph</given-names></name>
</person-group><year iso-8601-date="2024">2024</year></element-citation>
</ref>
<ref id="ref-6">
<element-citation publication-type="document">
<article-title>Zarr-Python</article-title>
<person-group person-group-type="author">
<name><surname>Zarr-Python Team</surname></name>
</person-group><year iso-8601-date="2024">2024</year></element-citation>
</ref>
<ref id="ref-1">
<element-citation publication-type="document"><person-group person-group-type="author">
<name><surname>Caroline A Schneider</surname><given-names>Wayne S Rasband &amp; Kevin W Eliceiri</given-names></name>
</person-group><year iso-8601-date="2012">2012</year><pub-id pub-id-type="doi">doi:10.1038/nmeth.2089</pub-id></element-citation>
</ref>
<ref id="ref-2">
<element-citation publication-type="document"><person-group person-group-type="author">
<name><surname>Peter Bankhead</surname></name>
</person-group><year iso-8601-date="2017">2017</year><pub-id pub-id-type="doi">https://doi.org/10.1038/s41598-017-17204-5</pub-id></element-citation>
</ref>
<ref id="ref-3">
<element-citation publication-type="document"><person-group person-group-type="author">
<name><surname>Stirling</surname></name>
</person-group><year iso-8601-date="2021">2021</year><pub-id pub-id-type="doi">https://doi.org/10.1186/s12859-021-04344-9</pub-id></element-citation>
</ref>
<ref id="ref-4">
<element-citation publication-type="document"><person-group person-group-type="author">
<name><surname>Berg</surname></name>
</person-group><year iso-8601-date="2019">2019</year><pub-id pub-id-type="doi">https://doi.org/10.1038/s41592-019-0582-9</pub-id></element-citation>
</ref>
<ref id="ref-24">
<element-citation publication-type="journal">
<article-title>High-plex immunofluorescence imaging and traditional histology of the same tissue section for discovering image-based biomarkers</article-title>
<person-group person-group-type="author">
<name><surname>Lin</surname><given-names>Jia-Ren</given-names></name>
<name><surname>Chen</surname><given-names>Yu-An</given-names></name>
<name><surname>Campton</surname><given-names>Daniel</given-names></name>
<name><surname>Cooper</surname><given-names>Jeremy</given-names></name>
<name><surname>Coy</surname><given-names>Shannon</given-names></name>
<name><surname>Yapp</surname><given-names>Clarence</given-names></name>
<name><surname>Tefft</surname><given-names>Juliann B.</given-names></name>
<name><surname>McCarty</surname><given-names>Erin</given-names></name>
<name><surname>Ligon</surname><given-names>Keith L.</given-names></name>
<name><surname>Rodig</surname><given-names>Scott J.</given-names></name>
<name><surname>Reese</surname><given-names>Steven</given-names></name>
<name><surname>George</surname><given-names>Tad</given-names></name>
<name><surname>Santagata</surname><given-names>Sandro</given-names></name>
<name><surname>Sorger</surname><given-names>Peter K.</given-names></name>
</person-group><source>Nature Cancer</source><year iso-8601-date="2023">2023</year><pub-id pub-id-type="doi">10.1038/s43018-023-00576-1</pub-id><volume>4</volume><issue>7</issue><fpage>1036</fpage><lpage>1052</lpage>
<issn>2662-1347</issn>
</element-citation>
</ref>
<ref id="ref-25">
<element-citation publication-type="journal">
<article-title>Optimized multiplex immunofluorescence single-cell analysis reveals tuft cell heterogeneity</article-title>
<person-group person-group-type="author">
<name><surname>McKinley</surname><given-names>Eliot T.</given-names></name>
<name><surname>Sui</surname><given-names>Yunxia</given-names></name>
<name><surname>Al-Kofahi</surname><given-names>Yousef</given-names></name>
<name><surname>Millis</surname><given-names>Bryan A.</given-names></name>
<name><surname>Tyska</surname><given-names>Matthew J.</given-names></name>
<name><surname>Roland</surname><given-names>Joseph T.</given-names></name>
<name><surname>Santamaria-Pang</surname><given-names>Alberto</given-names></name>
<name><surname>Ohland</surname><given-names>Christina L.</given-names></name>
<name><surname>Jobin</surname><given-names>Christian</given-names></name>
<name><surname>Franklin</surname><given-names>Jeffrey L.</given-names></name>
<name><surname>Lau</surname><given-names>Ken S.</given-names></name>
<name><surname>Gerdes</surname><given-names>Michael J.</given-names></name>
<name><surname>Coffey</surname><given-names>Robert J.</given-names></name>
</person-group><source>JCI Insight</source><year iso-8601-date="2017">2017</year><pub-id pub-id-type="doi">10.1172/jci.insight.93487</pub-id><volume>2</volume><issue>11</issue>
<issn>2379-3708</issn>
</element-citation>
</ref>
<ref id="ref-26">
<element-citation publication-type="journal">
<article-title>Spatial point-pattern analysis as a powerful tool in identifying pattern-process relationships in plant ecology: an updated review</article-title>
<person-group person-group-type="author">
<name><surname>Ben-Said</surname><given-names>Mariem</given-names></name>
</person-group><source>Ecological Processes</source><year iso-8601-date="2021">2021</year><pub-id pub-id-type="doi">10.1186/s13717-021-00314-4</pub-id><volume>10</volume><issue>1</issue>
<issn>2192-1709</issn>
</element-citation>
</ref>
<ref id="ref-27">
<element-citation publication-type="chapter">
<article-title>Spatial Point Pattern Analysis of Plants</article-title>
<person-group person-group-type="author">
<name><surname>Franklin</surname><given-names>Janet</given-names></name>
</person-group><source>Perspectives on Spatial Data Analysis</source><year iso-8601-date="2008">2008</year><pub-id pub-id-type="doi">10.1007/978-3-642-01976-0_9</pub-id><fpage>113</fpage><lpage>123</lpage>
<issn>1430-9602</issn>
</element-citation>
</ref>
<ref id="ref-28">
<element-citation publication-type="journal">
<article-title>Modelling Spatial Patterns</article-title>
<person-group person-group-type="author">
<name><surname>Ripley</surname><given-names>B. D.</given-names></name>
</person-group><source>Journal of the Royal Statistical Society Series B: Statistical Methodology</source><year iso-8601-date="1977">1977</year><pub-id pub-id-type="doi">10.1111/j.2517-6161.1977.tb01615.x</pub-id><volume>39</volume><issue>2</issue><fpage>172</fpage><lpage>192</lpage>
<issn>1467-9868</issn>
</element-citation>
</ref>
<ref id="ref-29">
<element-citation publication-type="paper-conference">
<article-title>Word association norms, mutual information, and lexicography</article-title>
<person-group person-group-type="author">
<name><surname>Church</surname><given-names>Kenneth Ward</given-names></name>
<name><surname>Hanks</surname><given-names>Patrick</given-names></name>
</person-group><source>Proceedings of the 27th annual meeting on Association for Computational Linguistics -</source><year iso-8601-date="1989">1989</year><pub-id pub-id-type="doi">10.3115/981623.981633</pub-id><fpage>76</fpage><lpage>83</lpage></element-citation>
</ref>
<ref id="ref-30">
<element-citation publication-type="journal">
<article-title>Comprehensive in situ mapping of human cortical transcriptomic cell types</article-title>
<person-group person-group-type="author">
<name><surname>Langseth</surname><given-names>Christoffer Mattsson</given-names></name>
<name><surname>Gyllborg</surname><given-names>Daniel</given-names></name>
<name><surname>Miller</surname><given-names>Jeremy A.</given-names></name>
<name><surname>Close</surname><given-names>Jennie L.</given-names></name>
<name><surname>Long</surname><given-names>Brian</given-names></name>
<name><surname>Lein</surname><given-names>Ed S.</given-names></name>
<name><surname>Hilscher</surname><given-names>Markus M.</given-names></name>
<name><surname>Nilsson</surname><given-names>Mats</given-names></name>
</person-group><source>Communications Biology</source><year iso-8601-date="2021">2021</year><pub-id pub-id-type="doi">10.1038/s42003-021-02517-z</pub-id><volume>4</volume><issue>1</issue>
<issn>2399-3642</issn>
</element-citation>
</ref>
</ref-list>
</back>
</article>
