<?xml version="1.0" encoding="UTF-8"?>
<!DOCTYPE manifest PUBLIC "-//MECA//DTD Manifest v1.0//en" "https://meca.zip/manifest-1.0.dtd">
<manifest manifest-version="1" xmlns="https://manuscriptexchange.org/schema/manifest" xmlns:xlink="http://www.w3.org/1999/xlink">
  <item item-type="article-metadata">
    <instance media-type="application/xml" xlink:href="jats.xml"/>
  </item>
  <item item-type="article-supporting-file">
    <instance media-type="image/webp" xlink:href="files/cyan_comparison-34a8a1e8bbc62f445521989a28bd9c24.webp"/>
  </item>
  <item item-type="article-supporting-file">
    <instance media-type="image/webp" xlink:href="files/cyfi_explorer-433c6030f6afd09f0e684982c6b81c3f.webp"/>
  </item>
  <item item-type="article-supporting-file">
    <instance media-type="image/webp" xlink:href="files/eval_data_providers-d7a236963f9a67715e283242c096a277.webp"/>
  </item>
  <item item-type="article-supporting-file">
    <instance media-type="image/webp" xlink:href="files/feature_creation-db9287ca865c09add5047e2e1ddee219.webp"/>
  </item>
  <item item-type="article-supporting-file">
    <instance media-type="image/webp" xlink:href="files/model_experimentatio-019b88639316d296056f0ddc09347ae2.webp"/>
  </item>
  <item item-type="article-supporting-file">
    <instance media-type="image/webp" xlink:href="files/resolution_sentinel_-62dda05c5fef084d506484c0a782d2d1.webp"/>
  </item>
  <item item-type="article-supporting-file">
    <instance media-type="image/webp" xlink:href="files/resolution_sentinel_-b0a5a8beac663f7d2f4050065f157a9f.webp"/>
  </item>
  <item item-type="article-supporting-file">
    <instance media-type="image/webp" xlink:href="files/train_test-c854fb518ab29c971d1a033d123c30f3.webp"/>
  </item>
  <item item-type="article-supporting-file">
    <instance media-type="image/webp" xlink:href="files/ttb_datasets-3e364b409f9cc40d3cb22da87bce7777.webp"/>
  </item>
  <item item-type="article-source">
    <instance media-type="text/yaml" xlink:href="bundle/myst.yml"/>
  </item>
  <item item-type="article-source">
    <instance media-type="text/markdown" xlink:href="bundle/main.md"/>
  </item>
  <item item-type="article-source">
    <instance media-type="image/webp" xlink:href="bundle/resolution_sentinel_2.webp"/>
  </item>
  <item item-type="article-source">
    <instance media-type="image/webp" xlink:href="bundle/resolution_sentinel_3.webp"/>
  </item>
  <item item-type="article-source">
    <instance media-type="image/webp" xlink:href="bundle/ttb_datasets.webp"/>
  </item>
  <item item-type="article-source">
    <instance media-type="image/webp" xlink:href="bundle/model_experimentation.webp"/>
  </item>
  <item item-type="article-source">
    <instance media-type="image/webp" xlink:href="bundle/feature_creation.webp"/>
  </item>
  <item item-type="article-source">
    <instance media-type="image/webp" xlink:href="bundle/train_test.webp"/>
  </item>
  <item item-type="article-source">
    <instance media-type="image/webp" xlink:href="bundle/eval_data_providers.webp"/>
  </item>
  <item item-type="article-source">
    <instance media-type="image/webp" xlink:href="bundle/cyan_comparison.webp"/>
  </item>
  <item item-type="article-source">
    <instance media-type="image/webp" xlink:href="bundle/cyfi_explorer.webp"/>
  </item>
  <item item-type="article-source">
    <instance media-type="application/x-bibtex" xlink:href="bundle/mybib.bib"/>
  </item>
  <item item-type="article-source-directory">
    <instance media-type="application/x-directory" xlink:href="bundle/"/>
  </item>
</manifest>