<?xml version="1.0" encoding="UTF-8"?>
<!DOCTYPE article PUBLIC "-//NLM//DTD JATS (Z39.96) Journal Archiving and Interchange DTD with MathML3 v1.3 20210610//EN" "http://jats.nlm.nih.gov/publishing/1.3/JATS-archivearticle1-3-mathml3.dtd">
<article xmlns:mml="http://www.w3.org/1998/Math/MathML" xmlns:xlink="http://www.w3.org/1999/xlink" xmlns:xsi="http://www.w3.org/2001/XMLSchema-instance" xmlns:ali="http://www.niso.org/schemas/ali/1.0/" dtd-version="1.3" xml:lang="en" id="main">
<front>
<article-meta>
<article-id pub-id-type="doi">10.25080/GVHT1072</article-id>
<title-group>
<article-title>Supporting Greater Interactivity in the IPython Visualization Ecosystem</article-title>
</title-group>
<contrib-group>
<contrib contrib-type="author" corresp="yes">
<contrib-id contrib-id-type="orcid">https://orcid.org/0000-0002-5036-5433</contrib-id>
<name name-style="western"><surname>Martindale</surname><given-names>Nathan</given-names></name>
<xref ref-type="aff" rid="aff-1"/>
<email>martindalena@ornl.gov</email>
</contrib>
<contrib contrib-type="author">
<contrib-id contrib-id-type="orcid">https://orcid.org/0009-0000-4565-2692</contrib-id>
<name name-style="western"><surname>Smith</surname><given-names>Jacob</given-names></name>
<xref ref-type="aff" rid="aff-1"/>
<email>smithjw1@ornl.gov</email>
</contrib>
<contrib contrib-type="author">
<contrib-id contrib-id-type="orcid">https://orcid.org/0000-0003-1319-1056</contrib-id>
<name name-style="western"><surname>Linville</surname><given-names>Lisa</given-names></name>
<xref ref-type="aff" rid="aff-2"/>
<email>llinvil@sandia.gov</email>
</contrib>
</contrib-group>
<aff id="aff-1">
<institution-wrap>
<institution>Oak Ridge National Laboratory</institution>
</institution-wrap>
</aff>
<aff id="aff-2">
<institution-wrap>
<institution>Sandia National Laboratories</institution>
</institution-wrap>
</aff>
<permissions>
<ali:free_to_read/>
<license xlink:href="https://creativecommons.org/licenses/by/4.0/">
<ali:license_ref>https://creativecommons.org/licenses/by/4.0/</ali:license_ref>
<license-p>This is an open access article distributed under the terms of the <ext-link ext-link-type="uri" xlink:href="http://creativecommons.org/licenses/by/4.0/">Creative Commons Attribution License</ext-link>, which permits unrestricted use, distribution, and reproduction in any medium, provided the original author and source are credited.</license-p>
</license>
</permissions>
<abstract>
<p>Interactive visualizations are invaluable tools for building intuition and
supporting rapid exploration of datasets and models. Numerous libraries in
Python support interactivity, and workflows that combine Jupyter and
IPyWidgets in particular make it straightforward to build data analysis
tools on the fly. However, the field is missing the ability to arbitrarily
overlay widgets and plots on top of others to support more flexible
details-on-demand techniques. This work discusses some limitations of the
base IPyWidgets library, explains the benefits of IPyVuetify and how it
addresses these limitations, and finally presents a new open-source solution
that builds on IPyVuetify to provide easily integrated widget overlays in
Jupyter.</p>
</abstract>
<kwd-group>
<kwd>interactive visualization</kwd>
<kwd>UX</kwd>
<kwd>python</kwd>
<kwd>javascript</kwd>
<kwd>web development</kwd>
<kwd>custom visualizations</kwd>
</kwd-group>
</article-meta>
</front>
<body>
<sec id="sec-1">
<label>1</label>
<title>Introduction</title>
<p>As the tech industry and computation-based research continues to gravitate
toward using more and more data to solve problems, the capability to interact
with and understand that underlying data becomes increasingly important.
Development of effective visualization tools and frameworks to address this need
has turned into an ecosystem where components from different sources all work in
unison and developers can piece together what they need for their specific
goals. For many reasons, including the ease of organization and allowing
documentation, development, and analysis to all exist in the same place, Jupyter
notebooks (<xref ref-type="bibr" rid="ref-1">Kluyver <italic>et al.</italic>, 2016</xref>) have become a common platform for data science workflows,
and by extension have become the common ground where these different tools can
coexist. An important piece to this platform is the ability to interact with and
visualize data, which is crucial in many data science/analysis workflows.
Interactive visualization allows users to manipulate and explore data, which
enhances understanding, improves engagement, and often leads to a quicker
intuitive grasp of the data.</p>
<p>IPyWidgets (<xref ref-type="bibr" rid="ref-5">Jupyter Widgets, 2015</xref>), a framework for bridging between the IPython kernel
and <abbrev alt="HyperText Markup Language">HTML</abbrev> widgets within Jupyter, has been particularly influential for enabling
interactive visualization. Many libraries such as Panel
(<xref ref-type="bibr" rid="ref-22">Philipp Rudiger <italic>et al.</italic>, 2024</xref>) and Solara (<xref ref-type="bibr" rid="ref-15">Breddels, 2022</xref>)
integrate closely with IPyWidgets and thus contribute to the greater
visualization ecosystem within Python. Although a great deal of progress has
been made in this community, a missing element is a more generalized and
flexible approach to aspects of the <xref ref-type="sec" rid="sec-2">details-on-demand</xref>
paradigm. To support this approach, the authors have developed a library that
provides wrapper components that can render any widget as an overlay on top of
other widgets. These components simplify designing layouts and visualizations
that would be difficult to implement from scratch.</p>
<p>In this work, we first discuss IPyWidgets and what makes it such an important
piece of the overall system, as well as some of the limitations encountered when
building only with the base IPyWidgets framework. We then briefly cover some of
the available libraries that build on top of IPyWidgets, highlighting
IPyVuetify, which addresses most of the limitations of base IPyWidgets. Finally,
we discuss a library we have open sourced called IPyOverlay and an example
use case that motivated its design.</p>
<sec id="sec-2">
<label>1.1</label>
<title>Details on Demand</title>
<p>Details on demand is one piece of the “visual information-seeking mantra” of
Schneiderman (1996) describing an overall design approach to building
interactive tooling. The general flow of interaction proposed by this mantra is
“overview first, zoom and filter, then details-on-demand”
(<xref ref-type="bibr" rid="ref-2">Shneiderman, 1996</xref>). Overview ideally starts with broader aggregate
visualizations: something to gain a sense of the general scope, complexity, or
shape of the data. From there a user can identify areas of interest to
hone in on with whatever zoom and filter tools are applicable for their data’s
modality. Finally, details on demand means that the user can see or interact
with more in-depth and specific information for pieces of their data, often in
the form of a pop-up window or inset graph. This selective detail capability
provides a flexible user experience that keeps the initial interface uncluttered
without sacrificing the ability to organically explore the data.</p>
<p>A simple and widespread example of details on demand are tooltips. Descriptions
of components or data point values in visualizations would often create an
unusably noisy interface if they were always visible. Instead, a more concise
view is maintained while providing the necessary information in a spatially
relevant view when the user specifically requests it. Readers viewing the web
version of these proceedings can explore a simple example of details on demand
live by hovering over any of the figure references.
<xref ref-type="fig" rid="figure-1">Figure 1</xref> shows how hovering over a reference (the demand)
opens a window at the cursor that displays the target of the reference (the
details).</p>
<fig id="figure-1">
<label>Figure 1:</label>
<caption>
<p>A figure demonstrating details on demand in action when a user hovers over the figure
reference for <xref ref-type="fig" rid="figure-1">Figure 1</xref>.</p>
</caption>
<graphic mimetype="image" mime-subtype="png" xlink:href="files/detailsondemand-adfe1193987949175ac154c000f0a900.png"/>
</fig>
</sec>
</sec>
<sec id="sec-3">
<label>2</label>
<title>IPyWidgets</title>
<p>IPyWidgets is a library for implementing user interactivity inside of a
Jupyter Notebook. A key challenge this framework has to overcome is
the separation between the Python kernel and the browser-based Jupyter frontend,
which operates through <abbrev alt="HyperText Markup Language">HTML</abbrev>, <abbrev alt="Cascading Style Sheets">CSS</abbrev>, and JavaScript as a web application. Web
application development is often a challenging software engineering problem in
its own right, and many Python developers and scientists may not have either the
experience or the desire to write custom frontend code in JavaScript. IPyWidgets
addresses this problem by supporting mechanisms for automatic state
synchronization between a Python model and a JavaScript model, expanded on
below, and providing a set of predefined components that a developer
can initialize and use in their Python code. While IPyWidgets has limitations,
it is a valuable tool for the scientific Python community by allowing the
combination of two language ecosystems with many visualization libraries and
capabilities.</p>
<p>To highlight the simplicity of IPyWidgets, some minimal
examples are provided here. In the simplest UI cases, IPyWidgets allows wrapping a
function call that produces a visual output based on some set of input
parameters with <monospace>ipywidgets.interactive()</monospace>, which automatically
constructs an appropriate input widget for each parameter. In this case, the
developer need not manually initialize any Python widgets, as seen in the below
code sample <xref ref-type="custom" rid="code-1" custom-type="code">Program 1</xref> and <xref ref-type="fig" rid="figure-2">Figure 2</xref>.</p>
<boxed-text id="code-1" content-type="code">
<label>Program 1:</label>
<code language="python">import matplotlib.pyplot as plt
import numpy as np
import ipywidgets as ipw

def graph(coefficient):
    x = np.arange(0, 10, .1)
    y = np.sin(coefficient * x)
    plt.plot(x, y)

ipw.interactive(graph, coefficient=(0.1, 10.1))</code>
<caption>
<p>Minimal IPyWidget usage for a plot of a sine wave based on one parameter/coefficient. The <monospace>interactive()</monospace> call turns the passed tuple for <monospace>coefficient</monospace> into a slider widget with the range set to this tuple. See <xref ref-type="fig" rid="figure-2">Figure 2</xref> for output.</p>
</caption>
</boxed-text>
<fig id="figure-2">
<label>Figure 2:</label>
<caption>
<p>A simple IPyWidgets example using <monospace>interactive()</monospace>. Every time the slider is
moved, the <monospace>graph(coefficient)</monospace> function is called with the updated value and
regenerates/displays the new plot.</p>
</caption>
<graphic mimetype="image" mime-subtype="png" xlink:href="files/ipywidgets_example-d39968082ec182c56498c844f0392ac6.png"/>
</fig>
<p>More complex interfaces often require displaying multiple visualizations and
outputs and may have controls that must interact. Thus, in
practice a more common setup might follow a pattern shown in
<xref ref-type="custom" rid="code-2" custom-type="code">Program 2</xref>, where several user input and output widgets are
defined and placed into a layout widget. UI code is generally event driven, so
functionality is added by attaching event handlers to input widgets with
<monospace>.observe()</monospace>, which will then call the associated event functions when the user
interacts with the input widget. IPyWidget’s generic <monospace>Output</monospace> widget supports
IPython’s set of display functions, and anything that can be rendered as the
output to a Jupyter cell can be placed into a specified output widget.</p>
<boxed-text id="code-2" content-type="code">
<label>Program 2:</label>
<code language="python">import ipywidgets as ipw

# initialize the widgets
graph1_out = ipw.Output()
graph2_out = ipw.Output()

graph1_param = ipw.FloatSlider(min=0, max=10, value=1)  # a parameter only influencing graph 1
graph2_param = ipw.IntSlider(min=0, max=10, value=1)  # a parameter only influencing graph 2
both_graphs_param = ipw.IntText(value=1)  # a parameter that affects both graphs

# create the dashboard layout, combining all the widgets
dashboard = ipw.VBox([
    ipw.HBox([graph1_out, graph2_out]),
    ipw.HBox([graph1_param, both_graphs_param, graph2_param]),
])

# event handler functions
def on_graph1_param_change(change):
    with graph1_out:
        print(f"Updating graph 1 based on: graph1_param={change['new']}, {both_graphs_param.value=}")

def on_graph2_param_change(change):
    with graph2_out:
        print(f"Updating graph 2 based on: graph2_param={change['new']}, {both_graphs_param.value=}")

def on_both_graphs_param_change(change):
    with graph1_out:
        print(f"Updating graph 1 based on: {graph1_param.value=}, both_graphs_param={change['new']}")
    with graph2_out:
        print(f"Updating graph 2 based on: {graph2_param.value=}, both_graphs_param={change['new']}")

# attach event handlers
graph1_param.observe(on_graph1_param_change, names=["value"])
graph2_param.observe(on_graph2_param_change, names=["value"])
both_graphs_param.observe(on_both_graphs_param_change, names=["value"])

# render the dashboard
dashboard</code>
<caption>
<p>An example of a more typical structure for a dashboard with several inputs and outputs that might have more complicated interdependencies than can be handled with <monospace>interactive()</monospace>.</p>
</caption>
</boxed-text>
<sec id="sec-4">
<label>2.1</label>
<title>State Synchronization</title>
<p>One of the primary challenges that IPyWidgets helps solve is the problem of
state synchronization, where updates to variables made on either side of the
Python-JavaScript link are monitored and communicated across when they occur.
Based on this communication, changes to variables in Python are reflected in the
browser’s JavaScript and vice versa. Under the hood, IPyWidgets makes use of
backbone.js (<xref ref-type="bibr" rid="ref-6">Jupyter Widgets, 2024</xref>), a model-view-_ (MV_) framework for JavaScript
that implements synchronization between a JavaScript <italic>model</italic> (where
data/attributes/values for a widget are stored) and a JavaScript <italic>view</italic> (the
code that creates the visual UI elements the user sees and interacts with in
their browser). IPyWidgets connects to this backbone model via WebSockets,
through which model changes and events are sent as serialized JSON.</p>
<fig id="figure-3">
<label>Figure 3:</label>
<caption>
<p>State mirroring between models and view interaction for an example slider widget.</p>
</caption>
<graphic mimetype="image" mime-subtype="png" xlink:href="files/ipywidgets_state-47e7e128d7851e63473233a6e8f4c2cf.png"/>
</fig>
<p><xref ref-type="fig" rid="figure-3">Figure 3</xref> shows a simplified view of the communication channels
between the Python model and the JavaScript model/view for an example slider widget.
Modifying an attribute on the Python model sends the modification to the
JavaScript model, where any changes that would modify the visual aspects of the
widget are communicated to the JavaScript view (e.g., a change in the slider
value would correspondingly update the position of the slider indicator within
the track). Similarly, a user interacting with the widget (e.g., moving the
slider within the track) updates the JavaScript state, which communicates this
change to the Python model and calls any event handlers listening for
changes to the value.</p>
</sec>
<sec id="sec-5">
<label>2.2</label>
<title>Common Framework</title>
<p>One of the most important benefits of IPyWidgets is that it provides a low-level
framework abstracting away many of the specifics for how communication between a
kernel, server, and frontend takes place. This framework can be used to design
new widgets by providing implementations for the models and view code, without
needing to reinvent the various messaging system mechanisms that solve the state
synchronization problem discussed previously. All of this has allowed many libraries
to emerge, providing novel functionality, a great diversity of new types of
widgets, and other frameworks that can support rendering IPyWidgets within other
contexts.</p>
</sec>
<sec id="sec-6">
<label>2.3</label>
<title>Limitations</title>
<p>Despite the flexibility of IPyWidgets as a framework and its value as a
core-enabling technology for user interaction, we explicitly highlight some of
the limitations of using IPyWidgets as a library of components alone. These
limitations motivate the use of some of the many existing libraries that extend
and build on top of the IPyWidgets framework, as well as our own work in the
IPyOverlay implementation.</p>
<sec id="sec-7">
<label>2.3.1</label>
<title>Components</title>
<p>The set of default components included in the IPyWidgets library cover all
standard form elements such as buttons, drop-down menus, and text fields, as well as a
generic <monospace>Output</monospace> widget. The <monospace>Output</monospace> widget can render any of the MIME-types
supported by normal Jupyter cell outputs, including Markdown, images,
plots, and even raw <abbrev alt="HyperText Markup Language">HTML</abbrev>. Additionally, there are basic layout components to
stack other widgets vertically, horizontally, or via tabs, all of which can be
nested to allow grouping widgets.
Although these components are often more than sufficient for simple visualizations,
more complex interfaces with richer interaction paradigms can be hard to achieve.
Some examples of dashboard elements that cannot be created
with IPyWidgets’ default components include interactive data frames, dialog
windows, and floating buttons.</p>
</sec>
<sec id="sec-8">
<label>2.3.2</label>
<title>Events</title>
<p>Another limiting factor for creating more complex interactivity is the type of
events that can be observed on the components. UIs are inherently
event-driven; the user interacts with widgets/visualizations, and these events
run code that update the interface. This is most often
implemented by registering “observers” or event-handlers, which tells IPyWidgets to
run a specified function every time a particular event is raised. In practice,
for the default components provided by the IPyWidgets library, this is mostly limited to
value changes (e.g., a slider is moved, the text in a textbox is changed, or an
item in a drop-down menu is selected).</p>
<p>These types of events are sufficient for basic interfaces, but often more complex types of
interactions can greatly enhance the capabilities of a tool.
The ability to detect mouse events can be crucial, enabling possibilities
such as highlighting parts of a visualization when the mouse hovers over a row
in a dataframe, or running an analysis when a user has highlighted a piece of
text from a document. These types of user actions are not feasible
with the default widgets.</p>
</sec>
<sec id="sec-9">
<label>2.3.3</label>
<title>Custom Styling and Layout</title>
<p>Web pages and dashboards that need more complicated layouts than conventional
linear stacks and grids of elements generally need to use <abbrev alt="Cascading Style Sheets">CSS</abbrev> to control positioning. More
than just a mechanism for changing aesthetic and colors, <abbrev alt="Cascading Style Sheets">CSS</abbrev> provides rules
for structuring the interface. However, this often comes at the cost of greater code complexity and
excessive layers of nested elements and rule sets. IPyWidgets components have
some capability to modify their <abbrev alt="Cascading Style Sheets">CSS</abbrev> but are limited to a
subset of rules available through Python attributes. This makes common
style changes easier to work with, but the lack of any direct access to arbitrary <abbrev alt="Cascading Style Sheets">CSS</abbrev>
rules limits more complex layouts, namely the ability to float
one widget on top of another.</p>
</sec>
<sec id="sec-10">
<label>2.3.4</label>
<title>Custom IPyWidget Complexity</title>
<p>A key benefit of IPyWidgets as a framework is that it allows
developers to design, build, and publish new components that other people can
use in place of or alongside the default widgets. However, the complexity of the
infrastructure required to do this with the base IPyWidgets library still makes
it challenging to prototype or put together a one-off custom component in a
project. Several libraries we discuss in the next section have improved this
process substantially, but traditionally a custom component library was
developed by starting from a Jupyter-provided cookie-cutter template
(<xref ref-type="bibr" rid="ref-7">Jupyter Widgets, 2024</xref>) in a separate project.</p>
<p>One of the difficulties that comes with a project created in this way is the
need to include the development infrastructure of both a Python and a JavaScript
project. JavaScript toolchains and dependency management can quickly become
complicated with the number of packages, build system tools, and config files often
necessary. Prototyping the component can be a slow process as
well, requiring a rebuild on every JavaScript change. Setting up Jupyter to
use these unpublished components requires additional environment management
to work correctly.
Finally, custom widgets built through this method often require
fairly significant boilerplate code because the developer is directly in
charge of defining all pieces of the Python model, equivalent JavaScript model,
and JavaScript view.</p>
</sec>
</sec>
</sec>
<sec id="sec-11">
<label>3</label>
<title>Beyond Base IPyWidgets</title>
<p>IPyWidgets as a low-level widget framework has allowed an ecosystem of other
libraries and tools to develop on top of it, dramatically pushing the boundary
of what can be constructed and incorporated into interactive dashboards with
relative ease. From general plotting tools like interactive Matplotlib (ipympl)
(<xref ref-type="bibr" rid="ref-21">Renou <italic>et al.</italic>, 2024</xref>), plotly (<xref ref-type="bibr" rid="ref-8">Plotly, Inc., 2019</xref>), mpld3 (<xref ref-type="bibr" rid="ref-9">VanderPlas, 2013</xref>), altair
(<xref ref-type="bibr" rid="ref-10">VanderPlas <italic>et al.</italic>, 2018</xref>), and bqplot (<xref ref-type="bibr" rid="ref-11">The BQplot Project, 2015</xref>), to more complex or specialized visualization
widgets like pythreejs (<xref ref-type="bibr" rid="ref-12">Jupyter Widgets, 2024</xref>) and ipyvolume (<xref ref-type="bibr" rid="ref-23">Breddels <italic>et al.</italic>, 2018</xref>) for
3D rendering, ipyleaflet (<xref ref-type="bibr" rid="ref-13">Jupyter Widgets, 2024</xref>) for interactive maps, and ipycytoscape
(<xref ref-type="bibr" rid="ref-14">Meireles, 2020</xref>) for interactive networks, there are dozens of packages providing
specific components and bridges to JavaScript visualization libraries. Other
libraries such as Panel, Solara, and Streamlit provide more holistic
integrations between IPyWidgets and other visualization techniques,
which can support production-style dashboards for
use outside of Jupyter alone. Although these libraries address the limited component
set included with IPyWidgets, another class of Python packages exists in this ecosystem
that completely changes and improves the workflow for defining new widgets. These
workflow improvements eliminate the need for JavaScript toolchains, and in some cases, they also
provide the capabilities from various JavaScript web frameworks. A few
we briefly touch on here are AnyWidget, IPyReact, and IPyVuetify.</p>
<p>AnyWidget (<xref ref-type="bibr" rid="ref-24">Manz, 2024</xref>) is a recent library that has become
influential in the past year. New widgets can be created by simply
extending the Python <monospace>anywidget.AnyWidget</monospace> class, defining the class attributes
that are to be synced between the Python and JavaScript models using the
<monospace>traitlets</monospace> library (<xref ref-type="bibr" rid="ref-18">IPython Development Team, 2001</xref>), and providing a string of
JavaScript code that specifies the view rendering logic. Much of the JavaScript
MV* boilerplate code is abstracted away, and component development can be done without
any JavaScript project infrastructure, specialized cookie cutter, or separate
environment setup. Fundamentally, this type of approach allows even developing
widgets directly within a notebook, rather than doing so in a separate project.
AnyWidget is used in another project called IPyReact (<xref ref-type="bibr" rid="ref-16">Breddels, 2023</xref>), which brings
the ReactJS library to support component-based design and allows wrapping
many existing React components.</p>
<p>A similar library we focus on in this work that addresses all of the <xref ref-type="sec" rid="sec-6">main
limitations of IPyWidgets</xref> is IPyVuetify (<xref ref-type="bibr" rid="ref-17">Buikhuizen, 2019</xref>), which
brings many of the capabilities of Vue.js into IPyWidgets. Vue.js is a web
component framework similar to React and emphasises a component-driven design,
where a single Vue file can contain an entire component: the template <abbrev alt="HyperText Markup Language">HTML</abbrev> to
render, the <abbrev alt="Cascading Style Sheets">CSS</abbrev> to apply, and the JavaScript to provide any interactivity
and mechanisms to connect it to the rest of the application. Attributes within
the <abbrev alt="HyperText Markup Language">HTML</abbrev> can be bound to JavaScript variables, which makes it possible to easily
automate the JavaScript model <inline-formula><alternatives><mml:math display="inline"><mml:mo>→</mml:mo></mml:math><tex-math><![CDATA[\rightarrow]]></tex-math></alternatives></inline-formula> view updates. IPyVuetify brings two main
advantages: a large library of flexible premade components and the ability to
easily define new components on the fly using Vue to simplify the resulting
JavaScript code.</p>
<sec id="sec-12">
<label>3.1</label>
<title>Vuetify Component Library</title>
<p>IPyVuetify is an IPyWidgets port of the Vuetify component library, a set of more
than 70 premade material design (<xref ref-type="bibr" rid="ref-19">Google, 2014</xref>) UI widgets. Most of these components support a
fairly extensive set of attributes and properties to change both appearance and
functionality. More importantly, each IPyVuetify widget generally has multiple types of events
that can be observed. A simple example would be a textbox form input component.
In IPyWidgets, the <monospace>Text</monospace> widget can mostly only observe a value change when the
user changes the text inside. The IPyVuetify <monospace>TextField</monospace> can additionally raise
events for key presses, mouse clicks, the element gaining and losing focus, as
well as any <abbrev alt="HyperText Markup Language">HTML</abbrev> event. This level of control can be useful, for example, when a
text value change triggers a heavy processing task. The interaction is more
responsive when the computation is delayed until the field loses focus or the
user has pressed enter, rather than restarting the computation on every letter
the user adds or removes.</p>
<p>All of the default components in IPyWidgets similarly have more flexible
versions and many additional components in IPyVuetify. <xref ref-type="fig" rid="figure-4">Figure 4</xref>
shows a small sample of default IPyWidgets on the left with their corresponding
IPyVuetify versions on the right. Also pictured at the bottom is the Vuetify
DataTable, which is an example of a component that is not in the default IPyWidgets. The DataTable allows
interactivity to be added to a table supporting filtering, searching, and both client/server
side pagination. Other examples of useful UI elements IPyVuetify adds
are various layout widgets like navigation drawers, dialog windows, and
steppers.</p>
<fig id="figure-4">
<label>Figure 4:</label>
<caption>
<p>A visual comparison of a few IPyWidget components on the upper left and their corresponding
IPyVuetify components on the upper right. The table on the bottom is a
DataTable component, an example of a widget which does not have a default IPyWidgets equivalent.</p>
</caption>
<graphic mimetype="image" mime-subtype="png" xlink:href="files/ipw_ipv-be6a821036f041d8034c841662d04516.png"/>
</fig>
<p>Finally, the Python API for every IPyVuetify component includes the ability to set <abbrev alt="Cascading Style Sheets">CSS</abbrev>
class and style attributes. The former of these provides access to a long list of
predefined classes for easy and consistent control of colors, spacing, and other
attributes.
For anything not covered by these classes or separate attributes already part of the
Vuetify components, the style attribute controls the raw in-line <abbrev alt="Cascading Style Sheets">CSS</abbrev> applied to
the element.</p>
</sec>
<sec id="sec-13">
<label>3.2</label>
<title>Custom Vue Components</title>
<p>IPyVuetify provides clean abstractions and mechanisms for creating custom
components. Similar to AnyWidget, IPyVuetify allows defining a Python model
class with synced <monospace>traitlets</monospace>, all of which are automatically available within
the JavaScript code. In IPyVuetify’s case, the frontend code is expected to be a
string of Vue code or a path to a Vue file, which allows for fairly
self-contained <abbrev alt="HyperText Markup Language">HTML</abbrev>, JavaScript, and styling. The design of Vue.js lends itself
well to reducing boilerplate by allowing bindings in the <abbrev alt="HyperText Markup Language">HTML</abbrev> to directly refer
to Python attribute traitlets, removing both the need to specify the attribute
in the JavaScript model as well as the function to update the view from the
model. We discuss this further in the section on <xref ref-type="sec" rid="sec-15">implementing IPyOverlay in
IPyWidgets</xref>. <xref ref-type="custom" rid="code-3" custom-type="code">Program 3</xref> exemplifies this,
defining a custom button with a color change on toggle, where the colors can be
modified from Python as well, shown in <xref ref-type="fig" rid="figure-5">Figure 5</xref>. In this
particular example, both the <monospace>@click</monospace> event and <monospace>:color</monospace> property directly bind
to the Python attributes, and no explicit JavaScript is necessary. Finally,
IPyVuetify makes it easy to directly call functions across the
Python--JavaScript link by making any Python functions prefixed with <monospace>vue*</monospace>available within JavaScript and any JavaScript functions
prefixed with<monospace>jupyter\_</monospace> callable from Python.</p>
<boxed-text id="code-3" content-type="code">
<label>Program 3:</label>
<code language="python">import traitlets
import ipyvuetify as v

class ColoredToggleButton(v.VuetifyTemplate):
    color1 = traitlets.Unicode("var(--md-light-blue-500)").tag(sync=True)
    color2 = traitlets.Unicode("#AA6688").tag(sync=True)
    state = traitlets.Bool(True).tag(sync=True)

    @traitlets.default("template")
    def _template(self):
        return """
        &amp;lt;template&gt;
            &amp;lt;v-btn
                width="300px"
                :color="state ? color1 : color2"
                @click="state = !state"
            &gt;Press to change color!&amp;lt;/v-btn&gt;
        &amp;lt;/template&gt;
        """

button = ColoredToggleButton()

# render the button
button</code>
<caption>
<p>An example of a custom IPyVuetify component. <monospace>color1</monospace>, <monospace>color2</monospace>, and <monospace>state</monospace> are all part of the automatically synced models. We can refer to them in the Vue bindings as shown on lines 15 and 16, where line 16 is an inline event handler that modifies the <monospace>state</monospace> property when the button is clicked. Updating the traitlets on the Python model updates the referenced values in the Vue bindings, e.g. <monospace>button.color2 = "var(--md-green-600)"</monospace> changes the second color programmatically.</p>
</caption>
</boxed-text>
<fig id="figure-5">
<label>Figure 5:</label>
<caption>
<p>An instance of the <monospace>ColoredToggleButton</monospace> from <xref ref-type="custom" rid="code-3" custom-type="code">Program 3</xref>. Clicking the button switches to color2, and modifying the Python property <monospace>color2</monospace> immediately updates the button to the new second color.</p>
</caption>
<graphic mimetype="image" mime-subtype="png" xlink:href="files/ipyvuetify_example.d-9cecaf3d4d1164e324c60342bff170b2.png"/>
</fig>
</sec>
</sec>
<sec id="sec-14">
<label>4</label>
<title>IPyOverlay</title>
<p>IPyOverlay is a Python library the authors have implemented and
open-sourced<xref ref-type="fn" rid="fn-1">1</xref> that uses IPyVuetify to provide several wrapper
components for other IPyWidgets. These components add novel UI capabilities
within the IPython ecosystem designed to enable <xref ref-type="sec" rid="sec-2">details-on-demand interaction
paradigms</xref>. Namely, we implement support for rendering
widgets on top of other widgets with arbitrary and controllable positioning.
This capability enables techniques such as click-and-draggable overlay windows
containing any other widget. An example of IPyOverlay in action is shown in
<xref ref-type="fig" rid="figure-6">Figure 6</xref>. Throughout this section we will discuss an example use
case where we worked with one of the authors, a seismologist,
to construct a dashboard for exploring models trained on seismic data. This
use case led to the development of IPyOverlay as a library.</p>
<fig id="figure-6">
<label>Figure 6:</label>
<caption>
<p>A dashboard for exploring seismic station data embedded with a self-supervised
encoder model. The background layout is a Matplotlib <abbrev alt="Uniform Manifold Approximation and Projection">UMAP</abbrev> and a plotly
geographic map. Pictured are three draggable overlay (“windowed”) Matplotlib
plots (with colored bars on top) that provide additional details for
user-selected clusters found within the <abbrev alt="Uniform Manifold Approximation and Projection">UMAP</abbrev>.</p>
</caption>
<graphic mimetype="image" mime-subtype="png" xlink:href="files/overlay_figures_over-303d51d53e57ddd385fa9ee6daf138a8.png"/>
</fig>
<p>The application in this use case is a tool to assist in evaluating how a model
internally represents data from seismic events.
Determining properties about a seismic event’s source is a critical part of
analyzing and interpreting observed seismic signals, and large deep neural
networks are increasingly useful for this task. Qualitatively assessing how well
trained models perform on these types of problems, both as a model developer as
well as an end user, requires hypothesis testing that visualization can help
make substantially easier.</p>
<p>In this use case, the dashboard is constructed with IPyWidgets and IPyOverlay,
taking advantage of the techniques described in this section, to determine the
success of training a model to meet our domain-specific criteria. More
specifically, we use Barlow Twins (<xref ref-type="bibr" rid="ref-4">Zbontar <italic>et al.</italic>, 2021</xref>) as a self-supervised learning objective
to try to force a model’s learned representations to reflect source properties
rather than other observational characteristics. For example, different
geographic locations will observe slightly different signals of the same source
event based on geological differences in the paths to those locations from the
source. An ideal model would exhibit path invariance and represent these signals similarly. We use the
constructed visualization tool along with metadata (information other than the
timeseries the model was trained on, e.g. event location, depth, distance) to
understand how well the training objective succeeds in learning invariance to
the metadata attributes that are unrelated to the event source properties.
Additionally, we use the dashboard to help end users understand
how well the model generalizes to new sources and to explore uncertainty.</p>
<p>The dashboard includes a <abbrev alt="Uniform Manifold Approximation and Projection">UMAP</abbrev> (<xref ref-type="bibr" rid="ref-25">McInnes <italic>et al.</italic>, 2018</xref>) plot of signals embedded by the model under
exploration. Each datapoint is a single observed seismic signal, and these
data points are then clustered with <abbrev alt="Density-Based Spatial Clustering of Applications with Noise">DBSCAN</abbrev> (<xref ref-type="bibr" rid="ref-20">Ester <italic>et al.</italic>, 1996</xref>). Metadata attributes aggregated
by cluster can be explored by clicking within the <abbrev alt="Uniform Manifold Approximation and Projection">UMAP</abbrev> ipympl plot, which aids
in determining how much correlation exists for those attributes within that
cluster. Invariant properties would tend to show as spread out distributions,
while attributes that heavily inform a models’ embedding would tend to cause
clustering and produce narrow distributions.</p>
<sec id="sec-15">
<label>4.1</label>
<title>Implementing in IPyWidgets</title>
<p>Within base IPyWidgets, there is no straightforward way of constructing a
layout in which one widget is overlaid on top of another. Certain other libraries
have limited functionality for this within their own widget instances. For
example Matplotlib and plotly can display an axes within another axes.
Furthermore, many libraries support basic tooltips with arbitrary textual content. Others
such as IPyVuetify support certain types of limited “dialog” overlays, which can
contain inner widgets and display overtop of the rest of the webpage, but do not
support the same type of arbitrary positioning necessary for some
details-on-demand approaches.</p>
<p>This limitation seems to arise primarily from the conventional layout mechanisms
employed by many widget libraries, which consists of nesting rows and columns
(<monospace>HBox</monospace> and <monospace>VBox</monospace> from IPyWidgets) of <abbrev alt="Cascading Style Sheets">CSS</abbrev>-flexbox style layouts, or even
stricter grid layouts. 
These approaches are generally easier to design and work
with, and abstract away or entirely avoid some of the messier <abbrev alt="Cascading Style Sheets">CSS</abbrev> layout rules
required to render <abbrev alt="HyperText Markup Language">HTML</abbrev> elements that do not follow an ordered top-to-bottom/left-to-right flow.
Fundamentally, to enable overlay layouts, we implement
custom IPyWidget containers that use specific <abbrev alt="Cascading Style Sheets">CSS</abbrev> rules to control for
nonlinear layouts, namely relying on absolute positioning (by setting
<monospace>position: absolute</monospace>), and each child widget setting <monospace>left</monospace> and <monospace>top</monospace> <abbrev alt="Cascading Style Sheets">CSS</abbrev>
properties to have pixel-level control of its location relative to the parent
container. A diagram demonstrating this design principle is shown in
<xref ref-type="fig" rid="figure-7">Figure 7</xref>.</p>
<fig id="figure-7">
<label>Figure 7:</label>
<caption>
<p>Component wrappers provided by IPyOverlay (discussed in the
following section) demonstrating how the positioning works for absolutely
positioned child widgets.</p>
</caption>
<graphic mimetype="image" mime-subtype="png" xlink:href="files/IpyoverlayLayoutDesi-f6087dbbc87c75193ce6035be32a0f12.png"/>
</fig>
</sec>
<sec id="sec-16">
<label>4.2</label>
<title>Embedding IPyWidgets in IPyOverlay Containers</title>
<p>A key enabler is IPyVuetify’s ability to embed other IPyWidgets inside
of the template <abbrev alt="HyperText Markup Language">HTML</abbrev>, allowing us to construct custom layouts of one or more
child widgets, similar to <monospace>HBox</monospace> and <monospace>VBox</monospace> in IPyWidgets. In effect, we can
wrap any other widget with custom <abbrev alt="HyperText Markup Language">HTML</abbrev>, <abbrev alt="Cascading Style Sheets">CSS</abbrev>, and JavaScript. The Vue framework
is particularly well suited to concise implementation with this approach.
Vue-flavored template <abbrev alt="HyperText Markup Language">HTML</abbrev> supports binding reactive properties on attributes
(e.g., <monospace>&amp;lt;div :width="some_JS_variable_name"&gt;</monospace>), meaning we can reference any
model variables in the template syntax, and any time those attributes update,
the corresponding <abbrev alt="HyperText Markup Language">HTML</abbrev> is automatically updated without other code having to monitor and
orchestrate the JavaScript model <inline-formula><alternatives><mml:math display="inline"><mml:mo>→</mml:mo></mml:math><tex-math><![CDATA[\rightarrow]]></tex-math></alternatives></inline-formula> view update. Additionally, Vue’s
template syntax supports several programmatic control structures such as looping
(<monospace>v-for</monospace>) and conditionals (<monospace>v-if</monospace>), all of which combined allows
declaratively constructing a bound list of child widgets each wrapped in custom
<abbrev alt="HyperText Markup Language">HTML</abbrev> that reactively responds to list updates and other model property changes.
A simplified example is shown in <xref ref-type="custom" rid="code-4" custom-type="code">Program 4</xref>.</p>
<boxed-text id="code-4" content-type="code">
<label>Program 4:</label>
<code language="html">&amp;lt;template&gt;
    &amp;lt;div class="ipyoverlay-container"&gt;
        &amp;lt;!-- iterate and create a div container for every child in the python model
        (children is a list of IPyWidgets) --&gt;
        &amp;lt;div v-for="(child, index) in children"
            class="ipyoverlay-child-container"
            :style="{ left: childPosLeft[index]+'px', top: childPosTop[index]+'px' }"
        &gt;
            &amp;lt;!-- embed the IPyWidget --&gt;
            &amp;lt;jupyter-widget :widget='child' /&gt;
        &amp;lt;/div&gt;
    &amp;lt;/div&gt;
&amp;lt;/template&gt;

&amp;lt;script&gt;
module.exports = {
    data() {
        return {
            // any values in the data dictionary can be used reactively within
            // the template HTML
            childPosLeft: [],
            childPosTop: [],
        };
    },
}
&amp;lt;/script&gt;

&amp;lt;style&gt;
.ipyoverlay-container {
    display: block;
}
.ipyoverlay-child-container {
    display: block;
    position: absolute;
}
&amp;lt;/style&gt;</code>
<caption>
<p>A simplified version of the Vue template for <monospace>OverlayContainer</monospace>. The <monospace>&amp;lt;div&gt;</monospace> tag with <monospace>v-for</monospace> reactively produces a <monospace>&amp;lt;div&gt;</monospace> tag for each widget in the <monospace>children</monospace> list attribute within the Python model. Note, the style attribute is bound and references the position arrays on lines 21--22. Changing the position of each overlay widget is done by modifying the corresponding values in these arrays. We keep these arrays only on the JavaScript side to prevent undue traffic between the Python and JavaScript models from high-frequency events (e.g., mouse movements) that can cause significant lag in the interface.</p>
</caption>
</boxed-text>
<p>Our primary contribution with IPyOverlay is an <monospace>OverlayContainer</monospace> widget, which creates a
container <monospace>&amp;lt;div&gt;</monospace> tag embedding a background (nonoverlay) widget, which can
consist of a more traditional grid-like layout of nested rows/columns of other
IPyWidgets, and absolutely positioned floating <monospace>&amp;lt;div&gt;</monospace> tags for each
child widget. To support additional functionalities in any of the child
overlay widgets, such as the ability to click and drag to move them, we
provide a <monospace>WidgetWrapper</monospace> (clicking anywhere within begins the drag) and a
<monospace>DecoratedWidgetWrapper</monospace> (a bar is rendered above the widget which can be
clicked and dragged to move the entire widget.) An example is shown in
<xref ref-type="fig" rid="figure-8">Figure 8</xref>, where the background widget is an ipympl Matplotlib plot and
three <monospace>DecoratedWidgetWrapper</monospace>’s that embed additional ipympl Matplotlib plots
are floating freely above the background.</p>
<fig id="figure-8">
<label>Figure 8:</label>
<caption>
<p>Three <monospace>DecoratedWidgetWrapper</monospace> widgets, each wrapping an ipympl widget with more
in-depth plots detailing distributions of attributes within selected clusters.</p>
</caption>
<graphic mimetype="image" mime-subtype="png" xlink:href="files/overlays-dd27fe163f9dfdeed673e84bce949055.png"/>
</fig>
</sec>
<sec id="sec-17">
<label>4.3</label>
<title>Connection Lines</title>
<p>A potential concern with free-floating details-on-demand overlays is the
dissociation from the underlying data: if a user opens more than a couple
overlays that correspond to specific pieces of an underlying visualization, it
is easy to lose track of the overlay widgets and the pieces they are associated with.
In the example use case, clicking on a cluster within the <abbrev alt="Uniform Manifold Approximation and Projection">UMAP</abbrev> opens
distribution plots for data within that cluster. Because of the number of clusters,
it can be difficult to determine which distribution plot belongs to which
cluster. IPyOverlay adds the ability to render lines connecting overlay widgets
to specific pieces of the background widget (<xref ref-type="fig" rid="figure-9">Figure 9</xref>).</p>
<fig id="figure-9">
<label>Figure 9:</label>
<caption>
<p>The same detail plots as in <xref ref-type="fig" rid="figure-8">Figure 8</xref>. The overlay widgets have been dragged
further out to show the connection lines to the clusters in the <abbrev alt="Uniform Manifold Approximation and Projection">UMAP</abbrev> each is based
on.</p>
</caption>
<graphic mimetype="image" mime-subtype="png" xlink:href="files/overlays_connections-571c49c9c3c3d0f0d96cea704846ba5e.png"/>
</fig>
<p>One end point of the line is always associated with a specified overlay widget
and is automatically updated to the widget’s center whenever it is moved. The
other side of the line can be “attached” in a few different ways, including
simply specifying pixel coordinates within the background, but a significant
challenge is locations within dynamic content such as interactive plots that can
be panned and scaled. The conceptual approach to solving this for many plotting
libraries is to store the x/y data point the connection should point to, the
initial ranges of any plot axes, and current pixel boundaries of the plot within
the container. Then, listening for any events that indicate an axis range has
changed, handler functions can recalculate pixel locations based on the new
relative position of the x/y data point within the new range.</p>
<p>Unfortunately, in practice, the functions necessary to do this for different
plotting libraries can vary substantially as a result of implementation differences.
At the time of this writing, IPyOverlay only supports autoupdating connections for
dynamic content inside of ipympl (Matplotlib) and plotly plots. The authors
intend to continue expanding the set of supported visualization libraries for
this particular feature.</p>
</sec>
<sec id="sec-18">
<label>4.4</label>
<title>Context Menus</title>
<p>A common form of details-on-demand feature in UI design across most platforms is the context menu.
Generally initiated from a right-click in desktop operating systems and
applications, or tapping and holding on a mobile device, context menus provide a
localized and easy to access palette of possible commands to run at the
current location. Complex dashboards can often have many different possible
actions for the user to take, and simply displaying all of these as buttons may
overwhelm or clutter the interface. Alternately, the actions may be too component/position specific
to work well as buttons. Context menus fill this role by hiding these commands until
the user requests them by right-clicking and supporting different menus when
over different components.
Displaying a context menu similarly requires
rendering some form of widget over another -- IPyOverlay includes a
<monospace>ContextMenuArea</monospace> component that can wrap any widget within an
<monospace>OverlayContainer</monospace> and define a context menu with options and event handlers for
that specific component. In the example use case, we add a context menu to
the scatter plot to allow a user to optionally choose between displaying a
violin plot with the distributions versus the density plots (<xref ref-type="fig" rid="figure-10">Figure 10</xref>).</p>
<fig id="figure-10">
<label>Figure 10:</label>
<caption>
<p>An activated context menu providing a selection of commands, which can be
expanded well beyond the single possible action that can be taken from a left-click.</p>
</caption>
<graphic mimetype="image" mime-subtype="png" xlink:href="files/context_menu-9d11085a103357c236b6a2ccd8aa08fc.png"/>
</fig>
</sec>
<sec id="sec-19">
<label>4.5</label>
<title>Example Usage</title>
<p>A minimal code example using IPyOverlay’s containers and connection lines is
shown in <xref ref-type="custom" rid="code-5" custom-type="code">Program 5</xref>. The example renders an interactive ipympl
scatterplot of random data, and clicking on a point renders a connected overlay
window with a bar chart of additional data associated with the point. A
screenshot of this output is shown in <xref ref-type="fig" rid="figure-11">Figure 11</xref>.</p>
<boxed-text id="code-5" content-type="code">
<label>Program 5:</label>
<code language="python">import ipyoverlay as ui
import matplotlib.pyplot as plt
import numpy as np

%matplotlib widget

# make random data to plot - the first two dimensions are x and y coords
# and the latter 3 are associated data we want to see in inset plots
data = np.random.rand(100, 5)

# plot the scatter data dimensions
fig, ax = plt.subplots()
ax.scatter(x=data[:,0], y=data[:,1])

# make an IPyOverlay Container to wrap the ipympl figure to allow inset plots
container = ui.OverlayContainer(fig.canvas, height="auto", width="auto")

def on_point_click(point_index, event):
    # get the data associated with selected point
    data_point = data[point_index]
    category_bar_data = data_point[2:]

    # create bar chart for selected point
    inset_fig, inset_ax = plt.subplots(figsize=(2,2))
    inset_ax.bar(x=[0,1,2], height=category_bar_data)

    # make a floating IPyOverlay window with the plot and connect it
    # to the selected point's data location
    inset_window = ui.DecoratedWidgetWrapper(ui.display_output(inset_fig), title=str(point_index))
    container.add_child_at_mpl_point(inset_window, ax, data_point[0], data_point[1])

# attach the event handler to add the inset plot when any of the specified
# datapoints are clicked
handler = ui.mpl.event.on_mpl_point_click(ax, on_point_click, data[:,0], data[:,1], tolerance=.1)

container</code>
<caption>
<p>This snippet wraps an <monospace>ipympl</monospace> figure with an <monospace>OverlayContainer</monospace> and responds to point clicks by adding a floating <monospace>DecoratedWidgetWrapper</monospace> with an additional plot, connected to the clicked point. Note that <monospace>display_output()</monospace> is a convenience function provided by IPyOverlay that can render a static plot into a default ipywidgets <monospace>Output</monospace> widget.</p>
</caption>
</boxed-text>
<fig id="figure-11">
<label>Figure 11:</label>
<caption>
<p>An <monospace>ipympl</monospace> scatter plot of random data with two inset plots showing the
additional data associated with each clicked point in a bar chart.</p>
</caption>
<graphic mimetype="image" mime-subtype="png" xlink:href="files/ipyoverlay_example-b094a64e0a84a4f3f1eec524cc589c91.png"/>
</fig>
</sec>
</sec>
<sec id="sec-20">
<label>5</label>
<title>Conclusion</title>
<p>The prevalence and utility of Jupyter notebooks in data analysis and scientific
workflows has prompted the development of a community of tools for interactive
visualization. IPyWidgets, the backbone that
supports much of this ecosystem, provides the mechanisms for the kernel to
mediate communication between Python and JavaScript. A multitude of libraries
have built on top of these mechanisms and IPyVuetify in particular offers a
collection of well designed and flexible components to use in dashboards and a
straightforward abstraction for building custom components in projects based on
Vue.js. A missing piece of this ecosystem is the ability to flexibly render
localized pop-up windows in support of details on demand. We developed
IPyOverlay to provide this capability through wrapper components that can
arbitrarily position widgets on top of other widgets, opening the door to more
types of visualization and dashboard layouts.</p>
</sec>
<sec id="sec-21">
<label>6</label>
<title>Acknowledgements</title>
<p>Notice: This manuscript has been authored by UT-Battelle, LLC, under contract DE-AC05-00OR22725 with the US Department of Energy (<abbrev alt="Department of Energy">DOE</abbrev>). The US government retains and the publisher, by accepting the article for publication, acknowledges that the US government retains a nonexclusive, paid-up, irrevocable, worldwide license to publish or reproduce the published form of this manuscript, or allow others to do so, for US government purposes. <abbrev alt="Department of Energy">DOE</abbrev> will provide public access to these results of federally sponsored research in accordance with the <abbrev alt="Department of Energy">DOE</abbrev> Public Access Plan (<ext-link ext-link-type="uri" xlink:href="https://www.energy.gov/doe-public-access-plan">https://www.energy.gov/doe-public-access-plan</ext-link>).</p>
</sec>
</body>
<back>
<ref-list>
<ref id="ref-1">
<element-citation publication-type="paper-conference">
<article-title>Jupyter Notebooks - A Publishing Format for Reproducible Computational Workflows</article-title>
<person-group person-group-type="author">
<name><surname>Kluyver</surname><given-names>Thomas</given-names></name>
<name><surname>Ragan-Kelley</surname><given-names>Benjamin</given-names></name>
<name><surname>Pérez</surname><given-names>Fernando</given-names></name>
<name><surname>Granger</surname><given-names>Brian</given-names></name>
<name><surname>Bussonnier</surname><given-names>Matthias</given-names></name>
<name><surname>Frederic</surname><given-names>Jonathan</given-names></name>
<name><surname>Kelley</surname><given-names>Kyle</given-names></name>
<name><surname>Hamrick</surname><given-names>Jessica</given-names></name>
<name><surname>Grout</surname><given-names>Jason</given-names></name>
<name><surname>Corlay</surname><given-names>Sylvain</given-names></name>
<name><surname>Ivanov</surname><given-names>Paul</given-names></name>
<name><surname>Avila</surname><given-names>Damián</given-names></name>
<name><surname>Abdalla</surname><given-names>Safia</given-names></name>
<name><surname>Willing</surname><given-names>Carol</given-names></name>
<name><surname>Jupyter Development Team</surname></name>
</person-group><source>Positioning and Power in Academic Publishing: Players, Agents and Agendas</source><year iso-8601-date="2016">2016</year><fpage>87</fpage><lpage>90</lpage></element-citation>
</ref>
<ref id="ref-5">
<element-citation publication-type="document">
<article-title>jupyter-widgets/ipywidgets</article-title>
<person-group person-group-type="author">
<name><surname>Jupyter Widgets</surname></name>
</person-group><year iso-8601-date="2015">2015</year></element-citation>
</ref>
<ref id="ref-22">
<element-citation publication-type="document">
<article-title>holoviz/panel: Version 1.4.2</article-title>
<person-group person-group-type="author">
<name><surname>Philipp Rudiger</surname></name>
<name><surname>Marc Skov Madsen</surname></name>
<name><surname>Simon Høxbro Hansen</surname></name>
<name><surname>Maxime Liquet</surname></name>
<name><surname>Andrew</surname></name>
<name><surname>Xavier Artusi</surname></name>
<name><surname>James A. Bednar</surname></name>
<name><surname>Chris B</surname></name>
<name><surname>Jean-Luc Stevens</surname></name>
<name><surname>Demetris Roumis</surname></name>
<name><surname>Julia Signell</surname></name>
<name><surname>Christoph Deil</surname></name>
<name><surname>Mateusz Paprocki</surname></name>
<name><surname>Jon Mease</surname></name>
<name><surname>Jerry Wu</surname></name>
<name><surname>Arne</surname></name>
<name><surname>Hugues-Yanis Amanieu</surname></name>
<name><surname>thuydotm</surname></name>
<name><surname>Simon</surname></name>
<name><surname>sdc50</surname></name>
<name><surname>Luca Fabbri</surname></name>
<name><surname>kbowen</surname></name>
<name><surname>Theom</surname></name>
<name><surname>Joel Ostblom</surname></name>
<name><surname>Govinda Totla</surname></name>
<name><surname>Niko Föhr</surname></name>
<name><surname>TBym</surname></name>
<name><surname>Ray Bell</surname></name>
</person-group><year iso-8601-date="2024">2024</year><pub-id pub-id-type="doi">10.5281/ZENODO.11046027</pub-id></element-citation>
</ref>
<ref id="ref-15">
<element-citation publication-type="document">
<article-title>widgetti/solara</article-title>
<person-group person-group-type="author">
<name><surname>Breddels</surname><given-names>Maarten A.</given-names></name>
</person-group><year iso-8601-date="2022">2022</year></element-citation>
</ref>
<ref id="ref-2">
<element-citation publication-type="paper-conference">
<article-title>The eyes have it: A task by data type taxonomy for information visualizations</article-title>
<person-group person-group-type="author">
<name><surname>Shneiderman</surname><given-names>B.</given-names></name>
</person-group><source>Proceedings 1996 IEEE Symposium on Visual Languages</source><year iso-8601-date="1996">1996</year><pub-id pub-id-type="doi">10.1109/VL.1996.545307</pub-id><fpage>336</fpage><lpage>343</lpage></element-citation>
</ref>
<ref id="ref-6">
<element-citation publication-type="document">
<article-title>Low Level Widget Explanation — Jupyter Widgets 8.1.2 documentation</article-title>
<person-group person-group-type="author">
<name><surname>Jupyter Widgets</surname></name>
</person-group><year iso-8601-date="2024">2024</year></element-citation>
</ref>
<ref id="ref-7">
<element-citation publication-type="document">
<article-title>jupyter-widgets/widget-cookiecutter: A cookiecutter template for creating a custom Jupyter widget project.</article-title>
<person-group person-group-type="author">
<name><surname>Jupyter Widgets</surname></name>
</person-group><year iso-8601-date="2024">2024</year></element-citation>
</ref>
<ref id="ref-21">
<element-citation publication-type="software">
<article-title>matplotlib/ipympl: Release 0.9.4</article-title>
<person-group person-group-type="author">
<name><surname>Renou</surname><given-names>Martin</given-names></name>
<name><surname>Corlay</surname><given-names>Sylvain</given-names></name>
<name><surname>Hunt-Isaak</surname><given-names>Ian</given-names></name>
<name><surname>Silvester</surname><given-names>Steven</given-names></name>
<name><surname>Boone</surname><given-names>Kyle</given-names></name>
<name><surname>Thomas</surname><given-names>Ian</given-names></name>
<name><surname>Caswell</surname><given-names>Thomas A</given-names></name>
<name><surname>Andrade</surname><given-names>Elliott Sales</given-names></name>
<name><surname>psteegstra</surname></name>
<name><surname>Nielsen</surname><given-names>Jens Hedegaard</given-names></name>
<name><surname>Lee</surname><given-names>Antony</given-names></name>
<name><surname>Fröhlich</surname><given-names>Yvonne</given-names></name>
<name><surname>stonebig</surname></name>
<name><surname>Todd</surname></name>
<name><surname>Paine</surname><given-names>Tim</given-names></name>
<name><surname>Aarholt</surname><given-names>Thomas</given-names></name>
<name><surname>Lewis</surname><given-names>Rich</given-names></name>
<name><surname>Elson</surname><given-names>Phil</given-names></name>
<name><surname>Dunfield</surname><given-names>Nathan</given-names></name>
<name><surname>Mo-Gul</surname></name>
<name><surname>McCormick</surname><given-names>Matt</given-names></name>
<name><surname>Manickathan</surname><given-names>Lento</given-names></name>
<name><surname>Grout</surname><given-names>Jason</given-names></name>
<name><surname>Liu</surname><given-names>Guokai</given-names></name>
<name><surname>Lucas</surname><given-names>Greg</given-names></name>
<name><surname>Schmidt</surname><given-names>Fabian P.</given-names></name>
<name><surname>Sundell</surname><given-names>Erik</given-names></name>
</person-group><year iso-8601-date="2024">2024</year><pub-id pub-id-type="doi">10.5281/zenodo.10974323</pub-id></element-citation>
</ref>
<ref id="ref-8">
<element-citation publication-type="document">
<article-title>plotly/plotly.py: The interactive graphing library for Python</article-title>
<person-group person-group-type="author">
<name><surname>Plotly, Inc.</surname></name>
</person-group><year iso-8601-date="2019">2019</year></element-citation>
</ref>
<ref id="ref-9">
<element-citation publication-type="document">
<article-title>mpld3/mpld3</article-title>
<person-group person-group-type="author">
<name><surname>VanderPlas</surname><given-names>Jake</given-names></name>
</person-group><year iso-8601-date="2013">2013</year></element-citation>
</ref>
<ref id="ref-10">
<element-citation publication-type="journal">
<article-title>Altair: Interactive Statistical Visualizations for Python</article-title>
<person-group person-group-type="author">
<name><surname>VanderPlas</surname><given-names>Jacob</given-names></name>
<name><surname>Granger</surname><given-names>Brian E.</given-names></name>
<name><surname>Heer</surname><given-names>Jeffrey</given-names></name>
<name><surname>Moritz</surname><given-names>Dominik</given-names></name>
<name><surname>Wongsuphasawat</surname><given-names>Kanit</given-names></name>
<name><surname>Satyanarayan</surname><given-names>Arvind</given-names></name>
<name><surname>Lees</surname><given-names>Eitan</given-names></name>
<name><surname>Timofeev</surname><given-names>Ilia</given-names></name>
<name><surname>Welsh</surname><given-names>Ben</given-names></name>
<name><surname>Sievert</surname><given-names>Scott</given-names></name>
</person-group><source>Journal of Open Source Software</source><year iso-8601-date="2018">2018</year><pub-id pub-id-type="doi">10.21105/joss.01057</pub-id><volume>3</volume><issue>32</issue><fpage>1057</fpage>
<issn>2475-9066</issn>
</element-citation>
</ref>
<ref id="ref-11">
<element-citation publication-type="document">
<article-title>bqplot/bqplot</article-title>
<person-group person-group-type="author">
<name><surname>The BQplot Project</surname></name>
</person-group><year iso-8601-date="2015">2015</year></element-citation>
</ref>
<ref id="ref-12">
<element-citation publication-type="document">
<article-title>jupyter-widgets/pythreejs</article-title>
<person-group person-group-type="author">
<name><surname>Jupyter Widgets</surname></name>
</person-group><year iso-8601-date="2024">2024</year></element-citation>
</ref>
<ref id="ref-23">
<element-citation publication-type="document">
<article-title>maartenbreddels/ipyvolume: ipyvolume v0.4.5</article-title>
<person-group person-group-type="author">
<name><surname>Breddels</surname><given-names>Maarten</given-names></name>
<name><surname>Jeammimi</surname></name>
<name><surname>Sewell</surname><given-names>Chris</given-names></name>
<name><surname>Satrajit Ghosh</surname></name>
<name><surname>Holdgraf</surname><given-names>Chris</given-names></name>
<name><surname>XavArtley</surname></name>
<name><surname>Stonebig</surname></name>
<name><surname>Mpu-Creare</surname></name>
<name><surname>WANG Aiyong</surname></name>
<name><surname>F</surname><given-names>Timo</given-names></name>
<name><surname>Badger</surname><given-names>The Gitter</given-names></name>
<name><surname>Corlay</surname><given-names>Sylvain</given-names></name>
<name><surname>Kozynets</surname><given-names>Oleh</given-names></name>
<name><surname>McCormick</surname><given-names>Matt</given-names></name>
<name><surname>, Mathieu</surname></name>
<name><surname>Jean-Rémi KING</surname></name>
<name><surname>Leng</surname><given-names>Jackie</given-names></name>
<name><surname>Larson</surname><given-names>Eric</given-names></name>
</person-group><year iso-8601-date="2018">2018</year><pub-id pub-id-type="doi">10.5281/ZENODO.1286976</pub-id></element-citation>
</ref>
<ref id="ref-13">
<element-citation publication-type="document">
<article-title>jupyter-widgets/ipyleaflet</article-title>
<person-group person-group-type="author">
<name><surname>Jupyter Widgets</surname></name>
</person-group><year iso-8601-date="2024">2024</year></element-citation>
</ref>
<ref id="ref-14">
<element-citation publication-type="document">
<article-title>cytoscape/ipycytoscape</article-title>
<person-group person-group-type="author">
<name><surname>Meireles</surname><given-names>Mariana</given-names></name>
</person-group><year iso-8601-date="2020">2020</year></element-citation>
</ref>
<ref id="ref-24">
<element-citation publication-type="document">
<article-title>anywidget</article-title>
<person-group person-group-type="author">
<name><surname>Manz</surname><given-names>Trevor</given-names></name>
</person-group><year iso-8601-date="2024">2024</year><pub-id pub-id-type="doi">10.5281/ZENODO.11182005</pub-id></element-citation>
</ref>
<ref id="ref-18">
<element-citation publication-type="document">
<article-title>ipython/traitlets</article-title>
<person-group person-group-type="author">
<name><surname>IPython Development Team</surname></name>
</person-group><year iso-8601-date="2001">2001</year></element-citation>
</ref>
<ref id="ref-16">
<element-citation publication-type="document">
<article-title>widgetti/ipyreact</article-title>
<person-group person-group-type="author">
<name><surname>Breddels</surname><given-names>Maarten A.</given-names></name>
</person-group><year iso-8601-date="2023">2023</year></element-citation>
</ref>
<ref id="ref-17">
<element-citation publication-type="document">
<article-title>widgetti/ipyvuetify: Jupyter widgets based on vuetify UI components</article-title>
<person-group person-group-type="author">
<name><surname>Buikhuizen</surname><given-names>Mario</given-names></name>
</person-group><year iso-8601-date="2019">2019</year></element-citation>
</ref>
<ref id="ref-19">
<element-citation publication-type="document">
<article-title>Material Design</article-title>
<person-group person-group-type="author">
<name><surname>Google</surname></name>
</person-group><year iso-8601-date="2014">2014</year></element-citation>
</ref>
<ref id="ref-4">
<element-citation publication-type="paper-conference">
<article-title>Barlow Twins: Self-supervised learning via redundancy reduction</article-title>
<person-group person-group-type="author">
<name><surname>Zbontar</surname><given-names>Jure</given-names></name>
<name><surname>Jing</surname><given-names>Li</given-names></name>
<name><surname>Misra</surname><given-names>Ishan</given-names></name>
<name><surname>LeCun</surname><given-names>Yann</given-names></name>
<name><surname>Deny</surname><given-names>Stephane</given-names></name>
</person-group><source>Proceedings of the 38th International Conference on Machine Learning</source><year iso-8601-date="2021">2021</year><fpage>12310</fpage><lpage>12320</lpage></element-citation>
</ref>
<ref id="ref-25">
<element-citation publication-type="document">
<article-title>UMAP: Uniform Manifold Approximation and Projection for Dimension Reduction</article-title>
<person-group person-group-type="author">
<name><surname>McInnes</surname><given-names>Leland</given-names></name>
<name><surname>Healy</surname><given-names>John</given-names></name>
<name><surname>Melville</surname><given-names>James</given-names></name>
</person-group><year iso-8601-date="2018">2018</year><pub-id pub-id-type="doi">10.48550/ARXIV.1802.03426</pub-id></element-citation>
</ref>
<ref id="ref-20">
<element-citation publication-type="paper-conference">
<article-title>A Density-Based Algorithm for Discovering Clusters in Large Spatial Databases with Noise</article-title>
<person-group person-group-type="author">
<name><surname>Ester</surname><given-names>Martin</given-names></name>
<name><surname>Kriegel</surname><given-names>Hans-Peter</given-names></name>
<name><surname>Sander</surname><given-names>Jörg</given-names></name>
<name><surname>Xu</surname><given-names>Xiaowei</given-names></name>
</person-group><source>Knowledge Discovery and Data Mining</source><year iso-8601-date="1996">1996</year></element-citation>
</ref>
</ref-list>
<fn-group><fn id="fn-1">
<label>1</label>
<p><ext-link ext-link-type="uri" xlink:href="https://github.com/ORNL/ipyoverlay">https://github.com/ORNL/ipyoverlay</ext-link></p>
</fn></fn-group>
</back>
</article>
