<?xml version="1.0" encoding="UTF-8"?>
<!DOCTYPE article PUBLIC "-//NLM//DTD JATS (Z39.96) Journal Archiving and Interchange DTD with MathML3 v1.3 20210610//EN" "http://jats.nlm.nih.gov/publishing/1.3/JATS-archivearticle1-3-mathml3.dtd">
<article xmlns:mml="http://www.w3.org/1998/Math/MathML" xmlns:xlink="http://www.w3.org/1999/xlink" xmlns:xsi="http://www.w3.org/2001/XMLSchema-instance" xmlns:ali="http://www.niso.org/schemas/ali/1.0/" dtd-version="1.3" xml:lang="en" id="main">
<front>
<article-meta>
<article-id pub-id-type="doi">10.25080/KMXN4784</article-id>
<title-group>
<article-title>How the Scientific Python ecosystem helps answer fundamental questions of the Universe</article-title>
<alt-title alt-title-type="running-head">Scientific Python helps answer fundamental questions of the Universe</alt-title>
</title-group>
<contrib-group>
<contrib contrib-type="author" corresp="yes">
<contrib-id contrib-id-type="orcid">https://orcid.org/0000-0003-4124-7862</contrib-id>
<name name-style="western"><surname>Feickert</surname><given-names>Matthew</given-names></name>
<xref ref-type="aff" rid="aff-1"/>
<email>matthew.feickert@cern.ch</email>
</contrib>
<contrib contrib-type="author">
<contrib-id contrib-id-type="orcid">https://orcid.org/0000-0003-0047-2908</contrib-id>
<name name-style="western"><surname>Hartmann</surname><given-names>Nikolai</given-names></name>
<xref ref-type="aff" rid="aff-2"/>
<email>nikolai.hartmann@cern.ch</email>
</contrib>
<contrib contrib-type="author">
<contrib-id contrib-id-type="orcid">https://orcid.org/0000-0002-4048-7584</contrib-id>
<name name-style="western"><surname>Heinrich</surname><given-names>Lukas</given-names></name>
<xref ref-type="aff" rid="aff-3"/>
<email>lukas.heinrich@cern.ch</email>
</contrib>
<contrib contrib-type="author">
<contrib-id contrib-id-type="orcid">https://orcid.org/0000-0002-8924-5885</contrib-id>
<name name-style="western"><surname>Held</surname><given-names>Alexander</given-names></name>
<xref ref-type="aff" rid="aff-1"/>
<email>alexander.held@cern.ch</email>
</contrib>
<contrib contrib-type="author">
<contrib-id contrib-id-type="orcid">https://orcid.org/0000-0001-6568-2047</contrib-id>
<name name-style="western"><surname>Kourlitis</surname><given-names>Vangelis</given-names></name>
<xref ref-type="aff" rid="aff-3"/>
<email>evangelos.kourlitis@cern.ch</email>
</contrib>
<contrib contrib-type="author">
<name name-style="western"><surname>Krumnack</surname><given-names>Nils</given-names></name>
<xref ref-type="aff" rid="aff-4"/>
<email>nils.erik.krumnack@cern.ch</email>
</contrib>
<contrib contrib-type="author">
<contrib-id contrib-id-type="orcid">https://orcid.org/0000-0001-6616-3433</contrib-id>
<name name-style="western"><surname>Stark</surname><given-names>Giordon</given-names></name>
<xref ref-type="aff" rid="aff-5"/>
<email>kratsg@gmail.com</email>
</contrib>
<contrib contrib-type="author">
<contrib-id contrib-id-type="orcid">https://orcid.org/0000-0003-2281-3822</contrib-id>
<name name-style="western"><surname>Vigl</surname><given-names>Matthias</given-names></name>
<xref ref-type="aff" rid="aff-3"/>
<email>matthias.vigl@cern.ch</email>
</contrib>
<contrib contrib-type="author">
<contrib-id contrib-id-type="orcid">https://orcid.org/0000-0002-0753-7308</contrib-id>
<name name-style="western"><surname>Watts</surname><given-names>Gordon</given-names></name>
<xref ref-type="aff" rid="aff-6"/>
<email>gwatts@uw.edu</email>
</contrib>
</contrib-group>
<aff id="aff-1">
<institution-wrap>
<institution>University of Wisconsin--Madison</institution>
</institution-wrap>
</aff>
<aff id="aff-2">
<institution-wrap>
<institution>Ludwig Maximilians Universitat</institution>
</institution-wrap>
</aff>
<aff id="aff-3">
<institution-wrap>
<institution>Technical University of Munich</institution>
</institution-wrap>
</aff>
<aff id="aff-4">
<institution-wrap>
<institution>Iowa State University</institution>
</institution-wrap>
</aff>
<aff id="aff-5">
<institution-wrap>
<institution>Santa Cruz Institute for Particle Physics</institution>
</institution-wrap>
</aff>
<aff id="aff-6">
<institution-wrap>
<institution>University of Washington</institution>
</institution-wrap>
</aff>
<permissions>
<ali:free_to_read/>
<license xlink:href="https://creativecommons.org/licenses/by/4.0/">
<ali:license_ref>https://creativecommons.org/licenses/by/4.0/</ali:license_ref>
<license-p>This is an open access article distributed under the terms of the <ext-link ext-link-type="uri" xlink:href="http://creativecommons.org/licenses/by/4.0/">Creative Commons Attribution License</ext-link>, which permits unrestricted use, distribution, and reproduction in any medium, provided the original author and source are credited.</license-p>
</license>
</permissions>
<abstract>
<p>The ATLAS experiment at CERN explores vast amounts of physics data to answer the most fundamental questions of the Universe.
The prevalence of Python in scientific computing motivated ATLAS to adopt it for its data analysis workflows while enhancing users’ experience.
This paper will describe to a broad audience how a large scientific collaboration leverages the power of the Scientific Python ecosystem to tackle domain-specific challenges and advance our understanding of the Cosmos.
Through a simplified example of the renowned Higgs boson discovery, attendees will gain insights into the utilization of Python libraries to discriminate a signal in immersive noise, through tasks such as data cleaning, feature engineering, statistical interpretation and visualization at scale.</p>
</abstract>
<kwd-group>
<kwd>ATLAS</kwd>
<kwd>particle physics</kwd>
<kwd>Scikit-HEP</kwd>
</kwd-group>
</article-meta>
</front>
<body>
<p/>
</body>
<back>
<ack>
<p>Matthew Feickert, Alexander Held, and Gordon Watts are supported by the U.S. National Science Foundation (<abbrev alt="National Science Foundation">NSF</abbrev>) under Cooperative Agreement OAC-1836650 and PHY-2323298 (<abbrev alt="Institute for Research and Innovation in Software for High Energy Physics">IRIS-HEP</abbrev>).
Lukas Heinrich and Vangelis Kourlitis are supported by the Excellence Cluster ORIGINS, which is funded by the Deutsche Forschungsgemeinschaft (DFG, German Research Foundation) under Germany’s Excellence Strategy - EXC-2094-390783311 and by the German Federal Ministry of Education and Research Project 05H2021 (ErUM-FSP T02) - “Run 3 von ATLAS am <abbrev alt="Large Hadron Collider">LHC</abbrev>: Analysis Infrastructure for the ATLAS Detektor at the <abbrev alt="Large Hadron Collider">LHC</abbrev>”.</p>
</ack>
</back>
</article>
