<?xml version="1.0" encoding="UTF-8"?>
<!DOCTYPE manifest PUBLIC "-//MECA//DTD Manifest v1.0//en" "https://meca.zip/manifest-1.0.dtd">
<manifest manifest-version="1" xmlns="https://manuscriptexchange.org/schema/manifest" xmlns:xlink="http://www.w3.org/1999/xlink">
  <item item-type="article-metadata">
    <instance media-type="application/xml" xlink:href="jats.xml"/>
  </item>
  <item item-type="article-supporting-file">
    <instance media-type="image/svg+xml" xlink:href="files/dev-after-afm-02-524cfd02a48e31c00626dad94d58b9b7.svg"/>
  </item>
  <item item-type="article-supporting-file">
    <instance media-type="image/svg+xml" xlink:href="files/dev-before-afm-01-f731dad92eb17e5f356363f62e747ca5.svg"/>
  </item>
  <item item-type="article-supporting-file">
    <instance media-type="image/png" xlink:href="files/widget-lifecycle-9e8494260aad59c0da77dad903248f71.png"/>
  </item>
  <item item-type="article-supporting-file">
    <instance media-type="image/png" xlink:href="files/widgetstats-58f8e4d9f0b56fc30dcf20754a7db3b7.png"/>
  </item>
  <item item-type="article-source">
    <instance media-type="text/yaml" xlink:href="bundle/myst.yml"/>
  </item>
  <item item-type="article-source">
    <instance media-type="text/markdown" xlink:href="bundle/main.md"/>
  </item>
  <item item-type="article-source">
    <instance media-type="image/png" xlink:href="bundle/widget-lifecycle.png"/>
  </item>
  <item item-type="article-source">
    <instance media-type="image/svg+xml" xlink:href="bundle/dev-before-afm-01.svg"/>
  </item>
  <item item-type="article-source">
    <instance media-type="image/svg+xml" xlink:href="bundle/dev-after-afm-02.svg"/>
  </item>
  <item item-type="article-source">
    <instance media-type="image/png" xlink:href="bundle/widgetstats.png"/>
  </item>
  <item item-type="article-source">
    <instance media-type="application/x-bibtex" xlink:href="bundle/mybib.bib"/>
  </item>
  <item item-type="article-source-directory">
    <instance media-type="application/x-directory" xlink:href="bundle/"/>
  </item>
</manifest>