<?xml version="1.0" encoding="UTF-8"?>
<!DOCTYPE manifest PUBLIC "-//MECA//DTD Manifest v1.0//en" "https://meca.zip/manifest-1.0.dtd">
<manifest manifest-version="1" xmlns="https://manuscriptexchange.org/schema/manifest" xmlns:xlink="http://www.w3.org/1999/xlink">
  <item item-type="article-metadata">
    <instance media-type="application/xml" xlink:href="jats.xml"/>
  </item>
  <item item-type="article-supporting-file">
    <instance media-type="image/jpeg" xlink:href="files/gsvs_hierclus_cmap-70b59b271ae50a489c2070e7e594b0ba.jpg"/>
  </item>
  <item item-type="article-supporting-file">
    <instance media-type="image/png" xlink:href="files/lgbm_bank_marketing_-1a3d1f8feb8071e4ddb96d9200d2fcd8.png"/>
  </item>
  <item item-type="article-supporting-file">
    <instance media-type="image/png" xlink:href="files/lgbm_census_income_f-16ae5203dcacb818ded4f175f4bed3eb.png"/>
  </item>
  <item item-type="article-supporting-file">
    <instance media-type="image/png" xlink:href="files/lgbm_statlog_shuttle-c4397f6a560a958b6f1deba69fbd23f6.png"/>
  </item>
  <item item-type="article-supporting-file">
    <instance media-type="image/png" xlink:href="files/rf_bank_marketing_fe-9f2de515c045de26605c07e70e32c275.png"/>
  </item>
  <item item-type="article-supporting-file">
    <instance media-type="image/png" xlink:href="files/rf_census_income_fea-6964193d6c9900976a0625dfeca0ccde.png"/>
  </item>
  <item item-type="article-supporting-file">
    <instance media-type="image/png" xlink:href="files/rf_statlog_shuttle_f-33aa961d43b6d1b7cbdc4b34fd161bea.png"/>
  </item>
  <item item-type="article-supporting-file">
    <instance media-type="image/png" xlink:href="files/svm_bank_marketing_f-d35c8a291e2a5cbfb878c2a2c1ca872a.png"/>
  </item>
  <item item-type="article-supporting-file">
    <instance media-type="image/png" xlink:href="files/svm_census_income_fe-6fe3a831cfeebe728041513511c52d86.png"/>
  </item>
  <item item-type="article-supporting-file">
    <instance media-type="image/png" xlink:href="files/svm_statlog_shuttle_-a6b106e0e92eb88d4cb2f92984199367.png"/>
  </item>
  <item item-type="article-supporting-file">
    <instance media-type="image/png" xlink:href="files/time_plot-74449afc008b5173282ecb6f9c4105cf.png"/>
  </item>
  <item item-type="article-source">
    <instance media-type="text/yaml" xlink:href="bundle/myst.yml"/>
  </item>
  <item item-type="article-source">
    <instance media-type="text/markdown" xlink:href="bundle/main.md"/>
  </item>
  <item item-type="article-source">
    <instance media-type="image/jpeg" xlink:href="bundle/images/gsvs_hierclus_cmap.jpg"/>
  </item>
  <item item-type="article-source">
    <instance media-type="image/png" xlink:href="bundle/images/time_plot.png"/>
  </item>
  <item item-type="article-source">
    <instance media-type="image/png" xlink:href="bundle/images/lgbm_census_income_feature_1.png"/>
  </item>
  <item item-type="article-source">
    <instance media-type="image/png" xlink:href="bundle/images/rf_census_income_feature_1.png"/>
  </item>
  <item item-type="article-source">
    <instance media-type="image/png" xlink:href="bundle/images/svm_census_income_feature_1.png"/>
  </item>
  <item item-type="article-source">
    <instance media-type="image/png" xlink:href="bundle/images/lgbm_bank_marketing_feature_3.png"/>
  </item>
  <item item-type="article-source">
    <instance media-type="image/png" xlink:href="bundle/images/rf_bank_marketing_feature_3.png"/>
  </item>
  <item item-type="article-source">
    <instance media-type="image/png" xlink:href="bundle/images/svm_bank_marketing_feature_3.png"/>
  </item>
  <item item-type="article-source">
    <instance media-type="image/png" xlink:href="bundle/images/lgbm_statlog_shuttle_feature_0.png"/>
  </item>
  <item item-type="article-source">
    <instance media-type="image/png" xlink:href="bundle/images/rf_statlog_shuttle_feature_0.png"/>
  </item>
  <item item-type="article-source">
    <instance media-type="image/png" xlink:href="bundle/images/svm_statlog_shuttle_feature_0.png"/>
  </item>
  <item item-type="article-source">
    <instance media-type="application/x-bibtex" xlink:href="bundle/mybib.bib"/>
  </item>
  <item item-type="article-source-directory">
    <instance media-type="application/x-directory" xlink:href="bundle/"/>
  </item>
</manifest>